-- MySQL dump 10.13  Distrib 5.5.25a, for Win32 (x86)
--
-- Host: localhost    Database: ssp
-- ------------------------------------------------------
-- Server version	5.5.25a

/*!40101 SET @OLD_CHARACTER_SET_CLIENT=@@CHARACTER_SET_CLIENT */;
/*!40101 SET @OLD_CHARACTER_SET_RESULTS=@@CHARACTER_SET_RESULTS */;
/*!40101 SET @OLD_COLLATION_CONNECTION=@@COLLATION_CONNECTION */;
/*!40101 SET NAMES utf8 */;
/*!40103 SET @OLD_TIME_ZONE=@@TIME_ZONE */;
/*!40103 SET TIME_ZONE='+00:00' */;
/*!40014 SET @OLD_UNIQUE_CHECKS=@@UNIQUE_CHECKS, UNIQUE_CHECKS=0 */;
/*!40014 SET @OLD_FOREIGN_KEY_CHECKS=@@FOREIGN_KEY_CHECKS, FOREIGN_KEY_CHECKS=0 */;
/*!40101 SET @OLD_SQL_MODE=@@SQL_MODE, SQL_MODE='NO_AUTO_VALUE_ON_ZERO' */;
/*!40111 SET @OLD_SQL_NOTES=@@SQL_NOTES, SQL_NOTES=0 */;

--
-- Current Database: `ssp`
--

CREATE DATABASE /*!32312 IF NOT EXISTS*/ `ssp` /*!40100 DEFAULT CHARACTER SET latin1 */;

USE `ssp`;

--
-- Table structure for table `alteracion`
--

DROP TABLE IF EXISTS `alteracion`;
/*!40101 SET @saved_cs_client     = @@character_set_client */;
/*!40101 SET character_set_client = utf8 */;
CREATE TABLE `alteracion` (
  `IdAlteracion` int(10) unsigned NOT NULL AUTO_INCREMENT,
  `IdContrato` int(10) unsigned NOT NULL,
  `Fecha` date NOT NULL,
  `NormaLegalAprobacion` varchar(10) COLLATE utf8_spanish_ci NOT NULL,
  `AdicionalDeductivo` int(1) unsigned NOT NULL,
  `Importe` decimal(14,2) NOT NULL,
  PRIMARY KEY (`IdAlteracion`),
  KEY `fk_alteracion_contrato` (`IdContrato`),
  CONSTRAINT `fk_alteracion_contrato` FOREIGN KEY (`IdContrato`) REFERENCES `contrato` (`IdContrato`) ON DELETE NO ACTION ON UPDATE NO ACTION
) ENGINE=InnoDB AUTO_INCREMENT=42 DEFAULT CHARSET=utf8 COLLATE=utf8_spanish_ci;
/*!40101 SET character_set_client = @saved_cs_client */;

--
-- Dumping data for table `alteracion`
--

LOCK TABLES `alteracion` WRITE;
/*!40000 ALTER TABLE `alteracion` DISABLE KEYS */;
INSERT INTO `alteracion` VALUES (1,1,'2011-10-06','444/11',0,21780.00),(2,13,'2013-06-07','145/13',0,1266460.87),(3,29,'2011-09-08','',1,82416.22),(4,32,'2012-12-27','882/12',0,75951.44),(5,37,'2011-11-29','',1,1398.65),(6,39,'2009-06-05','',0,36694.07),(7,40,'2013-05-10','203/13',0,273246.87),(8,42,'2012-10-26','',0,3130729.94),(9,46,'2011-06-09','',0,141700.50),(10,47,'2013-01-16','867/12',0,45863.53),(11,53,'2012-07-29','291/13',0,188694.47),(12,57,'2012-10-16','119/13',0,137511.00),(13,64,'2011-09-09','',0,35909.76),(14,65,'2012-06-14','259/12',0,66137.10),(15,71,'2013-03-13','',0,135427.50),(16,107,'2007-11-30','0999/07',0,325259.67),(17,108,'2009-09-15','0850/09',0,2962146.79),(18,109,'2008-04-07','0350/08',0,137.54),(19,110,'2010-01-15','0030/10',0,105821.60),(20,111,'2012-12-29','0925/08',0,420027.52),(21,112,'2012-12-29','0744/13',0,100280.95),(22,113,'2013-02-06','0047/13',0,55244.00),(23,115,'2013-02-04','0018/13',1,5657.00),(24,107,'2008-05-30','0136/08',0,1209615.58),(25,108,'2010-05-17','0432/10',0,2077716.41),(26,109,'2009-03-24','0356/09',0,872915.71),(27,110,'2010-07-21','0690/10',0,2468741.85),(28,111,'2010-12-27','1328/10',0,159511.73),(29,112,'2013-07-05','0531/13',1,269819.44),(30,113,'2013-03-14','0156/13',0,0.00),(31,115,'2013-02-04','0021/13',0,8341.40),(32,107,'2008-09-18','0557/08',0,5662928.11),(33,108,'2010-11-30','1230/10',0,1417204.46),(34,109,'2010-07-07','0634/10',0,119690.72),(35,110,'2011-04-29','0495/11',0,408088.37),(36,107,'2009-07-21','0675/09',0,270757.00),(37,109,'2012-03-01','0128/12',0,57705.00),(38,110,'2013-02-06','0044/13',0,54337.57),(39,107,'2011-09-07','0964/11',1,47010.00),(40,110,'2013-08-06','0623/13',0,1389749.02),(41,107,'2012-08-06','0578/12',0,1937.80);
/*!40000 ALTER TABLE `alteracion` ENABLE KEYS */;
UNLOCK TABLES;

--
-- Table structure for table `certificacion`
--

DROP TABLE IF EXISTS `certificacion`;
/*!40101 SET @saved_cs_client     = @@character_set_client */;
/*!40101 SET character_set_client = utf8 */;
CREATE TABLE `certificacion` (
  `IdCertificacion` int(10) unsigned NOT NULL AUTO_INCREMENT,
  `IdContrato` int(10) unsigned NOT NULL,
  `Periodo` varchar(6) COLLATE utf8_spanish_ci NOT NULL,
  `NroCertificado` int(3) unsigned NOT NULL,
  `PorcentajeAvance` decimal(8,5) unsigned NOT NULL,
  `MontoAvance` decimal(14,2) unsigned NOT NULL,
  `AnticipoFinanciero` decimal(14,2) unsigned DEFAULT NULL,
  `DescuentoAnticipo` decimal(14,2) unsigned DEFAULT NULL,
  `ImporteNeto` decimal(14,2) NOT NULL,
  `FechaVtoPago` date NOT NULL,
  `RetencionMulta` decimal(14,2) DEFAULT NULL,
  `OtrosConceptos` decimal(14,2) DEFAULT NULL,
  `ManoObraOcupada` int(5) unsigned DEFAULT NULL,
  PRIMARY KEY (`IdCertificacion`),
  KEY `fk_certificacion_contrato` (`IdContrato`),
  CONSTRAINT `fk_certificacion_contrato` FOREIGN KEY (`IdContrato`) REFERENCES `contrato` (`IdContrato`) ON DELETE NO ACTION ON UPDATE NO ACTION
) ENGINE=InnoDB AUTO_INCREMENT=454 DEFAULT CHARSET=utf8 COLLATE=utf8_spanish_ci;
/*!40101 SET character_set_client = @saved_cs_client */;

--
-- Dumping data for table `certificacion`
--

LOCK TABLES `certificacion` WRITE;
/*!40000 ALTER TABLE `certificacion` DISABLE KEYS */;
INSERT INTO `certificacion` VALUES (1,1,'201101',1,22.97000,50600.31,0.00,0.00,48070.29,'2011-10-13',0.00,2530.02,4),(2,1,'201102',2,3.83000,8433.35,0.00,0.00,4186.65,'2011-10-13',3825.03,421.67,4),(3,1,'201103',3,3.83000,8433.35,0.00,0.00,11836.71,'2013-10-31',-3825.03,421.67,4),(4,1,'201104',4,11.49000,25300.03,0.00,0.00,24035.03,'2013-10-31',0.00,1265.00,6),(5,2,'201306',2,100.00000,66843.57,0.00,0.00,63501.39,'2013-10-31',0.00,3342.18,NULL),(6,2,'201307',1,55.62000,120909.79,0.00,0.00,114864.30,'2013-10-31',0.00,6045.49,NULL),(7,5,'201306',1,100.00000,26810.20,0.00,0.00,26810.20,'2013-10-31',0.00,0.00,NULL),(8,5,'201306',2,100.00000,13163.08,0.00,0.00,13163.08,'2013-10-31',0.00,0.00,NULL),(9,5,'201306',3,100.00000,5151.53,0.00,0.00,5151.53,'2013-10-31',0.00,0.00,NULL),(10,6,'201112',1,1.83000,21390.14,0.00,0.00,20320.63,'2012-03-29',0.00,1069.51,4),(11,6,'201201',2,0.00000,0.00,0.00,0.00,-699.94,'2012-06-27',699.94,0.00,4),(12,6,'201202',3,5.50000,64170.41,0.00,0.00,61661.83,'2012-06-27',0.00,2508.58,4),(13,6,'201203',4,0.00000,0.00,0.00,0.00,0.00,'2013-10-31',0.00,0.00,4),(14,6,'201204',5,1.48000,17230.94,0.00,0.00,16147.17,'2013-10-31',222.22,861.55,4),(15,6,'201205',6,2.34000,27331.84,0.00,0.00,7557.85,'2013-10-31',18538.12,1235.87,4),(16,6,'201206',7,2.70000,31491.04,0.00,0.00,26442.97,'2013-10-31',3565.02,1483.05,4),(17,6,'201207',8,2.65000,30896.87,0.00,0.00,29352.03,'2013-10-31',0.00,1544.84,4),(18,6,'201208',9,2.39000,27926.01,0.00,0.00,26529.71,'2013-10-31',0.00,1396.30,4),(19,6,'201209',10,1.12000,13071.75,0.00,0.00,12418.16,'2013-10-31',0.00,653.59,4),(20,6,'201210',11,1.45000,16874.44,0.00,0.00,16030.72,'2013-10-31',0.00,843.72,4),(21,6,'201211',12,0.51000,5941.71,0.00,0.00,5261.97,'2013-10-31',382.65,297.09,4),(22,6,'201212',13,1.63000,19013.46,0.00,0.00,17879.79,'2013-10-31',183.00,950.67,4),(23,6,'201301',14,0.00000,0.00,0.00,0.00,-626.26,'2013-10-31',626.26,0.00,4),(24,6,'201302',15,0.00000,0.00,0.00,0.00,-565.65,'2013-10-31',565.65,0.00,4),(25,6,'201303',16,1.53000,17825.12,0.00,0.00,16481.10,'2013-10-31',452.76,891.26,4),(26,6,'201304',17,0.88000,10219.73,0.00,0.00,9801.44,'2013-10-31',0.00,418.29,4),(27,6,'201305',18,0.76000,8912.56,0.00,0.00,6128.27,'2013-10-31',2338.66,445.63,4),(28,6,'201306',19,0.00000,0.00,0.00,0.00,-4278.02,'2013-10-31',4278.02,0.00,4),(29,6,'201307',20,0.00000,0.00,0.00,0.00,-4518.08,'2013-10-31',4518.08,0.00,4),(30,6,'201308',21,0.00000,0.00,0.00,0.00,-6791.37,'2013-10-31',6791.37,0.00,4),(31,7,'201109',1,2.30000,51244.09,0.00,0.00,48681.89,'2012-02-10',NULL,2562.20,3),(32,7,'201110',2,2.08000,46176.00,0.00,0.00,43867.20,'2012-02-10',NULL,2308.80,3),(33,7,'201111',3,2.38000,52933.46,0.00,0.00,50286.79,'2012-02-10',NULL,2646.67,3),(34,7,'201112',4,1.52000,33787.31,0.00,0.00,32097.94,'2012-03-14',NULL,1689.37,3),(35,7,'201201',5,2.08000,46176.00,0.00,0.00,43867.20,'2012-04-07',NULL,2308.80,3),(36,7,'201202',6,0.00000,0.00,0.00,0.00,-20.27,'2012-03-30',20.27,0.00,0),(37,7,'201203',7,1.32000,29282.34,0.00,0.00,29106.64,'2012-07-21',175.70,0.00,3),(38,7,'201204',8,0.00000,0.00,0.00,0.00,-822.72,'2012-12-18',822.72,0.00,3),(39,7,'201205',9,1.52000,33787.31,0.00,0.00,24214.79,'2012-12-18',9572.52,0.00,3),(40,7,'201206',10,0.30000,6757.46,0.00,0.00,-1209.60,'2013-01-04',7967.06,0.00,3),(41,7,'201207',11,0.00000,0.00,0.00,0.00,-10755.63,'2013-01-04',10755.63,0.00,0),(42,7,'201208',12,2.66000,59127.80,0.00,0.00,48890.24,'2013-01-04',10237.56,0.00,3),(43,7,'201209',13,1.32000,29282.34,0.00,0.00,22997.90,'2013-01-04',6284.44,0.00,3),(44,7,'201210',14,1.52000,33787.31,0.00,0.00,33300.77,'2013-01-04',486.54,0.00,3),(45,7,'201212',15,2.50000,55546.34,0.00,0.00,60384.37,'2013-03-13',-4838.03,0.00,3),(46,7,'201301',16,1.16000,25903.61,0.00,0.00,27977.97,'2013-03-26',-2074.36,0.00,3),(47,7,'201302',17,1.99000,44283.91,0.00,0.00,45106.65,'2013-04-18',-822.74,0.00,3),(48,7,'201303',18,2.49000,55343.62,0.00,0.00,45019.34,'2013-05-31',10324.28,0.00,3),(49,7,'201304',19,2.18000,48428.48,0.00,0.00,48101.86,'2013-06-14',326.62,0.00,3),(50,7,'201305',20,2.58000,57438.43,0.00,0.00,70992.78,'2013-09-06',-13554.35,0.00,3),(51,7,'201306',21,2.37000,52595.59,0.00,0.00,54881.86,'2013-09-12',-2286.27,0.00,3),(52,7,'201307',22,2.28000,50680.97,0.00,0.00,30812.91,'2013-10-31',19868.06,0.00,NULL),(53,7,'201308',23,0.00000,0.00,0.00,0.00,-6888.11,'2013-10-31',6888.11,NULL,NULL),(54,8,'201111',1,6.54000,49593.06,0.00,0.00,47113.41,'2012-03-21',0.00,2479.65,4),(55,8,'201112',2,1.31000,9918.61,0.00,0.00,9422.68,'2012-03-29',0.00,495.93,4),(56,8,'201201',3,0.00000,0.00,0.00,0.00,0.00,'2012-06-27',0.00,0.00,4),(57,8,'201202',4,0.00000,0.00,0.00,0.00,0.00,'2013-10-31',0.00,0.00,4),(58,8,'201203',5,0.00000,0.00,0.00,0.00,-3.71,'2013-10-31',3.71,0.00,4),(59,8,'201204',6,0.00000,0.00,0.00,0.00,-364.51,'2013-10-31',364.51,0.00,4),(60,8,'201205',7,5.89000,44633.75,0.00,0.00,18345.70,'2013-10-31',24424.59,1863.46,4),(61,8,'201206',8,1.96000,14877.92,0.00,0.00,6447.08,'2013-10-31',7686.94,743.90,4),(62,8,'201207',9,1.31000,9918.61,0.00,0.00,3223.54,'2013-10-31',6199.14,495.93,4),(63,8,'201208',10,0.33000,2479.65,0.00,0.00,2355.67,'2013-10-31',0.00,123.98,4),(64,8,'201209',11,1.06000,8058.88,0.00,0.00,7655.94,'2013-10-31',0.00,402.94,4),(65,8,'201210',12,0.00000,0.00,0.00,0.00,0.00,'2013-10-31',0.00,0.00,4),(66,8,'201211',13,3.62000,27474.55,0.00,0.00,26090.90,'2013-10-31',9.92,1373.73,4),(67,8,'201212',14,0.00000,0.00,0.00,0.00,-76.87,'2013-10-31',76.87,0.00,4),(68,8,'201301',15,1.64000,12398.27,0.00,0.00,11815.56,'2013-10-31',0.00,582.71,4),(69,8,'201302',16,0.49000,3719.48,0.00,0.00,3310.34,'2013-10-31',223.17,185.97,4),(70,8,'201303',17,0.00000,0.00,0.00,0.00,-230.60,'2013-10-31',230.60,0.00,4),(71,8,'201304',18,0.90000,6819.05,0.00,0.00,5936.30,'2013-10-31',541.80,340.95,4),(72,8,'201305',19,0.33000,2479.65,0.00,0.00,1611.77,'2013-10-31',743.90,123.98,4),(73,8,'201306',20,0.65000,4959.31,0.00,0.00,3259.50,'2013-10-31',1451.84,247.97,4),(74,8,'201307',21,0.00000,0.00,0.00,0.00,-3160.31,'2013-10-31',3160.31,0.00,4),(75,8,'201308',22,0.00000,0.00,0.00,0.00,-3542.19,'2013-10-31',3542.19,0.00,4),(76,9,'201111',1,1.92000,10540.00,0.00,0.00,10013.00,'2012-03-20',0.00,527.00,4),(77,9,'201112',2,0.64000,3513.33,0.00,0.00,3337.66,'2012-03-29',0.00,175.67,4),(78,9,'201201',3,0.00000,0.00,0.00,0.00,0.00,'2012-06-27',0.00,0.00,4),(79,9,'201202',4,0.00000,0.00,0.00,0.00,-31445.50,'2013-10-31',31445.50,0.00,4),(80,9,'201203',5,0.00000,0.00,0.00,0.00,-389.98,'2013-10-31',389.98,0.00,4),(81,9,'201204',6,0.00000,0.00,0.00,0.00,-829.14,'2013-10-31',829.14,0.00,4),(82,9,'201205',7,1.49000,8197.77,0.00,0.00,8125.16,'2013-10-31',0.00,72.61,4),(83,9,'201206',8,0.64000,3513.33,0.00,0.00,-2670.14,'2013-10-31',6007.80,175.67,4),(84,9,'201207',9,1.49000,8197.77,0.00,0.00,8004.53,'2013-10-31',0.00,193.24,4),(85,9,'201208',10,1.86000,10188.66,0.00,0.00,9664.01,'2013-10-31',15.22,509.43,4),(86,9,'201209',11,0.00000,0.00,0.00,0.00,-1187.51,'2013-10-31',1187.51,0.00,4),(87,9,'201210',12,0.00000,0.00,0.00,0.00,-1638.39,'2013-10-31',1638.39,0.00,4),(88,9,'201211',13,0.00000,0.00,0.00,0.00,-878.33,'2013-10-31',878.33,0.00,4),(89,9,'201212',14,0.21000,1171.11,0.00,0.00,380.60,'2013-10-31',731.95,58.56,4),(90,9,'201301',15,0.00000,0.00,0.00,0.00,-907.61,'2013-10-31',907.61,0.00,4),(91,9,'201302',16,0.00000,0.00,0.00,0.00,-819.78,'2013-10-31',819.78,0.00,4),(92,9,'201303',17,0.00000,0.00,0.00,0.00,-907.61,'2013-10-31',907.61,0.00,4),(93,9,'201304',18,1.92000,10540.00,0.00,0.00,10874.77,'2013-10-31',0.00,-334.77,4),(94,9,'201305',19,0.00000,0.00,0.00,0.00,-3948.99,'2013-10-31',3948.99,0.00,4),(95,9,'201306',20,0.00000,0.00,0.00,0.00,-3044.92,'2013-10-31',3044.92,0.00,4),(96,9,'201307',21,0.00000,0.00,0.00,0.00,-4686.80,'2013-10-31',4686.80,0.00,4),(97,9,'201308',22,0.00000,0.00,0.00,0.00,-4817.74,'2013-10-31',4817.74,0.00,4),(98,10,'201205',0,0.00000,0.00,85123.50,NULL,85123.50,'2012-06-27',NULL,NULL,0),(99,10,'201209',1,20.52000,69877.50,NULL,17469.38,48914.24,'2012-11-09',NULL,3493.88,3),(100,10,'201210',2,23.96000,81566.10,NULL,20391.53,56912.85,'2013-02-06',183.41,4078.31,3),(101,10,'201211',3,23.40000,79660.35,NULL,19915.09,54791.00,'2013-02-06',971.24,3983.02,3),(102,11,'201301',0,0.00000,0.00,350415.26,NULL,350415.26,'2013-02-21',NULL,NULL,0),(103,11,'201304',1,15.10000,264647.65,NULL,52929.53,198485.74,'2013-06-12',0.00,13232.38,6),(104,11,'201305',2,5.99000,104992.56,NULL,20998.51,83994.05,'2013-07-02',NULL,NULL,6),(105,12,'201304',1,94.89000,367399.39,0.00,0.00,349029.42,'2013-06-12',0.00,18369.97,5),(106,12,'200305',2,5.11000,19800.61,0.00,0.00,18810.58,'2013-10-31',0.00,990.03,5),(107,13,'201111',0,0.00000,0.00,1268262.58,0.00,1268262.58,'2012-02-04',0.00,0.00,0),(108,13,'201203',1,1.10000,69537.34,NULL,13907.47,52153.00,'2012-07-13',0.00,3476.87,1),(109,13,'201204',2,10.86000,688435.99,NULL,137687.20,516326.99,'2012-07-21',0.00,34421.80,5),(110,13,'201205',3,13.93000,883295.43,NULL,176659.09,659179.01,'2012-08-04',3292.56,44164.77,7),(111,13,'201206',4,6.62000,419778.04,NULL,83955.61,282604.78,'2012-09-21',32228.75,20988.90,8),(112,13,'201207',5,7.28000,461755.84,NULL,92351.17,276608.73,'2012-09-21',69708.15,23087.79,7),(113,13,'201208',6,9.93000,629667.06,NULL,125933.41,577479.75,'2013-03-05',-105229.45,31483.35,7),(114,13,'201209',7,12.20000,773431.94,NULL,154686.39,580073.95,'2013-03-05',0.00,38671.60,10),(115,13,'201210',8,7.14000,452752.04,NULL,90550.41,339564.03,'2013-03-05',0.00,22637.60,10),(116,13,'201211',9,0.93000,58995.80,NULL,11799.16,44246.85,'2013-04-27',0.00,2949.79,10),(117,13,'201212',10,0.00000,0.00,NULL,0.00,0.00,'2013-01-30',0.00,0.00,0),(118,13,'201301',11,0.00000,0.00,NULL,0.00,-1844.38,'2013-03-30',1844.38,0.00,0),(119,13,'201302',12,1.41000,89273.80,NULL,17854.76,61535.28,'2013-04-27',5420.07,4463.69,7),(120,13,'201303',13,3.77000,238786.65,NULL,47757.33,159381.73,'2013-05-23',19708.26,11939.33,7),(121,13,'201304',14,11.20000,710482.05,NULL,142096.41,540370.17,'2013-06-18',-7508.63,35524.10,8),(122,13,'201305',15,9.33000,575543.34,NULL,115108.67,416390.78,'2013-09-21',-19464.09,63507.98,NULL),(123,13,'201306',16,0.00000,0.00,NULL,0.00,-130.08,'2013-09-21',130.08,NULL,0),(124,14,'201207',0,0.00000,0.00,1318957.45,NULL,1318957.45,'2012-07-25',NULL,NULL,0),(125,14,'201209',1,0.00000,0.00,NULL,0.00,-12.50,'2012-10-30',12.50,0.00,0),(126,14,'201210',2,0.65000,28526.48,NULL,8557.94,17067.94,'2013-02-02',1474.28,1426.32,10),(127,14,'201211',3,5.37000,236231.83,NULL,70869.55,150569.29,'2013-02-23',2981.40,11811.59,10),(128,14,'201212',4,4.93000,216670.34,NULL,65001.10,119506.36,'2013-02-23',21329.36,10833.52,10),(129,14,'201301',5,5.50000,241651.62,NULL,72495.49,111047.52,'2013-04-23',46026.03,12082.58,8),(130,14,'201302',6,1.46000,64079.71,NULL,19223.91,-65016.43,'2013-04-23',106668.24,3203.99,6),(131,14,'201303',7,1.47000,64427.66,NULL,19328.30,-131820.64,'2013-06-12',173698.62,3221.38,7),(132,14,'201304',8,6.56000,288535.39,NULL,86560.62,538875.31,'2013-06-29',-351327.31,14426.77,7),(133,14,'201305',9,12.18000,535561.80,NULL,160668.54,390536.96,'2013-07-30',2004.45,-17648.15,7),(134,14,'201306',10,12.88000,566198.69,NULL,169859.61,392560.77,'2013-08-28',3778.31,NULL,7),(135,14,'201307',11,5.28000,232099.78,NULL,69629.93,131926.73,'2013-09-27',30543.12,NULL,8),(136,15,'201105',0,0.00000,0.00,896231.75,NULL,896231.75,'2011-05-24',NULL,NULL,NULL),(137,15,'201306',1,20.25000,604918.08,NULL,181475.42,393196.76,'2013-10-31',0.00,30245.90,18),(138,15,'201307',2,14.82000,442745.23,NULL,132823.57,280247.89,'2013-10-31',7536.51,22137.26,18),(139,15,'201308',3,16.29000,486684.65,NULL,146005.40,314378.12,'2013-10-31',26301.13,NULL,18),(140,16,'201305',0,0.00000,0.00,6784298.69,NULL,6784298.69,'2013-06-12',NULL,NULL,0),(141,17,'201202',0,0.00000,0.00,3632949.13,NULL,3632949.13,'2013-10-31',NULL,NULL,0),(142,17,'201209',0,0.00000,1106361.36,NULL,NULL,1106361.36,'2013-10-31',NULL,NULL,0),(143,17,'201303',0,0.00000,1138901.40,NULL,NULL,1138901.40,'2013-10-31',NULL,NULL,0),(144,17,'201304',0,0.00000,726727.56,NULL,NULL,726727.56,'2013-10-31',NULL,NULL,0),(145,17,'201305',0,0.00000,1453455.12,NULL,NULL,1453455.12,'2013-10-31',NULL,NULL,0),(146,17,'201306',0,0.00000,249424.56,NULL,74827.37,174597.19,'2013-10-31',NULL,NULL,0),(147,17,'201306',0,0.00000,1898169.00,NULL,1328718.30,569450.70,'2013-10-31',NULL,NULL,0),(148,17,'201306',0,0.00000,1898169.00,NULL,1328718.30,569450.70,'2013-10-31',NULL,NULL,0),(149,18,'201209',0,0.00000,0.00,269621.88,NULL,269621.88,'2013-10-31',NULL,NULL,0),(150,18,'201304',0,0.00000,438541.44,NULL,87708.28,350833.16,'2013-10-31',NULL,NULL,0),(151,18,'201304',0,0.00000,439657.61,NULL,87931.52,351726.09,'2013-10-31',NULL,NULL,0),(152,18,'201304',0,0.00000,462662.45,NULL,93982.08,368680.37,'2013-10-31',NULL,NULL,0),(153,18,'201304',0,0.00000,13133.00,NULL,NULL,13133.00,'2013-10-31',NULL,NULL,0),(154,19,'201210',0,0.00000,0.00,4344959.95,NULL,4344959.95,'2013-10-31',NULL,NULL,0),(155,19,'201301',0,0.00000,514890.96,NULL,102978.19,411912.77,'2013-10-31',NULL,NULL,0),(156,19,'201301',0,0.00000,617017.53,NULL,123403.51,493614.02,'2013-10-31',NULL,NULL,0),(157,19,'201301',0,0.00000,622374.54,NULL,124474.90,497899.64,'2013-10-31',NULL,NULL,0),(158,19,'201303',0,0.00000,620245.47,NULL,124049.09,496196.38,'2013-10-31',NULL,NULL,0),(159,19,'201303',0,0.00000,614819.78,NULL,122963.95,491855.83,'2013-10-31',NULL,NULL,0),(160,19,'201304',0,0.00000,515921.16,NULL,103184.23,412736.93,'2013-10-31',NULL,NULL,0),(161,19,'201304',0,0.00000,619009.23,NULL,123801.85,495207.38,'2013-10-31',NULL,NULL,0),(162,19,'201304',0,0.00000,615300.54,NULL,123060.11,492240.43,'2013-10-31',NULL,NULL,0),(163,19,'201304',0,0.00000,617292.24,NULL,123458.45,493833.79,'2013-10-31',NULL,NULL,0),(164,19,'201305',0,0.00000,620657.55,NULL,124131.50,496526.05,'2013-10-31',NULL,NULL,0),(165,19,'201305',0,0.00000,619970.75,NULL,123994.15,495976.60,'2013-10-31',NULL,NULL,0),(166,19,'201305',0,0.00000,310706.51,NULL,62141.30,248565.21,'2013-10-31',NULL,NULL,0),(167,19,'201305',0,0.00000,618871.88,NULL,123774.37,495097.51,'2013-10-31',NULL,NULL,0),(168,19,'201305',0,0.00000,621206.98,NULL,124241.40,496965.58,'2013-10-31',NULL,NULL,0),(169,19,'201305',0,0.00000,619627.35,NULL,123925.47,495701.88,'2013-10-31',NULL,NULL,0),(170,19,'201305',0,0.00000,616742.81,NULL,123348.56,493394.25,'2013-10-31',NULL,NULL,0),(171,19,'201305',0,0.00000,103294.12,NULL,20658.83,82635.29,'2013-10-31',NULL,NULL,0),(172,19,'201306',0,0.00000,619009.23,NULL,123801.85,495207.38,'2013-10-31',NULL,NULL,0),(173,19,'201306',0,0.00000,617498.28,NULL,123499.65,493998.63,'2013-10-31',NULL,NULL,0),(174,19,'201306',0,0.00000,616536.77,NULL,123307.35,493229.42,'2013-10-31',NULL,NULL,0),(175,19,'201306',0,0.00000,411253.44,NULL,82250.69,329002.75,'2013-10-31',NULL,NULL,0),(176,19,'201306',0,0.00000,622443.21,NULL,124488.65,497954.56,'2013-10-31',NULL,NULL,0),(177,19,'201306',0,0.00000,620657.55,NULL,124131.50,496526.05,'2013-10-31',NULL,NULL,0),(178,19,'201306',0,0.00000,620314.15,NULL,124062.82,496251.33,'2013-10-31',NULL,NULL,0),(179,19,'201306',0,0.00000,615643.93,NULL,123128.79,492515.14,'2013-10-31',NULL,NULL,0),(180,19,'201307',0,0.00000,616262.05,NULL,123252.42,493009.63,'2013-10-31',NULL,NULL,0),(181,19,'201307',0,0.00000,619696.03,NULL,123939.21,495756.82,'2013-10-31',NULL,NULL,0),(182,19,'201307',0,0.00000,620245.47,NULL,124049.09,496196.38,'2013-10-31',NULL,NULL,0),(183,19,'201307',0,0.00000,516745.31,NULL,103349.06,413396.25,'2013-10-31',NULL,NULL,0),(184,19,'201307',0,0.00000,617635.64,NULL,123527.13,494108.51,'2013-10-31',NULL,NULL,0),(185,19,'201307',0,0.00000,617154.89,NULL,123430.97,493723.92,'2013-10-31',NULL,NULL,0),(186,20,'201309',0,0.00000,0.00,1205692.16,NULL,1205692.16,'2013-10-11',NULL,NULL,0),(187,21,'201305',0,0.00000,3154287.34,NULL,NULL,3154287.34,'2013-10-31',NULL,NULL,0),(188,22,'201209',0,0.00000,0.00,367034.54,NULL,367034.54,'2013-10-31',NULL,NULL,0),(189,23,'201209',0,0.00000,0.00,399442.70,NULL,399442.70,'2013-10-31',NULL,NULL,0),(190,23,'201210',0,0.00000,1243557.14,NULL,248711.42,994845.72,'2013-10-31',NULL,NULL,0),(191,23,'201211',0,0.00000,753656.40,NULL,150731.28,602925.12,'2013-10-31',NULL,NULL,0),(192,24,'201304',0,0.00000,0.00,326700.00,NULL,326700.00,'2013-05-05',NULL,NULL,NULL),(193,25,'201211',0,0.00000,0.00,10202451.27,NULL,10202451.27,'2013-01-13',NULL,NULL,NULL),(194,25,'201308',1,1.12000,379624.72,NULL,113887.42,246756.06,'2013-10-09',0.00,18981.24,11),(195,26,'201304',0,0.00000,0.00,14997085.19,NULL,14997085.19,'2013-05-11',NULL,NULL,0),(196,27,'201210',0,0.00000,0.00,5717730.16,NULL,5717730.16,'2012-11-09',NULL,NULL,NULL),(197,27,'201307',1,0.00000,0.00,NULL,0.00,0.00,'2013-08-30',0.00,0.00,0),(198,27,'201308',2,2.20000,419497.13,NULL,125849.14,293647.99,'2013-10-04',0.00,0.00,14),(199,28,'201110',0,0.00000,0.00,375592.66,NULL,375592.66,'2013-10-31',NULL,NULL,NULL),(200,28,'201203',1,45.90000,861969.79,NULL,172393.96,646477.34,'2012-05-30',NULL,43098.49,NULL),(201,28,'201204',2,55.88000,187461.09,NULL,37492.22,135173.08,'2012-06-29',-5422.74,9373.05,NULL),(202,28,'201205',3,60.66000,89743.25,NULL,17948.65,49088.93,'2012-07-30',-18218.51,4487.16,NULL),(203,28,'201302',4,96.31000,669474.67,NULL,147757.83,545358.09,'2013-04-29',23641.25,0.00,NULL),(204,29,'201109',0,0.00000,0.00,1359364.78,NULL,1359364.78,'2013-10-31',NULL,NULL,NULL),(205,29,'201111',1,17.29000,769406.44,NULL,230821.93,500114.19,'2012-01-29',NULL,38470.32,NULL),(206,29,'201112',2,28.08000,479869.00,NULL,143960.70,311914.85,'2012-02-29',NULL,23993.45,NULL),(207,29,'201201',3,39.84000,523327.16,NULL,156998.15,366329.01,'2012-03-31',NULL,0.00,NULL),(208,29,'201202',4,53.29000,598382.00,NULL,179514.60,416337.22,'2012-04-29',-2530.18,0.00,NULL),(209,29,'201203',5,53.95000,29204.94,NULL,8761.48,-7668.81,'2012-05-30',-28112.27,0.00,NULL),(210,29,'201204',6,60.10000,273491.60,NULL,82047.48,163459.67,'2012-06-29',-27984.45,0.00,NULL),(211,29,'201205',7,60.82000,32018.75,NULL,9605.63,22413.13,'2012-07-30',NULL,0.00,NULL),(212,29,'201206',8,64.01000,142069.09,NULL,42620.73,9689.98,'2012-08-29',-89758.38,0.00,NULL),(213,29,'201207',9,70.24000,277234.11,NULL,83170.23,179654.44,'2012-09-29',-14409.44,0.00,NULL),(214,29,'201211',10,100.00000,1323796.63,NULL,421863.86,1064727.49,'2013-01-29',162794.72,0.00,NULL),(215,30,'201112',0,0.00000,0.00,2760297.73,NULL,2760297.73,'2013-10-31',NULL,NULL,NULL),(216,30,'201204',1,4.92000,679119.99,NULL,135824.00,509339.99,'2012-06-29',NULL,33956.00,NULL),(217,31,'201011',0,0.00000,0.00,449996.88,NULL,449996.88,'2013-10-31',NULL,NULL,NULL),(218,31,'201104',1,10.60000,158999.35,NULL,47699.81,103349.57,'2011-06-29',NULL,7949.97,NULL),(219,31,'201105',2,16.17000,83613.00,NULL,25083.90,43816.73,'2011-07-30',-10531.72,4180.65,NULL),(220,31,'201110',3,19.37000,47965.38,NULL,14389.61,31177.50,'2011-12-30',NULL,2398.27,NULL),(221,31,'201111',4,52.20000,492487.22,NULL,147746.16,320092.45,'2012-01-29',-24.25,24624.36,NULL),(222,31,'201112',5,66.00000,206921.30,NULL,62076.39,129732.23,'2012-02-29',-4766.62,10346.06,NULL),(223,31,'201202',6,74.99000,134898.38,NULL,40469.00,87410.30,'2012-04-29',-274.16,6744.92,NULL),(224,31,'201211',7,100.00000,375104.96,NULL,112531.50,278170.21,'2013-01-29',15596.75,NULL,NULL),(225,32,'201104',0,0.00000,0.00,259147.49,NULL,259147.49,'2013-10-31',NULL,NULL,NULL),(226,32,'201111',1,4.15000,38965.95,NULL,11689.78,25327.87,'2012-01-29',NULL,1948.30,NULL),(227,32,'201112',2,12.20000,75726.61,NULL,22717.98,46641.78,'2012-02-29',-2580.52,3786.33,NULL),(228,32,'201201',3,23.77000,108693.46,NULL,32608.04,62048.28,'2012-03-31',-8602.47,5434.67,NULL),(229,32,'201202',4,35.31000,108441.96,NULL,32532.59,60173.15,'2012-04-29',-10314.12,5422.10,NULL),(230,32,'201203',5,56.10000,195416.67,NULL,58625.00,131822.18,'2012-05-30',4801.34,9770.83,NULL),(231,32,'201204',6,68.64000,117819.36,NULL,35345.81,75066.52,'2012-06-29',-1516.06,5890.97,NULL),(232,32,'201205',7,75.60000,65386.97,NULL,19616.09,41677.79,'2012-07-30',-823.74,3269.35,NULL),(233,32,'201211',8,100.00000,229325.43,NULL,46012.20,190882.53,'2013-01-29',19035.57,11466.27,NULL),(234,33,'200902',1,49.99000,200435.40,NULL,NULL,190413.63,'2009-04-29',NULL,10021.77,NULL),(235,33,'200903',2,78.24000,113291.10,NULL,NULL,107626.54,'2009-05-29',NULL,5664.56,NULL),(236,33,'201303',3,100.00000,87258.50,NULL,NULL,82895.57,'2013-05-30',NULL,4362.93,NULL),(237,35,'201202',0,0.00000,0.00,133020.00,NULL,133020.00,'2013-10-31',NULL,NULL,NULL),(238,35,'201202',1,49.73000,330758.10,NULL,66151.62,245095.22,'2012-04-29',-2973.35,16537.91,NULL),(239,35,'201203',2,98.49000,324267.73,NULL,65440.16,245547.23,'2012-05-30',2933.05,16213.39,NULL),(240,35,'201304',3,100.00000,10074.17,NULL,1428.22,8182.54,'2013-06-29',40.30,503.71,NULL),(241,36,'201102',0,0.00000,0.00,179615.65,NULL,179615.65,'2013-10-31',NULL,NULL,NULL),(242,36,'201112',1,1.63000,9744.00,NULL,2923.20,6333.60,'2012-02-29',NULL,487.20,NULL),(243,37,'201111',0,0.00000,0.00,392654.62,NULL,392654.62,'2013-10-31',NULL,NULL,NULL),(244,37,'201208',1,10.75000,210912.38,NULL,42182.48,158184.28,'2012-10-30',NULL,10545.62,NULL),(245,37,'201209',2,37.71000,411232.78,NULL,82246.56,308424.58,'2012-11-29',NULL,20561.64,NULL),(246,37,'201210',3,47.07000,301257.77,NULL,60251.55,239086.65,'2012-12-30',-1919.57,0.00,NULL),(247,37,'201211',4,47.07000,0.00,NULL,0.00,-25107.70,'2013-01-29',-25107.70,0.00,NULL),(248,37,'201212',5,57.33000,162137.17,NULL,32427.43,129709.74,'2013-03-01',NULL,0.00,NULL),(249,37,'201305',6,97.53000,827877.28,NULL,165575.46,662301.82,'2013-07-30',NULL,0.00,NULL),(250,37,'201306',7,100.00000,48457.07,NULL,9971.14,65513.20,'2013-08-29',27027.27,0.00,NULL),(251,38,'201104',0,0.00000,0.00,194996.21,NULL,194996.21,'2013-10-31',NULL,NULL,NULL),(252,39,'200911',0,0.00000,0.00,114489.62,NULL,114489.62,'2013-10-31',NULL,NULL,NULL),(253,39,'201003',1,2.29000,13954.00,NULL,2790.80,8595.76,'2010-05-30',-1869.74,697.70,NULL),(254,39,'201004',2,6.88000,27937.89,NULL,5587.58,10659.61,'2010-06-29',-10293.81,1396.89,NULL),(255,39,'201005',3,12.07000,31609.30,NULL,6321.86,35356.68,'2010-07-30',11649.70,1580.46,NULL),(256,39,'201006',4,16.65000,27937.89,NULL,5587.58,20048.42,'2010-08-29',-905.03,1396.86,NULL),(257,39,'201010',5,37.76000,128574.68,NULL,25714.94,96431.01,'2010-12-30',NULL,6428.73,NULL),(258,39,'201011',6,50.54000,77829.59,NULL,15565.92,57768.15,'2011-01-29',-604.04,3891.48,NULL),(259,39,'201012',7,54.13000,21887.76,NULL,4377.55,16415.82,'2011-03-01',NULL,1094.39,NULL),(260,39,'201102',8,59.86000,34916.69,NULL,6983.34,26187.52,'2011-04-29',NULL,1745.83,NULL),(261,39,'201103',9,59.86000,0.00,NULL,0.00,-1567.66,'2011-05-30',-1567.66,0.00,NULL),(262,39,'201104',10,62.97000,18949.10,NULL,3789.82,14211.83,'2011-06-29',NULL,947.45,NULL),(263,39,'201108',11,73.57000,64521.23,NULL,12904.25,48390.92,'2011-10-30',NULL,3226.06,NULL),(264,40,'201104',1,16.20000,379172.05,NULL,75834.41,284379.04,'2011-06-29',NULL,18958.60,NULL),(265,40,'201105',2,29.27000,305745.99,NULL,61149.20,229309.49,'2011-07-30',NULL,15287.30,NULL),(266,40,'201110',3,31.96000,62870.73,NULL,12574.15,47153.04,'2011-12-30',NULL,3143.54,NULL),(267,40,'201111',4,39.86000,184827.59,NULL,36965.52,138511.66,'2012-01-29',-109.03,9241.38,NULL),(268,40,'201112',5,50.19000,241760.37,NULL,48352.07,175098.58,'2012-02-29',-6221.70,12088.02,NULL),(269,40,'201202',6,57.89000,180101.32,NULL,36020.26,135075.99,'2012-04-29',NULL,9005.07,NULL),(270,40,'201203',7,60.61000,63748.28,NULL,12749.66,50998.62,'2012-05-30',NULL,0.00,NULL),(271,40,'201204',8,78.00000,406874.67,NULL,81374.33,322528.57,'2012-06-29',-2971.77,0.00,NULL),(272,40,'201205',9,78.39000,9257.16,NULL,1851.43,3805.23,'2012-07-30',-3600.50,0.00,NULL),(273,40,'201206',10,80.63000,52417.04,NULL,10483.41,41933.63,'2012-07-30',NULL,NULL,NULL),(274,40,'201207',11,100.00000,453142.21,NULL,15979.07,427409.03,'2012-09-29',12903.00,22657.11,NULL),(275,41,'201105',0,0.00000,0.00,104655.00,NULL,104655.00,'2013-10-31',NULL,NULL,NULL),(276,41,'201112',1,3.77000,13155.92,NULL,3946.78,8551.34,'2012-02-29',NULL,657.80,NULL),(277,41,'201201',2,18.80000,52419.66,NULL,15725.90,34066.00,'2012-03-30',-6.78,2620.98,NULL),(278,41,'201202',3,19.87000,3757.80,NULL,1127.37,-880.59,'2012-04-29',-3323.13,187.89,NULL),(279,41,'201203',4,20.95000,3757.79,NULL,1127.34,-10497.30,'2012-05-30',-12939.86,187.89,NULL),(280,41,'201208',5,24.54000,12526.00,NULL,3757.80,24411.37,'2012-10-30',16269.47,626.30,NULL),(281,41,'201209',6,24.90000,1252.60,NULL,375.78,258.71,'2012-11-29',-555.48,62.63,NULL),(282,43,'201102',0,0.00000,0.00,109845.76,NULL,109845.76,'2013-10-31',NULL,NULL,NULL),(283,43,'201103',1,37.05000,203492.97,NULL,40698.59,152619.73,'2011-05-30',NULL,10174.65,NULL),(284,43,'201104',2,37.60000,3019.12,NULL,603.82,2264.34,'2011-06-29',NULL,150.96,NULL),(285,43,'201105',3,37.95000,1924.80,NULL,384.96,1443.60,'2011-07-30',NULL,96.24,NULL),(286,43,'201306',4,84.52000,255746.68,NULL,51149.34,191810.01,'2013-08-29',NULL,12787.33,NULL),(287,43,'201307',5,92.92000,46172.56,NULL,9234.51,34629.42,'2013-09-29',NULL,2308.63,NULL),(288,44,'201112',0,0.00000,0.00,866880.00,NULL,866880.00,'2013-10-31',NULL,NULL,NULL),(289,45,'201107',0,0.00000,0.00,17865.00,NULL,17865.00,'2013-10-31',NULL,NULL,NULL),(290,45,'201201',1,55.37000,32974.35,NULL,9892.31,20837.82,'2012-03-31',-595.50,1648.72,NULL),(291,45,'201202',2,82.70000,16271.80,NULL,4881.54,8849.72,'2012-04-29',-1726.95,813.59,NULL),(292,47,'201307',1,8.34000,22572.79,NULL,NULL,21444.15,'2012-09-29',NULL,1128.64,NULL),(293,47,'201208',2,44.17000,96949.74,NULL,NULL,96949.74,'2012-10-30',NULL,0.00,NULL),(294,47,'201209',3,75.99000,86103.08,NULL,NULL,86103.08,'2012-11-29',NULL,0.00,NULL),(295,47,'201210',4,100.00000,64972.57,NULL,NULL,61723.94,'2012-12-30',NULL,3248.63,NULL),(296,48,'201202',1,79.28000,345006.83,NULL,NULL,327756.49,'2012-10-30',NULL,17250.34,NULL),(297,48,'201209',2,99.07000,86092.52,NULL,NULL,81787.89,'2012-11-29',NULL,4304.63,NULL),(298,49,'200708',0,0.00000,0.00,844444.23,NULL,844444.23,'2013-10-31',NULL,NULL,NULL),(299,49,'200709',1,13.22000,438096.27,NULL,131428.88,284762.58,'2007-11-29',NULL,21904.81,NULL),(300,49,'200710',2,25.90000,420280.93,NULL,126084.28,273182.60,'2007-12-30',NULL,21014.05,NULL),(301,49,'200711',3,29.76000,127785.70,NULL,38335.71,82928.98,'2008-01-29',-131.73,6389.28,NULL),(302,49,'200712',4,35.93000,204457.12,NULL,61337.14,123715.80,'2008-02-29',-9181.32,10222.86,NULL),(303,49,'200801',5,50.34000,477725.93,NULL,143317.78,319760.84,'2008-03-31',9238.99,23886.30,NULL),(304,49,'200808',6,58.18000,259668.99,NULL,77900.70,168784.84,'2008-10-30',NULL,12983.45,NULL),(305,49,'200809',7,58.18000,0.00,NULL,0.00,-6604.61,'2008-12-30',-6604.61,0.00,NULL),(306,49,'200811',8,67.05000,294109.96,NULL,88232.99,195564.56,'2009-01-29',4393.09,14705.50,NULL),(307,49,'200812',9,84.00000,561659.33,NULL,168497.80,365078.56,'2009-03-01',NULL,28082.97,NULL),(308,49,'200901',10,84.30000,10029.48,NULL,3008.84,6519.17,'2009-04-01',NULL,501.47,NULL),(309,50,'201007',1,9.96000,88323.56,NULL,NULL,83907.38,'2010-09-29',NULL,4416.18,NULL),(310,50,'201008',2,28.34000,162984.43,NULL,NULL,154835.21,'2010-10-29',NULL,8149.22,NULL),(311,50,'201009',3,44.62000,144373.12,NULL,NULL,137129.95,'2010-11-29',-24.51,7218.66,NULL),(312,50,'201010',4,58.21000,120562.51,NULL,NULL,114045.70,'2011-12-30',-488.68,6028.13,NULL),(313,50,'201011',5,80.40000,196774.54,NULL,NULL,187406.49,'2011-01-29',470.68,9838.73,NULL),(314,50,'201012',6,100.00000,173800.41,NULL,NULL,165152.90,'2011-03-01',42.51,8690.02,NULL),(315,51,'201102',1,30.00000,384094.80,NULL,NULL,364890.06,'2011-04-29',NULL,19204.74,NULL),(316,51,'201103',2,50.00000,256063.20,NULL,NULL,243260.04,'2011-05-30',NULL,12803.16,NULL),(317,51,'201104',3,66.37000,213386.00,NULL,NULL,202716.70,'2011-06-29',NULL,10669.30,NULL),(318,51,'201105',4,83.32000,213172.61,NULL,NULL,202513.98,'2011-07-30',NULL,10658.63,NULL),(319,52,'201105',1,36.19000,14440.00,NULL,NULL,13718.00,'2012-07-30',NULL,722.00,NULL),(320,52,'201212',2,100.00000,25463.30,NULL,NULL,24190.13,'2012-07-29',NULL,1273.17,NULL),(321,53,'201212',1,7.17000,81136.13,NULL,NULL,77079.32,'2013-03-01',NULL,4056.81,NULL),(322,53,'201301',2,36.56000,332836.31,NULL,NULL,316194.49,'2013-04-01',NULL,16641.82,NULL),(323,53,'201302',3,55.32000,212398.50,NULL,NULL,212398.50,'2013-04-29',NULL,0.00,NULL),(324,53,'201303',4,73.82000,209435.67,NULL,NULL,209435.67,'2013-05-30',NULL,0.00,NULL),(325,53,'201304',5,82.09000,96550.48,NULL,NULL,96550.48,'2013-06-30',NULL,0.00,NULL),(326,53,'201305',6,82.27000,2133.22,NULL,NULL,2133.22,'2013-07-30',NULL,0.00,NULL),(327,53,'1306',7,100.00000,200690.28,NULL,NULL,190655.77,'2013-08-29',NULL,10034.51,NULL),(328,54,'201302',0,0.00000,0.00,569912.67,NULL,569912.67,'2013-10-31',NULL,NULL,NULL),(329,54,'201302',1,0.00000,0.00,NULL,0.00,-5739.40,'2013-04-29',-5739.40,0.00,NULL),(330,54,'201303',2,26.08000,495407.50,NULL,148622.25,326919.63,'2013-05-30',4904.76,24770.38,NULL),(331,54,'201304',3,56.84000,584312.97,NULL,175293.89,374817.84,'2013-06-29',-4985.59,29215.65,NULL),(332,54,'201305',4,91.00000,649021.00,NULL,194706.30,427683.88,'2013-07-30',5820.23,32451.05,NULL),(333,54,'201306',5,100.00000,170967.43,NULL,51290.23,111128.83,'2013-08-29',NULL,8548.37,NULL),(334,55,'201210',0,0.00000,0.00,24061.72,NULL,24061.72,'2013-10-31',NULL,NULL,NULL),(335,55,'201210',1,53.08000,42570.00,NULL,12771.00,27670.50,'2012-12-30',NULL,2128.50,NULL),(336,55,'201211',2,100.00000,37635.72,NULL,11290.72,24463.21,'2013-01-29',NULL,1881.79,NULL),(337,56,'201210',0,0.00000,0.00,20984.51,NULL,20984.51,'2013-10-31',NULL,NULL,NULL),(338,56,'201211',1,100.00000,254922.56,NULL,50984.51,191191.92,'2012-01-29',NULL,12746.13,NULL),(339,57,'201211',1,40.40000,333360.00,NULL,NULL,316692.00,'2013-01-29',NULL,16668.00,NULL),(340,57,'201212',2,67.55000,223976.25,NULL,NULL,212777.44,'2013-03-01',NULL,11198.81,NULL),(341,57,'201301',3,96.21000,104175.00,NULL,NULL,98966.25,'2013-04-01',NULL,5208.75,NULL),(342,57,'201301',4,100.00000,163554.75,NULL,NULL,155377.01,'2013-04-01',NULL,8177.74,NULL),(343,58,'201301',1,33.98000,143594.38,NULL,NULL,136414.67,'2013-04-01',NULL,7179.71,NULL),(344,58,'201302',2,79.06000,190510.64,NULL,NULL,180985.11,'2013-04-29',NULL,9525.53,NULL),(345,58,'201303',3,99.52000,86471.78,NULL,NULL,85148.19,'2013-05-30',NULL,1323.59,NULL),(346,58,'201304',4,100.00000,2031.10,NULL,NULL,1929.55,'2013-06-29',NULL,101.55,NULL),(347,59,'201210',1,33.33000,331333.33,NULL,NULL,314766.66,'2012-12-30',NULL,16566.67,NULL),(348,59,'201211',2,66.67000,331333.33,NULL,NULL,314766.66,'2013-01-29',NULL,16566.67,NULL),(349,59,'201212',3,100.00000,331333.34,NULL,NULL,314766.67,'2013-03-01',NULL,16566.67,NULL),(350,60,'201301',1,16.67000,157500.00,NULL,NULL,149625.00,'2013-04-01',NULL,7875.00,NULL),(351,60,'201302',2,50.00000,315000.00,NULL,NULL,299250.00,'2013-04-29',NULL,15750.00,NULL),(352,60,'201303',3,83.33000,315000.00,NULL,NULL,299250.00,'2013-05-30',NULL,15750.00,NULL),(353,60,'201304',4,100.00000,157500.00,NULL,NULL,149625.00,'2013-06-29',NULL,7875.00,NULL),(354,61,'201111',0,0.00000,0.00,391910.71,NULL,391910.71,'2013-10-31',NULL,NULL,NULL),(355,61,'201203',1,56.33000,1103849.45,NULL,220769.89,827887.09,'2012-05-30',NULL,55192.47,NULL),(356,61,'201204',2,68.11000,230709.38,NULL,46141.88,184567.50,'2012-06-29',NULL,NULL,NULL),(357,61,'201205',3,68.61000,9845.22,NULL,1969.04,7778.69,'2012-07-30',-97.49,NULL,NULL),(358,61,'201208',4,82.56000,273458.41,NULL,54691.68,218766.73,'2012-01-30',NULL,NULL,NULL),(359,61,'201209',5,90.61000,157687.27,NULL,31537.45,126149.82,'2012-11-29',NULL,NULL,NULL),(360,61,'201210',6,99.03000,164929.35,NULL,32985.87,131943.48,'2012-12-30',NULL,NULL,NULL),(361,61,'201211',7,100.00000,19074.48,NULL,3814.90,15357.07,'2013-01-29',97.49,NULL,NULL),(362,62,'201208',0,0.00000,0.00,544079.91,NULL,544079.91,'2013-10-31',NULL,NULL,NULL),(363,62,'201208',1,13.47000,366412.15,NULL,73282.43,274809.11,'2012-10-30',NULL,18320.61,NULL),(364,62,'201209',2,45.38000,868217.07,NULL,173643.41,640523.26,'2012-11-29',-10639.55,43410.85,NULL),(365,62,'201210',3,100.00000,1485770.31,NULL,297154.07,1124967.27,'2012-12-30',10639.55,74288.52,NULL),(366,63,'201110',0,0.00000,0.00,355851.34,NULL,355851.34,'2013-10-31',NULL,NULL,NULL),(367,63,'201111',1,8.87000,157753.40,NULL,31550.68,118315.05,'2012-01-29',NULL,7887.67,NULL),(368,63,'201112',2,30.06000,377140.62,NULL,75428.12,301712.50,'2012-02-29',NULL,0.00,NULL),(369,63,'201201',3,66.88000,655131.19,NULL,131026.24,524104.95,'2012-03-31',NULL,0.00,NULL),(370,63,'201202',4,100.00000,589231.48,NULL,117846.30,471385.18,'2012-04-29',NULL,0.00,NULL),(371,64,'201110',0,0.00000,0.00,538403.09,NULL,538403.09,'2013-10-31',NULL,NULL,NULL),(372,64,'201201',1,12.76000,224358.44,NULL,67307.53,145832.99,'2012-03-31',NULL,11217.92,NULL),(373,64,'201202',2,16.90000,72859.46,NULL,21857.84,42670.64,'2012-04-29',-4688.01,3642.97,NULL),(374,64,'201203',3,18.60000,29944.10,NULL,8983.23,19463.66,'2012-05-30',NULL,1497.21,NULL),(375,64,'201207',4,28.10000,167050.40,NULL,50115.12,113270.77,'2012-09-29',4688.01,8352.52,NULL),(376,64,'201208',5,54.70000,467790.90,NULL,140337.27,304064.08,'2012-10-30',NULL,23389.55,NULL),(377,64,'201209',6,82.41000,487388.40,NULL,146216.52,316802.46,'2012-11-29',NULL,24369.42,NULL),(378,64,'201210',7,96.79000,252902.50,NULL,103585.58,136671.79,'2012-12-30',NULL,12645.13,NULL),(379,65,'201103',0,0.00000,0.00,120423.00,NULL,120423.00,'2013-10-31',NULL,NULL,NULL),(380,65,'201107',1,63.24000,295680.00,NULL,88704.00,192192.00,'2011-09-29',NULL,14784.00,NULL),(381,65,'201108',2,64.16000,4288.00,NULL,1286.40,2491.18,'2011-10-30',-296.02,214.40,NULL),(382,65,'201109',3,70.72000,30681.50,NULL,9204.45,18442.25,'2011-11-29',-1500.72,1534.08,NULL),(383,65,'201302',4,100.00000,136897.60,NULL,21228.15,49372.64,'2013-04-29',-59451.93,6844.88,NULL),(384,66,'201202',0,0.00000,0.00,69071.76,NULL,69071.76,'2013-10-31',NULL,NULL,NULL),(385,66,'201207',1,11.87000,41002.76,NULL,8200.55,30752.07,'2012-09-29',NULL,2050.14,NULL),(386,66,'201208',2,35.47000,81480.94,NULL,16296.19,60948.98,'2012-10-30',-161.72,4074.05,NULL),(387,66,'201209',3,100.00000,222875.10,NULL,44575.02,167318.04,'2012-11-29',161.72,11143.76,NULL),(388,67,'201208',0,0.00000,0.00,336083.58,NULL,336083.58,'2013-10-31',NULL,NULL,NULL),(389,67,'201210',1,28.16000,315462.55,NULL,94638.77,205050.65,'2012-12-30',NULL,15773.13,NULL),(390,67,'201211',2,57.57000,329435.72,NULL,98830.72,213998.55,'2013-01-09',-134.66,16471.79,NULL),(391,67,'201212',3,83.85000,294478.55,NULL,88343.57,190363.83,'2013-03-01',-1047.22,14723.93,NULL),(392,67,'201301',4,100.00000,180901.77,NULL,54270.52,127813.13,'2013-04-01',1181.88,0.00,NULL),(393,68,'201202',1,24.45000,143046.81,NULL,NULL,135894.47,'2013-04-29',NULL,7152.34,NULL),(394,68,'201203',2,58.89000,201494.16,NULL,NULL,191419.45,'2013-05-30',NULL,10074.71,NULL),(395,68,'201304',3,92.22000,195000.01,NULL,NULL,185250.01,'2013-06-29',NULL,9750.00,NULL),(396,68,'201305',4,100.00000,45517.55,NULL,NULL,45517.55,'2013-07-30',NULL,0.00,NULL),(397,69,'201305',1,10.00000,156015.61,NULL,NULL,148214.83,'2013-07-30',NULL,7800.78,NULL),(398,69,'201306',2,22.50000,195019.51,NULL,NULL,185268.73,'2013-08-29',NULL,9750.78,NULL),(399,69,'201307',3,35.42000,201572.16,NULL,NULL,201572.16,'2013-09-29',NULL,0.00,NULL),(400,69,'201308',4,48.34000,201572.17,NULL,NULL,201572.17,'2013-10-30',NULL,0.00,NULL),(401,70,'201304',1,30.34000,264029.33,NULL,NULL,250827.86,'2013-06-29',NULL,13201.47,NULL),(402,70,'201305',2,63.39000,287703.87,NULL,NULL,273318.68,'2013-07-30',NULL,14385.19,NULL),(403,70,'201306',3,82.24000,163977.86,NULL,NULL,155778.97,'2013-08-29',NULL,8198.89,NULL),(404,70,'201307',4,98.65000,142831.66,NULL,NULL,135690.08,'2013-09-29',NULL,7141.58,NULL),(405,71,'201302',1,8.86000,72922.50,NULL,NULL,69276.37,'2013-04-29',NULL,3646.13,NULL),(406,71,'201303',2,48.10000,322942.50,NULL,NULL,306795.37,'2013-05-30',NULL,16147.13,NULL),(407,71,'201304',3,73.42000,208350.00,NULL,NULL,197932.50,'2013-06-29',NULL,10417.50,NULL),(408,71,'201305',4,82.28000,72922.50,NULL,NULL,72922.50,'2013-07-30',NULL,0.00,NULL),(409,71,'201305',5,100.00000,145845.00,NULL,NULL,145845.00,'2013-07-30',NULL,0.00,NULL),(410,72,'201304',1,25.00000,157500.00,NULL,NULL,149625.00,'2013-06-29',NULL,7875.00,NULL),(411,72,'201305',2,75.00000,315000.00,NULL,NULL,299250.00,'2013-07-30',NULL,15750.00,NULL),(412,72,'201306',3,100.00000,157500.00,NULL,NULL,149625.00,'2013-08-29',NULL,7875.00,NULL),(413,73,'201306',1,21.19000,665491.26,NULL,NULL,632216.70,'2013-08-29',NULL,33274.56,NULL),(414,73,'201307',2,42.34000,664322.30,NULL,NULL,664322.30,'2013-09-29',NULL,NULL,NULL),(415,73,'201308',3,62.55000,634728.60,NULL,NULL,634728.60,'2013-10-30',NULL,NULL,NULL),(416,74,'201308',0,0.00000,0.00,48702.20,NULL,48702.20,'2013-10-31',NULL,NULL,NULL),(417,75,'201305',1,10.00000,20835.00,NULL,NULL,19793.25,'2013-07-30',NULL,1041.75,NULL),(418,75,'201306',2,100.00000,187515.00,NULL,NULL,178139.25,'2013-08-29',NULL,9375.75,NULL),(419,76,'201309',0,0.00000,0.00,236425.28,NULL,236425.28,'2013-10-31',NULL,NULL,NULL),(420,77,'201308',1,8.83000,140636.88,NULL,NULL,133605.04,'2013-10-30',NULL,7031.84,NULL),(421,78,'201308',1,13.83000,209077.34,NULL,NULL,198623.47,'2013-10-30',NULL,10453.87,NULL),(422,79,'201308',1,5.00000,75457.77,NULL,NULL,71684.88,'2013-10-30',NULL,3772.89,NULL),(423,80,'201308',1,16.66000,111346.05,NULL,NULL,105778.75,'2013-10-30',NULL,5567.30,NULL),(424,81,'201308',1,6.50000,101988.07,NULL,NULL,96888.67,'2013-10-30',NULL,5099.40,NULL),(425,82,'201306',1,5.29000,51813.24,NULL,NULL,49222.58,'2013-08-29',NULL,2590.66,NULL),(426,82,'201307',2,59.91000,535403.48,NULL,NULL,508633.31,'2013-09-29',NULL,26770.17,NULL),(427,82,'201308',3,100.00000,393020.60,NULL,NULL,373369.57,'2013-10-30',NULL,19651.03,NULL),(428,107,'201310',1,98.97000,57502428.87,NULL,NULL,57502428.87,'2013-10-31',NULL,NULL,40),(429,108,'201310',47,97.77000,48561786.31,NULL,NULL,48561786.31,'2013-10-31',NULL,NULL,40),(430,109,'201304',53,97.20000,13578801.57,NULL,NULL,13578801.57,'2013-10-31',NULL,NULL,40),(431,110,'201305',42,88.15000,45934931.45,NULL,NULL,45934931.45,'2013-10-31',NULL,NULL,20),(432,111,'201310',42,77.82000,16643460.07,NULL,NULL,16643460.07,'2013-10-31',NULL,NULL,NULL),(433,112,'201303',9,84.35000,3071129.28,NULL,NULL,3071129.28,'2013-10-31',NULL,NULL,15),(434,113,'201310',1,99.99000,20513163.78,NULL,NULL,20513163.78,'2013-10-31',NULL,NULL,30),(435,114,'201306',13,100.00000,1252000.00,NULL,NULL,1252000.00,'2013-10-31',NULL,NULL,10),(436,115,'201308',15,82.14000,3247131.83,NULL,NULL,3247131.83,'2013-10-31',NULL,NULL,10),(437,116,'201301',5,100.00000,1298324.56,NULL,NULL,1298324.56,'2013-10-31',NULL,NULL,15),(438,117,'201303',15,100.00000,756899.87,NULL,NULL,756899.87,'2013-10-31',NULL,NULL,10),(439,118,'201306',7,100.00000,3998880.00,NULL,NULL,3998880.00,'2013-10-31',NULL,NULL,5),(440,119,'201308',9,64.00000,2264525.66,NULL,NULL,2264525.66,'2013-10-31',NULL,NULL,15),(441,120,'201308',9,71.33000,1194793.75,NULL,NULL,1194793.75,'2013-10-31',NULL,NULL,15),(442,121,'201304',3,100.00000,2248214.87,NULL,NULL,2248214.87,'2013-10-31',NULL,NULL,10),(443,122,'201308',6,81.95000,482715.00,NULL,NULL,482715.00,'2013-10-31',NULL,NULL,NULL),(444,123,'201307',5,62.21000,349670.00,NULL,NULL,349670.00,'2013-10-31',NULL,NULL,NULL),(445,124,'201308',4,20.92000,1133270.69,NULL,NULL,1133270.69,'2013-10-31',NULL,NULL,20),(446,125,'201308',3,100.00000,921166.68,NULL,NULL,921166.68,'2013-10-31',NULL,NULL,10),(447,126,'201308',1,19.98000,96400.00,NULL,NULL,96400.00,'2013-10-31',NULL,NULL,NULL),(448,127,'201308',1,33.33000,264800.00,NULL,NULL,264800.00,'2013-10-31',NULL,NULL,NULL),(449,132,'201307',4,36.81299,249595.40,NULL,NULL,249595.40,'2013-10-31',NULL,NULL,5),(450,133,'201205',5,76.61538,149400.00,NULL,NULL,149400.00,'2013-10-31',NULL,NULL,NULL),(451,134,'201201',1,17.53235,43618.20,NULL,NULL,43618.20,'2013-10-31',NULL,NULL,5),(452,135,'201308',3,100.00000,22000.00,NULL,NULL,22000.00,'2013-10-31',NULL,NULL,NULL),(453,136,'201309',1,5.00000,14300.00,NULL,NULL,14300.00,'2013-10-31',NULL,NULL,NULL);
/*!40000 ALTER TABLE `certificacion` ENABLE KEYS */;
UNLOCK TABLES;

--
-- Table structure for table `contrato`
--

DROP TABLE IF EXISTS `contrato`;
/*!40101 SET @saved_cs_client     = @@character_set_client */;
/*!40101 SET character_set_client = utf8 */;
CREATE TABLE `contrato` (
  `IdContrato` int(10) unsigned NOT NULL AUTO_INCREMENT,
  `IdObra` int(10) unsigned NOT NULL,
  `IdProveedor` int(10) unsigned NOT NULL,
  `Numero` varchar(10) COLLATE utf8_spanish_ci NOT NULL,
  `Fecha` date NOT NULL,
  `Monto` decimal(14,2) unsigned NOT NULL,
  `FechaBaseMonto` date NOT NULL,
  `NormaLegalAutorizacion` varchar(10) COLLATE utf8_spanish_ci NOT NULL,
  `NormaLegalAdjudicacion` varchar(10) COLLATE utf8_spanish_ci NOT NULL,
  `PlazoEjecucion` int(5) unsigned NOT NULL,
  `FechaInicio` date NOT NULL,
  `FechaFinalizacion` date NOT NULL,
  PRIMARY KEY (`IdContrato`),
  KEY `fk_contrato_obra` (`IdObra`),
  KEY `fk_contrato_proveedor` (`IdProveedor`),
  CONSTRAINT `fk_contrato_obra` FOREIGN KEY (`IdObra`) REFERENCES `obra` (`IdObra`) ON DELETE NO ACTION ON UPDATE NO ACTION,
  CONSTRAINT `fk_contrato_proveedor` FOREIGN KEY (`IdProveedor`) REFERENCES `proveedor` (`IdProveedor`) ON DELETE NO ACTION ON UPDATE NO ACTION
) ENGINE=InnoDB AUTO_INCREMENT=139 DEFAULT CHARSET=utf8 COLLATE=utf8_spanish_ci;
/*!40101 SET character_set_client = @saved_cs_client */;

--
-- Dumping data for table `contrato`
--

LOCK TABLES `contrato` WRITE;
/*!40000 ALTER TABLE `contrato` DISABLE KEYS */;
INSERT INTO `contrato` VALUES (1,1,1,'1','2010-04-20',220277.00,'2009-02-01','','206/10',60,'2011-01-05','2011-03-05'),(2,2,2,'2','2013-04-05',1210000.00,'2010-04-01','','454/12',365,'2013-04-05','2014-04-04'),(3,3,2,'3','2013-04-05',1210000.00,'2010-04-01','','009/13',365,'2013-04-05','2014-04-04'),(4,4,3,'4','2013-02-27',1210000.00,'2010-04-01','','607/12',365,'2013-02-27','2014-02-26'),(5,5,3,'5','2013-02-27',1754500.00,'2010-04-01','','008/13',365,'2013-02-27','2014-02-26'),(6,6,2,'6','2011-09-02',1167307.36,'2011-02-01','','286/11',730,'2011-12-15','2013-12-13'),(7,7,3,'7','2011-07-29',2223768.38,'2011-02-01','','286/11',730,'2011-09-05','2013-09-03'),(8,8,2,'8','2011-09-02',758277.89,'2011-02-01','','286/11',730,'2011-11-15','2013-11-13'),(9,9,2,'9','2011-09-02',548782.43,'2011-02-01','','286/11',730,'2011-11-15','2013-11-13'),(10,10,4,'10','2012-05-22',340494.00,'2012-02-01','','0210/12',90,'2012-09-25','2012-12-23'),(11,11,4,'11','2013-01-11',1752076.00,'2012-11-01','','0610/12',210,'2013-04-08','2013-11-03'),(12,12,5,'12','2013-03-27',387200.00,'2013-03-01','','0021/13',45,'2013-04-01','2013-05-15'),(13,13,6,'13','2011-11-14',6341312.00,'2010-11-01','','0494/11',180,'2012-03-01','2012-08-27'),(14,14,7,'14','2012-06-21',4396524.00,'2011-11-01','','0272/12',210,'2012-09-28','2013-04-25'),(15,15,8,'15','2011-04-18',2987439.00,'2011-03-01','','0159/11',120,'2013-06-06','2013-10-03'),(16,16,9,'16','2013-05-06',22614329.00,'2012-10-01','','0098/13',365,'2013-05-06','2014-05-07'),(17,17,10,'17','2012-01-31',12019043.00,'2011-03-11','','017/12',360,'2012-01-31','2013-01-24'),(18,18,11,'18','2012-09-04',1348138.00,'2012-09-04','','',180,'2012-09-04','2013-03-02'),(19,19,12,'19','2012-09-04',21724800.00,'2012-02-01','','415/12',180,'2012-09-04','2013-03-02'),(20,20,13,'20','2013-07-23',6028461.00,'2012-08-01','','0594/12',540,'2013-07-25','2015-01-15'),(21,21,14,'21','2012-08-29',3538917.86,'2012-01-01','','388/12',180,'2012-08-29','2013-02-24'),(22,22,15,'22','2012-09-17',1835172.67,'2012-01-01','','388/12',180,'2012-09-17','2013-03-15'),(23,23,16,'23','2012-09-07',1997213.54,'2012-01-01','','388/12',180,'2012-09-07','2013-03-05'),(24,24,17,'24','2013-01-24',1306800.00,'2012-10-01','','0609/12',180,'2013-01-24','2013-07-24'),(25,25,9,'25','2012-11-27',34008171.00,'2012-07-01','','0592/12',365,'2012-11-27','2013-11-28'),(26,26,18,'26','2013-03-13',49990284.00,'2012-08-01','','0593/12',540,'2013-03-13','2014-09-05'),(27,27,19,'27','2012-09-28',19059101.00,'2012-05-01','','0489/12',270,'2013-07-11','2014-04-06'),(28,28,20,'64/11','2011-10-13',1877963.30,'2011-07-01','678/11','862/11',90,'2012-02-17','2012-05-18'),(29,29,21,'61/11','2011-09-08',4531215.94,'2011-05-01','514/11','766/11',270,'2011-11-14','2012-08-11'),(30,30,22,'72/11','2011-12-05',13801488.64,'2011-09-01','858/11','986/11',240,'2012-04-03','2012-11-30'),(31,31,23,'26/10','2010-11-18',1499989.59,'2010-09-01','633/10','761/10',150,'2011-04-18','2011-09-16'),(32,32,24,'24/11','2011-03-11',863824.97,'2010-12-01','22/11','155/11',150,'2011-11-23','2012-04-22'),(33,33,25,'06/09','2009-01-20',400985.00,'2008-10-01','1120/08','001/09',90,'2009-02-10','2009-05-12'),(34,34,22,'upefe','2010-09-13',13798088.58,'2010-09-13','','',695,'2010-09-13','2012-08-09'),(35,35,26,'02/12','2012-01-30',665100.00,'2011-11-01','1102/11','37/12',30,'2012-02-22','2012-03-24'),(36,36,27,'03/11','2011-01-19',598718.84,'2010-11-01','619/10','34/11',120,'2011-11-14','2012-03-14'),(37,37,28,'69/11','2011-11-29',1963273.10,'2011-07-01','679/11','956/11',120,'2012-08-22','2012-12-21'),(38,38,5,'27/11','2011-03-10',649987.38,'2010-12-01','893/10','127/11',90,'2011-03-10','2011-06-09'),(39,39,27,'29/09','2009-06-05',572448.12,'2009-02-01','287/09','407/09',90,'2010-03-03','2010-06-02'),(40,40,29,'','2011-04-18',1966667.54,'2011-04-18','','',150,'2011-04-18','2011-09-16'),(41,41,27,'28/11','2011-04-25',348850.00,'2010-11-01','820/10','154/11',120,'2011-11-24','2012-03-24'),(42,42,28,'***','2012-10-26',9984972.15,'2012-10-26','','',240,'2012-10-26','2013-06-24'),(43,43,5,'02/11','2011-01-13',549228.79,'2010-10-01','742/10','940/10',60,'2011-03-04','2011-05-04'),(44,44,5,'71/11','2011-11-25',4334400.00,'2011-10-01','919/11','972/11',540,'2011-11-25','2013-05-19'),(45,45,27,'10/11','2011-05-30',59550.00,'2010-11-01','743/10','52/11',90,'2011-10-24','2012-01-23'),(46,46,30,'***','2011-06-09',12950095.95,'2011-06-09','','',210,'2011-06-09','2012-01-06'),(47,47,31,'09/12','2012-07-16',224737.65,'2012-06-01','444/12','444/12',90,'2012-07-16','2012-10-15'),(48,48,5,'12/12','2012-08-07',435161.55,'2012-06-01','485/12','485/12',90,'2012-08-10','2012-11-09'),(49,49,25,'47/07','2007-09-21',2814814.11,'2007-09-21','','',180,'2007-09-21','2008-03-20'),(50,50,31,'14/10','2010-06-18',886818.57,'2010-04-01','205/10','421/10',180,'2010-07-01','2010-12-29'),(51,51,25,'15/11','2011-02-24',1280316.00,'2010-12-01','892/10','12//11',180,'2011-02-11','2011-08-11'),(52,52,32,'07/12','2012-04-24',39903.30,'2012-02-01','194/12','194/12',30,'2012-05-07','2012-06-07'),(53,53,31,'15/12','2012-10-16',943486.12,'2012-09-01','638/12','638/12',180,'2012-12-12','2013-06-11'),(54,54,33,'03/13','2013-02-01',1899708.90,'2012-07-01','457/12','53/13',90,'2013-08-08','2013-11-07'),(55,55,26,'14/12','2012-10-16',80205.72,'2012-09-01','654/12','654/12',60,'2012-10-26','2012-12-26'),(56,56,26,'16/12','2012-11-07',254922.56,'2012-09-01','496/12','688/12',30,'2012-11-14','2012-12-15'),(57,57,34,'13/12','2012-10-16',687555.00,'2012-09-01','639/12','639/12',90,'2012-11-01','2013-01-31'),(58,58,5,'02/13','2013-01-16',422607.80,'2012-11-01','863/12','863/12',90,'2013-01-16','2013-04-17'),(59,59,32,'17/12','2013-01-03',994000.00,'2012-07-01','544/12','544/12',92,'2012-10-01','2013-01-02'),(60,60,32,'07/13','2013-04-03',945000.00,'2012-12-01','34/13','34/13',90,'2013-01-15','2013-04-16'),(61,61,22,'66/11','2012-03-01',1959553.56,'2011-07-01','716/11','861/11',120,'2012-03-01','2012-06-30'),(62,62,33,'10/12','2012-07-31',2720399.53,'2012-04-01','209/12','455/12',60,'2012-08-08','2012-10-08'),(63,63,31,'63/11','2011-10-13',1779256.69,'2011-07-01','730/11','860/11',90,'2011-11-22','2012-02-21'),(64,64,35,'62/11','2011-09-09',1794676.96,'2011-06-01','701/11','701/11',90,'2012-01-16','2012-04-16'),(65,65,25,'25/11','2011-03-01',401410.00,'2010-12-01','775/10','153/11',90,'2011-07-06','2011-10-05'),(66,66,24,'03/12','2012-01-30',345358.80,'2011-11-01','973/11','036/12',90,'2012-07-23','2012-10-22'),(67,67,36,'11/12','2012-08-09',1120278.59,'2012-05-01','210/12','487/12',90,'2012-10-19','2013-01-18'),(68,68,37,'06/13','2013-04-04',585058.53,'2013-01-01','81/13','81/13',90,'2013-02-07','2013-05-09'),(69,69,37,'10/13','2013-04-24',1560156.08,'2013-01-01','108/13','166/13',240,'2013-05-08','2014-01-04'),(70,70,5,'05/13','2013-04-03',870323.10,'2013-01-01','134/13','134/13',180,'2013-04-03','2013-10-01'),(71,71,34,'09/13','2013-03-13',687555.00,'2013-01-01','120/13','120/13',90,'2013-02-22','2013-05-24'),(72,72,32,'12/13','2013-06-04',63000.00,'2013-03-01','222/13','222/13',60,'2013-04-18','2013-06-18'),(73,73,34,'14/13','2013-07-04',3140751.62,'2013-04-01','165/13','314/13',180,'2013-06-12','2013-12-10'),(74,74,38,'13/13','2013-07-04',162340.65,'2013-04-01','263/13','263/13',60,'2013-08-01','2013-10-01'),(75,75,34,'19/13','2013-06-07',208350.00,'2013-04-01','257/13','257/13',20,'2013-05-23','2013-06-13'),(76,76,38,'18/13','2013-07-26',1182126.40,'2013-05-01','274/13','360/13',30,'2013-09-09','2013-10-10'),(77,77,39,'20/13','2013-08-20',1592115.65,'2013-06-01','393/13','400/13',180,'2013-08-16','2014-02-13'),(78,78,40,'22/13','2013-08-22',1511402.46,'2013-06-01','395/13','402/13',180,'2013-08-08','2014-02-05'),(79,79,5,'21/13','2013-08-22',1509155.34,'2013-06-01','394/13','401/13',180,'2013-08-22','2014-02-19'),(80,80,32,'24/13','2013-09-04',668343.63,'2013-07-01','462/13','462/13',30,'2013-08-27','2013-09-27'),(81,81,31,'23/11','2013-08-19',41426.00,'2013-06-01','403/13','',180,'2013-08-20','2014-02-17'),(82,82,32,'17/13','2013-08-02',980237.32,'2013-05-01','359/13','359/13',60,'2013-06-28','2013-08-28'),(83,83,41,'1','2013-01-01',68558.00,'2013-01-01','','',60,'2013-08-06','2013-10-05'),(84,84,42,'2','2013-01-01',2819849.50,'2013-01-01','','',210,'2013-05-27','2013-12-23'),(85,85,43,'3','2013-01-01',514295.00,'2013-01-01','','',90,'2013-08-08','2013-06-11'),(86,86,44,'4','2013-01-01',538805.00,'2013-01-01','','',150,'2013-05-22','2013-10-19'),(87,87,45,'5','2013-01-01',3805584.00,'2013-01-01','','',300,'2013-03-14','2014-01-08'),(88,88,46,'6','2013-01-01',3244635.19,'2013-01-01','','',210,'2012-09-20','2013-06-02'),(89,89,47,'7','2013-01-01',1771141.00,'2013-01-01','','',210,'2013-06-10','2014-01-06'),(90,90,36,'8','2013-01-01',4549900.00,'2013-01-01','','',270,'2013-04-15','2014-01-10'),(91,91,48,'9','2013-01-01',5873479.00,'2013-01-01','','',330,'2013-06-10','2014-05-06'),(92,92,42,'10','2013-01-01',9161337.00,'2013-01-01','','',420,'0000-00-00','0000-00-00'),(93,93,49,'11','2013-01-01',11590000.00,'2013-01-01','','',360,'2013-07-12','2014-07-07'),(94,94,50,'12','2013-01-01',102890.00,'2013-01-01','','',60,'2013-09-02','2013-11-01'),(95,95,49,'13','2013-01-01',2315804.00,'2013-01-01','','',300,'2013-03-12','2014-01-06'),(96,96,51,'14','2013-01-01',4050000.00,'2013-01-01','','',270,'2013-01-02','2013-09-29'),(97,97,48,'15','2013-01-01',9955204.49,'2013-01-01','','',360,'2013-06-14','2014-06-09'),(98,98,52,'16','2013-01-01',3370640.97,'2013-01-01','','',315,'2012-10-05','2013-10-01'),(99,99,53,'17','2013-01-01',7197781.55,'2013-01-01','','',240,'2013-05-17','2014-01-12'),(100,100,54,'18','2013-01-01',4331488.00,'2013-01-01','','',240,'2013-03-14','2013-11-09'),(101,101,54,'19','2013-01-01',6096260.00,'2013-01-01','','',300,'2013-04-25','2014-02-19'),(102,102,55,'20','2013-01-01',326900.00,'2013-01-01','','',60,'2013-09-11','2013-11-10'),(103,103,56,'21','2013-01-01',223900.00,'2013-01-01','','',60,'2013-09-05','2013-11-04'),(104,104,20,'22','2013-01-01',6913766.55,'2013-01-01','','',240,'2013-01-01','2013-08-30'),(105,105,57,'23','2013-01-01',135980.00,'2013-01-01','','',60,'2013-09-16','2013-11-15'),(106,106,58,'','2011-01-01',67888175.43,'2011-01-01','','',540,'2011-01-01','2012-06-25'),(107,107,59,'056/07','2007-03-30',50750065.60,'2006-08-01','957/06','166/07',730,'2007-06-21','2009-06-20'),(108,108,60,'150/08','2008-12-02',42609783.40,'2007-05-01','0671/07','0751/08',540,'2009-01-15','2010-07-14'),(109,109,61,'095/07','2007-07-13',12919101.02,'2006-12-01','','518/07',540,'2007-09-24','2009-01-04'),(110,110,62,'075/08','2008-06-03',49891768.67,'2007-09-01','076/08','076/08',720,'2008-10-01','2010-10-01'),(111,111,30,'096/07','2007-02-01',23642954.72,'2007-02-01','0361/07','0539/07',670,'2007-09-24','2010-01-04'),(112,112,63,'0140/11','2011-11-18',3540503.37,'2011-01-01','0246/11','1108/11',180,'2012-01-03','2012-07-03'),(113,113,64,'050/12','2010-08-01',20459017.33,'2010-08-01','1045/10','036/12',270,'2012-04-01','2012-12-31'),(114,114,5,'093/12','2012-06-12',1252000.00,'2012-04-01','0353/12','0417/12',360,'2012-06-22','2013-06-21'),(115,115,30,'0091/12','2012-05-31',3950248.67,'2012-02-01','0255/12','0375/12',540,'2012-06-16','2013-12-17'),(116,116,34,'0089/12','2012-02-01',1298324.56,'2012-02-01','0347/12','0446/12',120,'2012-06-11','2012-10-08'),(117,117,24,'0136/12','2012-10-24',756899.87,'2012-02-01','0423/12','0760/12',120,'2012-11-02','2013-03-02'),(118,118,65,'0137/12','2012-10-23',3998880.00,'2012-06-01','0574/12','0761/12',210,'2012-12-01','2013-06-29'),(119,119,5,'0002/13','2012-09-01',3538577.49,'2012-09-01','0713/12','0913/12',365,'2012-12-17','2013-12-16'),(120,120,5,'0001/13','2012-09-01',1674923.28,'2012-09-01','0714/12','0917/12',365,'2012-12-17','2013-12-16'),(121,121,26,'0030/13','2013-01-21',2248214.87,'2012-07-01','0751/12','0997/12',120,'2013-02-01','2013-05-31'),(122,122,34,'0046/13','2012-11-01',589050.00,'2012-11-01','0971/12','0090/13',210,'2013-03-15','2013-10-17'),(123,123,26,'0047/13','2013-03-11',562100.00,'2012-11-01','0972/12','0089/13',210,'2013-03-14','2013-10-13'),(124,124,66,'054/13','2013-03-20',5416618.87,'2010-06-01','','127/13',240,'2013-05-06','2013-01-06'),(125,125,67,'0073/13','2013-05-30',921166.68,'2013-02-01','0230/13','0344/13',90,'2013-06-10','2013-09-10'),(126,126,26,'093/13','2013-07-23',482400.00,'2013-03-01','0396/13','0528/13',150,'2013-08-01','2013-10-31'),(127,127,65,'092/13','2013-07-24',794400.00,'2013-07-24','','0530/13',90,'2013-08-01','2013-10-31'),(128,128,68,'0109/13','2013-09-11',15919972.09,'2013-09-11','0346/13','0603/13',180,'2013-09-11','2014-03-11'),(129,129,5,'','2014-01-01',3958997.40,'2013-03-01','0467/13','0773/13',180,'2014-01-01','2014-07-01'),(130,130,67,'','2014-01-01',0.00,'2014-01-01','','',180,'2014-01-01','2014-07-01'),(131,131,69,'','2014-01-01',0.00,'2014-01-01','','',240,'2014-01-01','2014-08-30'),(132,132,70,'','2010-08-01',678000.00,'2010-08-01','','',180,'2011-03-10','2011-01-29'),(133,133,71,'','2010-10-01',195000.00,'2010-10-01','','',150,'2010-10-29','2011-03-01'),(134,134,72,'','2011-03-01',248787.00,'2011-03-01','','',90,'2012-01-19','2011-05-31'),(135,135,73,'','2013-03-01',22000.00,'2013-03-01','','',45,'2013-04-22','2013-04-16'),(136,136,74,'','2013-04-01',286000.00,'2013-04-01','','',540,'2013-04-01','2014-09-24'),(137,137,75,'','2013-08-01',0.00,'2013-08-01','','',240,'2013-08-01','2014-03-30'),(138,138,76,'','2013-06-01',0.00,'2013-06-01','','',180,'2013-06-01','2013-11-29');
/*!40000 ALTER TABLE `contrato` ENABLE KEYS */;
UNLOCK TABLES;

--
-- Table structure for table `contratoplazo`
--

DROP TABLE IF EXISTS `contratoplazo`;
/*!40101 SET @saved_cs_client     = @@character_set_client */;
/*!40101 SET character_set_client = utf8 */;
CREATE TABLE `contratoplazo` (
  `IdContratoPlazo` int(10) unsigned NOT NULL AUTO_INCREMENT,
  `IdContrato` int(10) unsigned NOT NULL,
  `CantidadDias` int(5) unsigned NOT NULL,
  `NuevaFechaFinalizacion` date NOT NULL,
  `NormaLegalAprobacion` varchar(10) COLLATE utf8_spanish_ci NOT NULL,
  PRIMARY KEY (`IdContratoPlazo`),
  KEY `fk_contratoplazo_contrato` (`IdContrato`),
  CONSTRAINT `fk_contratoplazo_contrato` FOREIGN KEY (`IdContrato`) REFERENCES `contrato` (`IdContrato`) ON DELETE NO ACTION ON UPDATE NO ACTION
) ENGINE=InnoDB AUTO_INCREMENT=74 DEFAULT CHARSET=utf8 COLLATE=utf8_spanish_ci;
/*!40101 SET character_set_client = @saved_cs_client */;

--
-- Dumping data for table `contratoplazo`
--

LOCK TABLES `contratoplazo` WRITE;
/*!40000 ALTER TABLE `contratoplazo` DISABLE KEYS */;
INSERT INTO `contratoplazo` VALUES (1,1,54,'2011-04-28','444/11'),(2,13,256,'2013-05-10','056/13'),(3,28,0,'2012-05-28',''),(4,29,0,'2012-08-09',''),(5,30,0,'2012-04-02',''),(6,31,60,'2012-01-08','162/12'),(7,32,45,'2012-01-06',''),(8,33,0,'2013-04-30',''),(9,34,510,'2013-02-05',''),(10,35,0,'2012-02-21',''),(11,36,0,'2012-03-12',''),(12,37,60,'2012-08-21',''),(13,39,145,'2011-12-03','641/11'),(14,40,90,'2012-06-02',''),(15,41,45,'2012-10-20',''),(16,42,165,'2013-12-05',''),(17,43,105,'2011-06-16',''),(18,45,0,'2012-01-21',''),(19,46,552,'2013-07-10',''),(20,47,0,'2012-07-15',''),(21,48,0,'2012-08-09',''),(22,49,0,'2009-02-22',''),(23,50,0,'2010-12-27',''),(24,51,0,'2011-08-09',''),(25,52,0,'2012-06-05',''),(26,54,30,'2013-05-10',''),(27,57,0,'2013-01-29',''),(28,58,0,'2013-04-15',''),(29,59,0,'2012-12-31',''),(30,60,0,'2013-04-14',''),(31,61,60,'2012-11-12',''),(32,62,0,'2012-08-07',''),(33,63,0,'2012-02-19',''),(34,64,45,'2012-10-11',''),(35,65,45,'2012-07-23',''),(36,66,0,'2012-10-20',''),(37,67,0,'2013-01-16',''),(38,68,0,'2013-05-07',''),(39,69,0,'2014-01-02',''),(40,70,0,'2013-09-29',''),(41,71,0,'2013-05-22',''),(42,72,0,'2013-06-16',''),(43,73,0,'2013-12-08',''),(44,74,0,'2013-09-29',''),(45,75,0,'2013-06-11',''),(46,76,0,'2013-10-08',''),(47,77,0,'2014-02-11',''),(48,78,0,'2014-02-03',''),(49,79,0,'2014-02-17',''),(50,80,0,'2013-09-25',''),(51,81,0,'2014-02-15',''),(52,107,120,'2009-10-21','0557/08'),(53,108,16,'2010-07-31','0850/09'),(54,109,60,'2012-05-14','128/12'),(55,110,240,'2011-08-11','0690/10'),(56,111,90,'2012-07-15','0338/12'),(57,112,90,'2013-09-06','0744/13'),(58,113,60,'2013-03-01','0047/13'),(59,116,0,'2013-01-22','0866/12'),(60,107,60,'2009-12-21','0675/09'),(61,108,60,'2010-09-30','0201/10'),(62,109,90,'2013-03-22','028/13'),(63,110,120,'2012-07-27','496/12'),(64,107,90,'2010-03-21','1157/09'),(65,108,30,'2010-10-30','0432/10'),(66,110,120,'2013-07-02','0044/13'),(67,107,90,'2010-06-19','0267/10'),(68,108,90,'2011-01-31','1230/10'),(69,110,90,'2013-09-17','0623/13'),(70,107,120,'2012-02-28','0964/11'),(71,108,60,'2011-03-31','0243/10'),(72,107,120,'2012-06-30','0135/12'),(73,108,100,'2012-03-31','0245/12');
/*!40000 ALTER TABLE `contratoplazo` ENABLE KEYS */;
UNLOCK TABLES;

--
-- Table structure for table `estadoobra`
--

DROP TABLE IF EXISTS `estadoobra`;
/*!40101 SET @saved_cs_client     = @@character_set_client */;
/*!40101 SET character_set_client = utf8 */;
CREATE TABLE `estadoobra` (
  `IdEstadoObra` int(10) unsigned NOT NULL AUTO_INCREMENT,
  `Descripcion` varchar(50) COLLATE utf8_spanish_ci NOT NULL,
  PRIMARY KEY (`IdEstadoObra`)
) ENGINE=InnoDB AUTO_INCREMENT=14 DEFAULT CHARSET=utf8 COLLATE=utf8_spanish_ci;
/*!40101 SET character_set_client = @saved_cs_client */;

--
-- Dumping data for table `estadoobra`
--

LOCK TABLES `estadoobra` WRITE;
/*!40000 ALTER TABLE `estadoobra` DISABLE KEYS */;
INSERT INTO `estadoobra` VALUES (1,'EN PROYECTO'),(2,'A LICITAR'),(3,'EN TRMITE DE LICITACIN'),(4,'EN TRMITE DE ADJUDICACIN'),(5,'A INICIAR'),(6,'EN EJECUCIN'),(7,'PARALIZADA'),(8,'FINALIZADA'),(9,'EN TRMITE DE RECEPCIN PROVISORIA'),(10,'EN GARANTA'),(11,'EN TRMITE DE RECEPCIN DEFINITIVA'),(12,'CON RECEPCIN DEFINITIVA'),(13,'RESCINDIDA');
/*!40000 ALTER TABLE `estadoobra` ENABLE KEYS */;
UNLOCK TABLES;

--
-- Table structure for table `fuentefinanciamiento`
--

DROP TABLE IF EXISTS `fuentefinanciamiento`;
/*!40101 SET @saved_cs_client     = @@character_set_client */;
/*!40101 SET character_set_client = utf8 */;
CREATE TABLE `fuentefinanciamiento` (
  `IdFuenteFinanciamiento` int(10) unsigned NOT NULL AUTO_INCREMENT,
  `CodigoFufi` varchar(4) COLLATE utf8_spanish_ci NOT NULL,
  `Descripcion` varchar(255) COLLATE utf8_spanish_ci NOT NULL,
  PRIMARY KEY (`IdFuenteFinanciamiento`)
) ENGINE=InnoDB AUTO_INCREMENT=14 DEFAULT CHARSET=utf8 COLLATE=utf8_spanish_ci;
/*!40101 SET character_set_client = @saved_cs_client */;

--
-- Dumping data for table `fuentefinanciamiento`
--

LOCK TABLES `fuentefinanciamiento` WRITE;
/*!40000 ALTER TABLE `fuentefinanciamiento` DISABLE KEYS */;
INSERT INTO `fuentefinanciamiento` VALUES (1,'2112','FUFI SIN DESCRIPCION'),(2,'4650','FUFI SIN DESCRIPCION'),(3,'3615','FUFI SIN DESCRIPCION'),(4,'6120','FUFI SIN DESCRIPCION'),(5,'5381','FUFI SIN DESCRIPCION'),(6,'4373','FUFI SIN DESCRIPCION'),(7,'UPEF','FUFI SIN DESCRIPCION'),(8,'5454','FUFI SIN DESCRIPCION'),(9,'5456','FUFI SIN DESCRIPCION'),(10,'1111','FUFI SIN DESCRIPCION'),(11,'3484','FUFI SIN DESCRIPCION'),(12,'6134','FUFI SIN DESCRIPCION'),(13,'5471','FUFI SIN DESCRIPCION');
/*!40000 ALTER TABLE `fuentefinanciamiento` ENABLE KEYS */;
UNLOCK TABLES;

--
-- Table structure for table `localidad`
--

DROP TABLE IF EXISTS `localidad`;
/*!40101 SET @saved_cs_client     = @@character_set_client */;
/*!40101 SET character_set_client = utf8 */;
CREATE TABLE `localidad` (
  `IdLocalidad` int(10) unsigned NOT NULL AUTO_INCREMENT,
  `Nombre` varchar(100) COLLATE utf8_spanish_ci NOT NULL,
  `CodigoPostal` varchar(8) COLLATE utf8_spanish_ci NOT NULL,
  PRIMARY KEY (`IdLocalidad`)
) ENGINE=InnoDB AUTO_INCREMENT=425 DEFAULT CHARSET=utf8 COLLATE=utf8_spanish_ci;
/*!40101 SET character_set_client = @saved_cs_client */;

--
-- Dumping data for table `localidad`
--

LOCK TABLES `localidad` WRITE;
/*!40000 ALTER TABLE `localidad` DISABLE KEYS */;
INSERT INTO `localidad` VALUES (1,'ACHICO','8315'),(2,'AGRIO BALSA','8351'),(3,'AGUADA CHACAY CO','8353'),(4,'AGUADA FLORENCIO','8340'),(5,'AGUADA SAN ROQUE','8305'),(6,'AGUAS DE LAS MULAS','8349'),(7,'ALIANZA','8373'),(8,'ALICURA','8403'),(9,'ALUMINE','8345'),(10,'ANDACOLLO','8353'),(11,'AELO','8305'),(12,'ANQUINCO','8353'),(13,'ARROYITO','8313'),(14,'ARROYITO CHALLACO','8313'),(15,'ARROYO BLANCO','8353'),(16,'ARROYO CAHUNCO','8347'),(17,'ARROYO QUILLEN','8341'),(18,'ARROYO RANQUILCO','8347'),(19,'ATREUCO','8371'),(20,'AUCA MAHUIDA','8305'),(21,'AUCA PAN','8373'),(22,'BAJADA COLORADA','8315'),(23,'BAJADA DE LOS MOLLES','8340'),(24,'BAJADA DEL AGRIO','8351'),(25,'BAJADA DEL MARUCHO','8340'),(26,'BALNEARIO DEL RIO AGRIO','8351'),(27,'BALSA DEL RIO AGRIO','8351'),(28,'BALSA SENILLOSA','8316'),(29,'BARDA ANGUIL','8340'),(30,'BARDA NEGRA','8340'),(31,'BARRANCAS','8353'),(32,'BATRE LAUQUEN','8353'),(33,'BELLA VISTA','8353'),(34,'BUENA ESPERANZA','8360'),(35,'BUTA CO','8353'),(36,'BUTA MALLIN','8353'),(37,'BUTA RANQUIL','8353'),(38,'BUTALON','8353'),(39,'CAEPE MALAL','8353'),(40,'CAICHIHUE','8340'),(41,'CAJON DE ALMAZA','8349'),(42,'CAJON DE LOS PATOS','8349'),(43,'CAJON DE MANZANO','8349'),(44,'CAJON DEL TORO','8347'),(45,'CAJON GRANDE','8353'),(46,'CALEUFU','8373'),(47,'CALIHUE','8347'),(48,'CAMALEONES','8353'),(49,'CAMINERA','8370'),(50,'CAMINERA TRAFUL','8403'),(51,'CAMPAMENTO SOL','8319'),(52,'CAADA SECA','8353'),(53,'CAADON DE LOS INDIOS','8375'),(54,'CAADON DEL INDIO','8375'),(55,'CANCHA HUINGANCO','8353'),(56,'CARRAN CURA','8315'),(57,'CARRERI','8347'),(58,'CARRI LAUQUEN','8315'),(59,'CARRI LIL','8345'),(60,'CASA DE PIEDRA','8353'),(61,'CATAN LIL','8341'),(62,'CAVIAHUE','8349'),(63,'CAYANTA','8353'),(64,'CENTENARIO','8309'),(65,'CERRO COLORADO','8347'),(66,'CERRO DE LA GRASA','8347'),(67,'CERRO DE LA PARVA','8349'),(68,'CERRO DE LOS PINOS','8373'),(69,'CERRO DEL LEON','8313'),(70,'CERRO GATO','8375'),(71,'CERRO NEGRO CHAPUA','8353'),(72,'CERRO NEGRO TRICAO','8353'),(73,'CHACABUCO','8373'),(74,'CHACAY','8347'),(75,'CHACAY CO','8353'),(76,'CHACAY MELEHUE','8353'),(77,'CHACAYCO','8340'),(78,'CHACOYAL','8373'),(79,'CHALLACO','8318'),(80,'CHANQUIL QUILLA','8345'),(81,'CHAPELCO','8370'),(82,'CHAPUA','8353'),(83,'CHAPUA ABAJO','8353'),(84,'CHARAHUILLA','8341'),(85,'CHENQUECURA','8349'),(86,'CHICHIGUAY','8373'),(87,'CHIMEHUIN','8373'),(88,'CHINA MUERTA','8316'),(89,'CHINCHINA','8373'),(90,'CHIUQUILLIHUIN','8371'),(91,'CHOCHOY MALLIN','8349'),(92,'CHORRIACA','8351'),(93,'CHOS MALAL','8353'),(94,'COCHICO','8347'),(95,'CODIHUE','8347'),(96,'COIHUECO','8351'),(97,'COLI MALAL','8351'),(98,'COLIPILI','8349'),(99,'COLLON CURA','8375'),(100,'COLLUN CO','8371'),(101,'CONFLUENCIA DEL AGUIJON','8351'),(102,'COPAHUE','8349'),(103,'CORRAL DE PIEDRA','8347'),(104,'CORRENTOSO','8407'),(105,'COSTA DEL ARROYO SALADO','8351'),(106,'COSTA LIMAY','8315'),(107,'COVUNCO','8340'),(108,'COVUNCO ABAJO','8351'),(109,'COVUNCO ARRIBA','8340'),(110,'COVUNCO CENTRO','8351'),(111,'COYUCO COCHICO','8353'),(112,'CUCHILLO CURA','8347'),(113,'CULLIN MANZANO','8401'),(114,'CURA CO','8353'),(115,'CURU  LEUVU','8353'),(116,'CUTRAL CO','8322'),(117,'EL ALAMITO','8353'),(118,'EL ARBOLITO','8407'),(119,'EL ATRAVESADO','8347'),(120,'EL BOSQUE','8349'),(121,'EL CERRITO','8370'),(122,'EL CHINGUE','8353'),(123,'EL CHOLAR','8353'),(124,'EL CURILEO','8353'),(125,'EL DORMIDO','8341'),(126,'EL DURAZNO','8353'),(127,'EL ESCORIAL','8347'),(128,'EL GATO','8341'),(129,'EL HUECU','8349'),(130,'EL MACHETE','8407'),(131,'EL MANZANO','8403'),(132,'EL OASIS','8370'),(133,'EL OVERO','8340'),(134,'EL PALAO','8347'),(135,'EL PERALITO','8351'),(136,'EL PINO ANDINO','8349'),(137,'EL PORTON','8353'),(138,'EL PORVENIR','8370'),(139,'EL SALADO','8351'),(140,'EL SALITRAL','8375'),(141,'EL SAUCE','8313'),(142,'EL TROMEN','8353'),(143,'EL TROPEZON','8340'),(144,'ESPINAZO DEL ZORRO','8341'),(145,'ESTANCIA LA PRIMAVERA','8403'),(146,'ESTANCIA NEWBERY','8401'),(147,'ESTANCIA TEQUEL MALAL','8401'),(148,'FILMATUE','8353'),(149,'FILO HUA HUM','8370'),(150,'FLORES','8353'),(151,'FORTIN 1 DE MAYO','8341'),(152,'FORTIN GUAACOS','8353'),(153,'FRANHUCURA','8351'),(154,'GENTE GRANDE','8379'),(155,'GOI CO','8340'),(156,'GUAACOS','8353'),(157,'HAICHOL','8347'),(158,'HARAS PATRIA','8345'),(159,'HAYCU','8349'),(160,'HUA HUM','8370'),(161,'HUALCUPEN','8349'),(162,'HUANTRAICO','8353'),(163,'HUARACO','8353'),(164,'HUARENCHENQUE','8349'),(165,'HUECHAHUE','8375'),(166,'HUECHULAFQUEN','8371'),(167,'HUILLILON','8347'),(168,'HUINCA LU','8403'),(169,'HUINGANCO','8353'),(170,'HUITRIN','8353'),(171,'HUMIGAMIO','8353'),(172,'HUNCAL','8351'),(173,'INVERNADA VIEJA','8353'),(174,'ISLA VICTORIA','8400'),(175,'JECANASCO','8353'),(176,'JUARANCO','8353'),(177,'JUNIN DE LOS ANDES','8371'),(178,'KILCA CASA','8345'),(179,'LA ANGOSTURA DE ICALMA','8345'),(180,'LA ARAUCARIA','8401'),(181,'LA ARBOLEDA','8341'),(182,'LA ARGENTINA','8349'),(183,'LA ATALAYA','8371'),(184,'LA BUITRERA','8347'),(185,'LA CIENAGA','8353'),(186,'LA CIENEGUITA','8353'),(187,'LA ESTACADA','8401'),(188,'LA FORTUNA','8370'),(189,'LA FRIA','8340'),(190,'LA ISABEL','8340'),(191,'LA LIPELA','8401'),(192,'LA NEGRA','8375'),(193,'LA OFELIA','8341'),(194,'LA PATAGONIA','8340'),(195,'LA PATRIA','8340'),(196,'LA PICAZA','8340'),(197,'LA PINTADA','8315'),(198,'LA POCHOLA','8340'),(199,'LA PORTEA','8347'),(200,'LA PRIMAVERA','8353'),(201,'LA RINCONADA','8375'),(202,'LA SALADA','8353'),(203,'LA SUSANA','8340'),(204,'LA TERESA','8315'),(205,'LA TERESA','8340'),(206,'LA UNION','8371'),(207,'LA VERDAD','8347'),(208,'LAGO LOLOG','8370'),(209,'LAGO ORQUINCO','8345'),(210,'LAGO PULMARI','8345'),(211,'LAGOTERA','8345'),(212,'LAGUNA BLANCA','8340'),(213,'LAGUNA MIRANDA','8340'),(214,'LAJA','8341'),(215,'LAPA','8341'),(216,'LAPACHAL','8341'),(217,'LAS ABEJAS','8353'),(218,'LAS BANDURRIAS','8370'),(219,'LAS BARDITAS','8340'),(220,'LAS CHACRAS','8353'),(221,'LAS COLORADAS','8341'),(222,'LAS CORTADERAS','8340'),(223,'LAS CORTADERAS','8353'),(224,'LAS LAGUNAS','8353'),(225,'LAS LAJAS','8347'),(226,'LAS LAJITAS','8347'),(227,'LAS MERCEDES','8373'),(228,'LAS OVEJAS','8353'),(229,'LAS PERLAS','8300'),(230,'LAS SALADAS','8353'),(231,'LAS TOSCAS','8347'),(232,'LAS TRES LAGUNAS','8347'),(233,'LASCAR','8370'),(234,'LEUTO CABALLO','8353'),(235,'LILEO','8353'),(236,'LIMAY CENTRO','8313'),(237,'LITRAN','8345'),(238,'LIU CULLIN','8347'),(239,'LLAMUCO','8347'),(240,'LOLOG','8370'),(241,'LOMA DE LA LATA','8300'),(242,'LONCO LUAN','8345'),(243,'LONCO MULA','8345'),(244,'LONCOPUE','8349'),(245,'LOS BOLILLOS','8353'),(246,'LOS CARRIZOS','8353'),(247,'LOS CATUTOS','8340'),(248,'LOS CHACALES','8353'),(249,'LOS CHIHUIDOS','8305'),(250,'LOS CHINITOS','8305'),(251,'LOS CISNES','8353'),(252,'LOS ENTIERROS','8353'),(253,'LOS GALPONES','8347'),(254,'LOS MENUCOS','8353'),(255,'LOS MICHES','8353'),(256,'LOS MOLLES','8353'),(257,'LOS MUCHACHOS','8340'),(258,'LOS RODILLOS','8341'),(259,'LOS SAUCES','8313'),(260,'LOS TRES CHORROS','8353'),(261,'LUBECA','8371'),(262,'LUICOCO','8353'),(263,'LUIN COCO','8353'),(264,'MACHICO','8353'),(265,'MALALCO','8341'),(266,'MALLIN BLANCO','8347'),(267,'MALLIN CHILENO','8347'),(268,'MALLIN DE LA CUEVA','8347'),(269,'MALLIN DE LAS YEGUAS','8375'),(270,'MALLIN DE LOS CABALLOS','8340'),(271,'MALLIN DE MENA','8347'),(272,'MALLIN DEL RUBIO','8347'),(273,'MALLIN DEL TORO','8349'),(274,'MALLIN QUEMADO','8347'),(275,'MAMUL MALAL','8371'),(276,'MANZANO AMARGO','8353'),(277,'MARI MENUCO','8300'),(278,'MARIANO MORENO','8351'),(279,'MAYAN MAHUIDA','8353'),(280,'MEDIA LUNA','8341'),(281,'MILLA','8353'),(282,'MINA CARRASCOSA','8353'),(283,'MINA LILEO','8353'),(284,'MOQUEHUE','8345'),(285,'MULICHINCO','8349'),(286,'NAHUEL HUAPI','8401'),(287,'NAHUEL MAPE','8371'),(288,'NAHUEVE','8353'),(289,'NALAY CULLIN','8349'),(290,'NAU NAUCO','8351'),(291,'NERECO NORTE','8353'),(292,'NEUQUEN','8300'),(293,'NIRECO','8353'),(294,'IRECO SUD','8340'),(295,'NOGUEIRA','8315'),(296,'ORQUIN','8349'),(297,'OCTAVIO PICO','8319'),(298,'OJO DE AGUA','8340'),(299,'OJO DE AGUA','8341'),(300,'PALAU','8353'),(301,'PALITUE','8371'),(302,'PAMPA COLLON CURA','8375'),(303,'PAMPA DE LONCO LUAN','8345'),(304,'PAMPA DE TRIL','8353'),(305,'PAMPA DEL MALLEO','8373'),(306,'PAMPA DEL SALADO','8351'),(307,'PAMPA FERREIRA','8353'),(308,'PANTANITOS','8313'),(309,'PASO AGUERRE','8313'),(310,'PASO ANCHO','8347'),(311,'PASO BARDA','8353'),(312,'PASO CATA TUN','8341'),(313,'PASO COIHUE','8401'),(314,'PASO DE LOS INDIOS','8318'),(315,'PASO DE SAN IGNACIO','8375'),(316,'PEA COLORADA','8373'),(317,'PENINSULA HUEMUL','8400'),(318,'PICHAIHUE','8351'),(319,'PICHE PONON','8347'),(320,'PICHI NEUQUEN','8351'),(321,'PICUN LEUFU','8313'),(322,'PIEDRA DEL AGUILA','8315'),(323,'PIEDRA MALA','8371'),(324,'PIEDRA PINTADA','8315'),(325,'PIEDRAS BAYAS','8347'),(326,'PILMATUE','8351'),(327,'PILO LIL','8373'),(328,'PINO HACHADO','8347'),(329,'PINO SOLO','8347'),(330,'PLANICIE BANDERITA','8301'),(331,'PLAZA HUINCUL','8318'),(332,'PLOTTIER','8316'),(333,'PORTADA COVUNCO','8340'),(334,'PORTEZUELO GRANDE','8300'),(335,'POZO HUALICHES','8347'),(336,'PRIMEROS PINOS','8347'),(337,'PUEBLO NUEVO','8322'),(338,'PUENTE PICUN LEUFU','8340'),(339,'PUERTO ANCHORENA','8400'),(340,'PUERTO MANZANO','8407'),(341,'PUESTO HERNANDEZ  BATERIAS','8319'),(342,'PUNTA DE SIERRA','8305'),(343,'QUEBRADA HONDA','8347'),(344,'QUEMPU LEUFU','8353'),(345,'QUEMQUEMTREU','8375'),(346,'QUENTRENQUEN','8373'),(347,'QUILA QUEHUE','8371'),(348,'QUILA QUINA','8370'),(349,'QUILCA','8345'),(350,'QUILI MALAL','8351'),(351,'QUILLEN','8341'),(352,'QUILQUIHUE','8371'),(353,'QUININELIU','8341'),(354,'QUINQUIMITREO','8373'),(355,'QUINTUCO','8351'),(356,'QUITA QUINA','8370'),(357,'RAHUE','8341'),(358,'RAMICHAL','8347'),(359,'RAMON M CASTRO','8340'),(360,'RANQUELES','8349'),(361,'RANQUIL VEGA','8353'),(362,'RANQUILCO','8349'),(363,'RANQUILON','8349'),(364,'REILEO','8353'),(365,'RICHOIQUE','8349'),(366,'RINCON CHICO','8401'),(367,'RINCON DE EMILIO','8300'),(368,'RINCON DE LOS SAUCES','8319'),(369,'RINCON GRANDE','8401'),(370,'RIO AGRIO','8351'),(371,'RIO BARRANCAS','8353'),(372,'RUCA CHOROY ARRIBA','8345'),(373,'SAINUCO','8345'),(374,'SALQUICO','8347'),(375,'SAN BERNARDO','8315'),(376,'SAN DEMETRIO','8347'),(377,'SAN EDUARDO','8353'),(378,'SAN IGNACIO','8375'),(379,'SAN JUAN JUNIN DE LOS ANDES','8371'),(380,'SAN JUAN RAHUE','8341'),(381,'SAN MARTIN DE LOS ANDES','8370'),(382,'SAN PATRICIO DEL CHAAR','8305'),(383,'SAICO','8315'),(384,'SANTA ISABEL','8315'),(385,'SANTA ISABEL','8349'),(386,'SANTA ISABEL','8375'),(387,'SANTA MARIA','8401'),(388,'SANTO DOMINGO','8340'),(389,'SANTO TOMAS','8315'),(390,'SAUZAL BONITO','8319'),(391,'SENILLOSA','8316'),(392,'TAQUI NILEU','8340'),(393,'TAQUIMILAN','8351'),(394,'TAQUIMILLAN ABAJO','8353'),(395,'TIERRAS BLANCAS','8353'),(396,'TIHUE','8353'),(397,'TIPILIUKE','8373'),(398,'TRAHUNCURA','8351'),(399,'TRALAITUE','8349'),(400,'TRATAYEN','8305'),(401,'TRES CHORROS','8353'),(402,'TRES PICOS','8371'),(403,'TRES PIEDRAS','8340'),(404,'TRICAO MALAL','8353'),(405,'TRILI','8353'),(406,'TROMEN','8371'),(407,'TROMPUL','8370'),(408,'VACA MUERTA','8351'),(409,'VARVARCO','8353'),(410,'VILLA CURI LEUVU','8353'),(411,'VILLA EL CHOCON','8311'),(412,'VILLA LA ANGOSTURA','8407'),(413,'VILLA LAGO MELIQUINA','8370'),(414,'VILLA PEHUENIA','8345'),(415,'VILLA RAUR','8370'),(416,'VILLA RINCON CHICO','8315'),(417,'VILLA TRAFUL','8403'),(418,'VILU MALLIN','8349'),(419,'VISTA ALEGRE NORTE','8309'),(420,'VISTA ALEGRE SUR','8309'),(421,'ZAINA YEGUA','8315'),(422,'ZAPALA','8340'),(423,'ZINGONE Y CIA M','8375'),(424,'ZULEMITA','8375');
/*!40000 ALTER TABLE `localidad` ENABLE KEYS */;
UNLOCK TABLES;

--
-- Table structure for table `menu`
--

DROP TABLE IF EXISTS `menu`;
/*!40101 SET @saved_cs_client     = @@character_set_client */;
/*!40101 SET character_set_client = utf8 */;
CREATE TABLE `menu` (
  `IdMenu` int(10) unsigned NOT NULL AUTO_INCREMENT,
  `IdMenuContenedor` int(10) unsigned DEFAULT NULL,
  `IdPagina` int(10) unsigned DEFAULT NULL,
  `Nombre` varchar(100) COLLATE utf8_spanish_ci NOT NULL,
  `Orden` smallint(5) unsigned DEFAULT NULL,
  `Target` varchar(20) COLLATE utf8_spanish_ci NOT NULL DEFAULT '_self',
  `Activo` tinyint(1) unsigned NOT NULL DEFAULT '1',
  PRIMARY KEY (`IdMenu`),
  KEY `fk_menu_pagina` (`IdPagina`),
  KEY `fk_menu_menu` (`IdMenuContenedor`),
  CONSTRAINT `fk_menu_menu` FOREIGN KEY (`IdMenuContenedor`) REFERENCES `menu` (`IdMenu`) ON DELETE NO ACTION ON UPDATE NO ACTION,
  CONSTRAINT `fk_menu_pagina` FOREIGN KEY (`IdPagina`) REFERENCES `pagina` (`IdPagina`) ON DELETE NO ACTION ON UPDATE NO ACTION
) ENGINE=InnoDB AUTO_INCREMENT=19 DEFAULT CHARSET=utf8 COLLATE=utf8_spanish_ci;
/*!40101 SET character_set_client = @saved_cs_client */;

--
-- Dumping data for table `menu`
--

LOCK TABLES `menu` WRITE;
/*!40000 ALTER TABLE `menu` DISABLE KEYS */;
INSERT INTO `menu` VALUES (1,NULL,NULL,'Inicio',1,'_self',1),(2,1,3,'Pgina Inicial',1,'_self',1),(3,1,4,'Cambio Contrasea',2,'_self',1),(6,1,2,'Salir',3,'_self',1),(7,NULL,NULL,'Obras',3,'_self',1),(8,NULL,NULL,'Tesorera',4,'_self',1),(9,8,12,'Pagos',1,'_self',1),(11,7,5,'Registro de Obras',1,'_self',1),(12,7,11,'Certificacin por Periodo',2,'_self',1),(13,NULL,NULL,'Administracin',2,'_self',1),(14,13,14,'Usuarios',NULL,'_self',1),(15,13,16,'Organismos',NULL,'_self',1),(16,13,18,'Fuentes de Financiamiento',NULL,'_self',1),(17,13,20,'Tipos de Obra',NULL,'_self',1),(18,13,22,'Estados de Obra',NULL,'_self',1);
/*!40000 ALTER TABLE `menu` ENABLE KEYS */;
UNLOCK TABLES;

--
-- Table structure for table `obra`
--

DROP TABLE IF EXISTS `obra`;
/*!40101 SET @saved_cs_client     = @@character_set_client */;
/*!40101 SET character_set_client = utf8 */;
CREATE TABLE `obra` (
  `IdObra` int(10) unsigned NOT NULL AUTO_INCREMENT,
  `Codigo` varchar(4) COLLATE utf8_spanish_ci NOT NULL,
  `Denominacion` varchar(255) COLLATE utf8_spanish_ci NOT NULL,
  `IdOrganismo` int(10) unsigned NOT NULL,
  `CreditoPresupuestarioAprobado` decimal(14,2) unsigned DEFAULT NULL,
  `Expediente` varchar(50) COLLATE utf8_spanish_ci DEFAULT NULL,
  `MemoriaDescriptiva` text COLLATE utf8_spanish_ci,
  `CantidadBeneficiarios` int(10) unsigned DEFAULT NULL,
  `PresupuestoOficial` decimal(14,2) DEFAULT NULL,
  `FechaPresupuestoOficial` date DEFAULT NULL,
  `IdTipoObra` int(10) unsigned DEFAULT NULL,
  `Latitud` varchar(20) COLLATE utf8_spanish_ci DEFAULT NULL,
  `Longitud` varchar(20) COLLATE utf8_spanish_ci DEFAULT NULL,
  `IdEstadoObra` int(10) unsigned NOT NULL,
  PRIMARY KEY (`IdObra`),
  KEY `fk_obra_organismo` (`IdOrganismo`),
  KEY `fk_obra_tipoobra` (`IdTipoObra`),
  KEY `fk_obra_estadoobra` (`IdEstadoObra`),
  CONSTRAINT `fk_obra_estadoobra` FOREIGN KEY (`IdEstadoObra`) REFERENCES `estadoobra` (`IdEstadoObra`) ON DELETE NO ACTION ON UPDATE NO ACTION,
  CONSTRAINT `fk_obra_organismo` FOREIGN KEY (`IdOrganismo`) REFERENCES `organismo` (`IdOrganismo`) ON DELETE NO ACTION ON UPDATE NO ACTION,
  CONSTRAINT `fk_obra_tipoobra` FOREIGN KEY (`IdTipoObra`) REFERENCES `tipoobra` (`IdTipoObra`) ON DELETE NO ACTION ON UPDATE NO ACTION
) ENGINE=InnoDB AUTO_INCREMENT=139 DEFAULT CHARSET=utf8 COLLATE=utf8_spanish_ci;
/*!40101 SET character_set_client = @saved_cs_client */;

--
-- Dumping data for table `obra`
--

LOCK TABLES `obra` WRITE;
/*!40000 ALTER TABLE `obra` DISABLE KEYS */;
INSERT INTO `obra` VALUES (1,'0001','CONTRATACIN DE MANO DE OBRA PARA LA EJECUCIN DE ZANJEO EN VEREDAS, CALLES Y CRUCE SUBTERRNEO DEL ARROYO TRABUNCO EN SAN MARTN DE LOS ANDES',2,0.00,'3862-10610/006',NULL,NULL,185130.00,'2010-04-01',NULL,NULL,NULL,7),(2,'0002','CONTRATACIN DE M.O PARA OBRAS DE DISTRIBUCION Y A P - CONVENIO MARCO 2011/2012  (2 PERIODO) - ZONA NORTE',2,1990000.00,'4864-03600',NULL,NULL,1121000.00,'2010-04-01',NULL,NULL,NULL,6),(3,'0003','CONTRATACIN DE M.O PARA OBRAS DE DISTRIBUCION Y A P - CONVENIO MARCO 2011/2012  (2 PERIODO) - ZONA OESTE',2,1990000.00,'4864-03600',NULL,NULL,1121000.00,'2010-04-01',NULL,NULL,NULL,6),(4,'0004','CONTRATACIN DE M.O PARA OBRAS DE DISTRIBUCION Y A P - CONVENIO MARCO 2011/2012  (2 PERIODO) - ZONA ESTE',2,1990000.00,'4864-03600',NULL,NULL,1121000.00,'2010-04-01',NULL,NULL,NULL,6),(5,'0005','CONTRATACIN DE M.O PARA OBRAS DE DISTRIBUCION Y A P - CONVENIO MARCO 2011/2012  (2 PERIODO) - ZONA SUR',2,1990000.00,'4864-03600',NULL,NULL,1754500.00,'2010-04-01',NULL,NULL,NULL,6),(6,'0006','MANTENIMIENTO SISTEMA FOTOVOLTAICO (1 PERIODO) - ZONA NORTE',2,0.00,'4864-05135',NULL,NULL,1015049.88,'2010-09-01',NULL,NULL,NULL,6),(7,'0007','MANTENIMIENTO SISTEMA FOTOVOLTAICO (1 PERIODO) - ZONA OESTE',2,0.00,'4864-05135',NULL,NULL,1887424.55,'2010-09-01',NULL,NULL,NULL,6),(8,'0008','MANTENIMIENTO SISTEMA FOTOVOLTAICO (1 PERIODO) - ZONA SUR',2,0.00,'4864-05135',NULL,NULL,659372.08,'2010-09-01',NULL,NULL,NULL,6),(9,'0009','MANTENIMIENTO SISTEMA FOTOVOLTAICO (1 PERIODO) - ZONA ESTE',2,0.00,'4864-05135',NULL,NULL,481388.09,'2010-09-01',NULL,NULL,NULL,6),(10,'0010','ADECUACIONES SEDE CENTRAL EPEN AO 2012',2,850000.00,'4864-09405',NULL,NULL,324280.00,'2011-12-01',NULL,NULL,NULL,7),(11,'0011','SERVICIO ELCTRICO CAVIAHUE',2,300000.00,'4764-01083/003',NULL,NULL,1644857.37,'2012-05-01',NULL,NULL,NULL,7),(12,'0012','LINEA DE MEDIA TENSION 13.2 KV VINCULACIN MCH - GG SISTEMA HIBRIDO COCHICO',2,850000.00,'4864-05734',NULL,NULL,404467.58,'2013-02-01',NULL,NULL,NULL,8),(13,'0013','2 LINEA 33 KV ET PIO PROTTO  - SET SMA - CONST. TRAMO SUBTERRANEO ZONA CURVA PIO PROTTO',2,2794655.00,'3862-02387',NULL,NULL,4713571.08,'2009-11-01',NULL,NULL,NULL,7),(14,'0014','SUMINISTRO DE ENERGIA ELECTRICA \"PLAN 900 VIVIENDAS\" JUNIN DE LOS ANDES',2,4405524.84,'4864-06011',NULL,NULL,3998241.50,'2011-01-01',NULL,NULL,NULL,6),(15,'0015','OBRAS COMPLEMENTARIAS DE GAS EN CENTRAL TRMICA VLA',2,2091207.43,'4864-05679',NULL,NULL,2987439.18,'2011-03-01',NULL,NULL,NULL,6),(16,'0016','CONTRATO N 1: LINEA DE ALTA TENSIN 132 KV ESTACIN TRANSFORMADORA PASO COIHUE (ET PC)  LIMITE INTERPROVINCIAL',2,62883176.00,'5901-01286',NULL,NULL,16223266.18,'2012-06-01',NULL,NULL,NULL,6),(17,'0017','CONTRATO N 2: ADQUISICIN DE TRANSFORMADORES DE POTENCIA',2,62883176.00,'4864-06267/11',NULL,NULL,11206289.16,NULL,NULL,NULL,NULL,6),(18,'0018','CONTRATO N 3: ADQUISICIN DE CONDUCTORES DE 132 KV ',2,62883176.00,'4864-06268/000',NULL,NULL,1479769.50,NULL,NULL,NULL,NULL,6),(19,'0019','CONTRATO N 3 - B:  ADQUISICIN DE CABLES MEDIA TENSIN SUBTERRNEOS DE 33 KV ',2,62883176.00,'4864-06268/003',NULL,NULL,33299111.70,NULL,NULL,NULL,NULL,6),(20,'0020','CONTRATO N 4: SERVICIO DE ASISTENCIA TCNICA E INSPECCIN DE LAS OBRAS DE INTERCONEXIN ELCTRICA VILLA LA ANGOSTURA',2,62883176.00,'4864-06269',NULL,NULL,6279900.00,'2012-04-01',NULL,NULL,NULL,6),(21,'0021','CONTRATO N 5: EQUIPOS DE 132 KV',2,62883176.00,'4864-05563/015',NULL,NULL,9537410.88,NULL,NULL,NULL,NULL,6),(22,'0022','CONTRATO N 5: EQUIPOS DE 132 KV',2,62883176.00,'4864-05563/015',NULL,NULL,NULL,NULL,NULL,NULL,NULL,6),(23,'0023','CONTRATO N 5: EQUIPOS DE 132 KV',2,62883176.00,'4864-05563/015',NULL,NULL,NULL,NULL,NULL,NULL,NULL,6),(24,'0024','CONTRATO N 6: PROYECTO DE LA OBRA VINCULACIN EN 132 PILCANIYEU  PASO COIHUE  BARILOCHE',2,62883176.00,'5901-01714',NULL,NULL,1196690.00,'2012-02-01',NULL,NULL,NULL,6),(25,'0025','CONTRATO N 7: ESTACIN TRANSFORMADORA PASO COIHUE (ET PC) 132/33/13,2 KV - 30 MVA',2,62883176.00,'5901-00735',NULL,NULL,24455274.06,'2012-03-01',NULL,NULL,NULL,6),(26,'0026','CONTRATO N 8: LNEA DE MEDIA TENSIN 33 KV SUBTERRNEA DOBLE TERNA',2,62883176.00,'5901-00860',NULL,NULL,38498385.90,'2012-03-01',NULL,NULL,NULL,6),(27,'0027','CONTRATO N 9:  S.E.T VILLA LA ANGOSTURA',2,62883176.00,'5901-00566',NULL,NULL,17897477.30,'2012-03-01',NULL,NULL,NULL,6),(28,'0001','READECUACION TOMA DE AGUA POTABLE',1,NULL,'4865-13054/11',NULL,NULL,1886811.80,NULL,NULL,NULL,NULL,8),(29,'0002','READECUACIN SISTEMA DE AGUA POTABLE',1,NULL,'4865-12515/11',NULL,NULL,3992061.16,NULL,NULL,NULL,NULL,8),(30,'0003','READECUACIN PLAN DIRECTOR DESAGUES CLOACALES - PRIMERA ETAPA ',1,NULL,'4865-13885/11',NULL,NULL,11520464.33,NULL,NULL,NULL,NULL,7),(31,'0004','SISTEMA DE AGUA POTABLE EN EL PARAJE HUARACOS Y CAADA DE LAS CABRAS',1,NULL,'4865-8613/10',NULL,NULL,1489869.15,NULL,NULL,NULL,NULL,8),(32,'0005','AMPLIACION RED DE AGUA CENTRO DE ESQUI',1,NULL,'4865-8535/10',NULL,NULL,869877.08,NULL,NULL,NULL,NULL,8),(33,'0006','MODIFICACION DE RED DE DISTRIBUCION DE AGUA POTABLE ',1,NULL,'4765-007/08',NULL,NULL,350023.00,NULL,NULL,NULL,NULL,8),(34,'0007','REMODELACION Y AMPLIACION PLANTA POTABILIZADORA',1,NULL,'4799-0721/09',NULL,NULL,NULL,NULL,NULL,NULL,NULL,7),(35,'0008','RESTITUCION DE APOYOS EN TRAMO DE ACUEDUCTO DE IMPULSION  500 MM A PLANTA BUENA ESPERANZA',1,NULL,'4865-11766/11',NULL,NULL,577448.00,NULL,NULL,NULL,NULL,8),(36,'0009','SISTEMA DE AGUA POTABLE PARAJE CHARRA RUCA',1,NULL,'4865-8432/10',NULL,NULL,593524.74,NULL,NULL,NULL,NULL,13),(37,'0010','READECUACION DE RED DE AGUA POTABLE',1,NULL,'4865-13051/11',NULL,NULL,1965453.63,NULL,NULL,NULL,NULL,8),(38,'0011','COLOCACION DE MEDIDORES',1,NULL,'4865-8422/10',NULL,NULL,650000.00,NULL,NULL,NULL,NULL,5),(39,'0012','SISTEMA DE CAPTACION - CONSTRUCCION 3 POZO FILTRANTE',1,NULL,'4765-4139/08',NULL,NULL,481480.10,NULL,NULL,NULL,NULL,7),(40,'0013','REMODELACION SISTEMA DE AGUA POTABLE',1,NULL,'4865-14259/11',NULL,NULL,NULL,NULL,NULL,NULL,NULL,8),(41,'0014','PROVISION DE AGUA POTABLE COVUNCO ABAJO',1,NULL,'4865-3865/09',NULL,NULL,350000.00,NULL,NULL,NULL,NULL,13),(42,'0015','SISTEMA CLOACAL BARDAS NORTE I ETAPA',1,NULL,'4865-6983/10',NULL,NULL,NULL,NULL,NULL,NULL,NULL,6),(43,'0016','CAERIA CLOACAL DE 400 MM CASILDA Y REPUBLICA DE ITALIA',1,NULL,'4865-1930/09-ALC. 2/10',NULL,NULL,459863.80,NULL,NULL,NULL,NULL,6),(44,'0017','RELEVAMIENTO Y ACTUALIZACIN DE BASE DE DATOS AQUASIS - PROVISIN E INSTALACIN DE MEDIDORES DOMICILIARIOS',1,NULL,'4865-13610/11',NULL,NULL,3870000.00,NULL,NULL,NULL,NULL,13),(45,'0018','ELECTRIFICACIN BOMBEO REFUERZO DE CALLE FIGUEROA',1,NULL,'4865-7488/10',NULL,NULL,57584.37,NULL,NULL,NULL,NULL,13),(46,'0019','READECUACIN PLANTA DE TRATAMIENTO DE EFLUENTES CLOACALES DEL PARQUE INDUSTRIAL',1,12950095.95,'5902-0064/11',NULL,NULL,10997155.26,NULL,NULL,NULL,NULL,6),(47,'0020','REPARACIN DE ROTURAS DE CONEXIONES DOMICILIARIAS EN REDES Y SERVICIOS DE AGUA POTABLE - 3 TRIMESTRE/12',1,NULL,'4865-12257/11',NULL,NULL,224282.70,NULL,NULL,NULL,NULL,8),(48,'0021','REPARACIN DE ROTURAS DE CONEXIONES DOMICILIARIAS EN REDES Y SERVICIOS DE AGUA POTABLE - ETAPA II/2012',1,NULL,'5902-2586/12',NULL,NULL,435161.55,NULL,NULL,NULL,NULL,7),(49,'0022','SISTEMA DE IMPULSION TANQUES BARDA',1,NULL,'3865-15745/07',NULL,NULL,2440407.04,NULL,NULL,NULL,NULL,7),(50,'0023','REPOSICION DE PAVIMENTOS Y VEREDAS',1,NULL,'4865-5973/10',NULL,NULL,795326.40,NULL,NULL,NULL,NULL,8),(51,'0024','REPARACION Y CONSERVACION DE REDES DE AGUA Y CLOACAS - ETAPA I - 2011',1,NULL,'4865-9450/10',NULL,NULL,1076581.68,NULL,NULL,NULL,NULL,8),(52,'0025','PROVISIN DE AGUA POTABLE MZA. 50 BARRIO TOMA NORTE II',1,NULL,'4865-14354/11',NULL,NULL,40438.50,NULL,NULL,NULL,NULL,8),(53,'0026','REPOSICION DE PAVIMENTOS Y VEREDAS',1,NULL,'5902-1613/12',NULL,NULL,998847.68,NULL,NULL,NULL,NULL,8),(54,'0027','EMISARIO SUBFLUVIAL PLANTA TRONADOR',1,NULL,'5902-195/12',NULL,NULL,1837317.10,NULL,NULL,NULL,NULL,8),(55,'0028','PROVISIN DE AGUA POTABLE TOMA 2 DE MAYO',1,NULL,'5902-2250/12',NULL,NULL,70887.45,NULL,NULL,NULL,NULL,8),(56,'0029','RECAMBIO RED CLOACAL CALLE DOMINGO SAVIO - PIN ESTE',1,NULL,'4865-7392/10',NULL,NULL,148995.46,NULL,NULL,NULL,NULL,8),(57,'0030','CONSERVACIN Y MANTENIMIENTO DE COLECTORAS MXIMAS - ETAPA II/2012',1,NULL,'4865-12254/11',NULL,NULL,687555.00,NULL,NULL,NULL,NULL,8),(58,'0031','REPARACIONES DE ROTURAS Y CONEXIONES DOMICILIARIAS EN REDES Y SERVICIOS DE AGUA POTABLE - NOVIEMBRE/DICIEMBRE 2012',1,NULL,'5902-3846/12',NULL,NULL,422607.80,NULL,NULL,NULL,NULL,8),(59,'0032','REPARACIN Y CONSERVACIN DE EQUIPAMIENTO DE PLANTA TRONADOR, PLANTA PIN Y ESTACIONES DE BOMBEO CLOACALES',1,NULL,'5902-3176/12',NULL,NULL,994000.00,NULL,NULL,NULL,NULL,8),(60,'0033','REPARACIN Y CONSERVACIN DE EQUIPAMIENTO DE PLANTA TRONADOR, PLANTA PIN Y ESTACIONES DE BOMBEO CLOACALES',1,NULL,'5902-4549/13',NULL,NULL,945000.00,NULL,NULL,NULL,NULL,8),(61,'0034','ACUEDUCTO PUNTA BARDITA - ETAPA I',1,NULL,'4865-13055/11',NULL,NULL,1963545.56,NULL,NULL,NULL,NULL,8),(62,'0035','COLECTOR DE DRENAJE ENTUBADO',1,NULL,'4865-12347/11',NULL,NULL,2476818.25,NULL,NULL,NULL,NULL,8),(63,'0036','REHABILIZACION DE LA PLANTA POTABILIZADORA MODULAR',1,NULL,'4865-13052/11',NULL,NULL,1782237.40,NULL,NULL,NULL,NULL,8),(64,'0037','REMODELACION DEL SISTEMA DE AGUA POTABLE COMUNIDAD CURRUHUINCA - ETAPA I',1,NULL,'4865-11901/11',NULL,NULL,1618739.06,NULL,NULL,NULL,NULL,8),(65,'0038','REFUERZO SISTEMA DE AGUA POTABLE NUEVOS LOTES Y REFACCION OFICINAS',1,NULL,'4865-8697/10',NULL,NULL,334716.99,NULL,NULL,NULL,NULL,8),(66,'0039','REPARACION Y MANTENIMIENTO INTEGRAL DE LA PLANTA DE LIQUIDOS CLOACALES',1,NULL,'4865-12467/11',NULL,NULL,288090.00,NULL,NULL,NULL,NULL,8),(67,'0040','EJECUCIN DE RESERVA DE AGUA - PARQUE INDUSTRIAL MINERO',1,NULL,'5902-1239/12',NULL,NULL,965758.85,NULL,NULL,NULL,NULL,8),(68,'0041','REPARACIN, CONSERVACION Y OPERACIN DEL SISTEMA DE AGUA POTABLE DE LAS COMUNIDADES PAYNEMIL-KAXIPAY',1,NULL,'5902-4797/13',NULL,NULL,585058.53,NULL,NULL,NULL,NULL,8),(69,'0042','REPARACIN, CONSERVACION Y OPERACIN DEL SISTEMA DE AGUA POTABLE DE LAS COMUNIDADES PAYNEMIL-KAXIPAY',1,NULL,'5902-3954/12',NULL,NULL,1560156.08,NULL,NULL,NULL,NULL,6),(70,'0043','REPARACION DE ROTURAS Y CONEXIONES DOMICILIARIAS EN REDES Y SERVICIOS DE AGUA POTABLE',1,NULL,'5902-4375/12',NULL,NULL,870323.10,NULL,NULL,NULL,NULL,6),(71,'0044','CONSERVACION Y MANTENIMIENTO DE COLECTORAS MXIMAS.',1,NULL,'5902-4852/13',NULL,NULL,687555.00,NULL,NULL,NULL,NULL,8),(72,'0045','REPARACIN Y CONSERVACIN DE EQUIPAMIENTO DE PLANTA TRONADOR, PLANTA PIN Y ESTACIONES DE BOMBEO CLOACALES',1,NULL,'5902-005402/13',NULL,NULL,630000.00,NULL,NULL,NULL,NULL,8),(73,'0046','LIMPIEZA Y REFACCIN DE COLECTORAS MXIMAS - ETAPA I/2013',1,NULL,'5902-4376/12',NULL,NULL,2766327.79,NULL,NULL,NULL,NULL,6),(74,'0047','PROVISION DE AGUA PTABLE PARA OBRA LOTE DEFENSA CIVIL',1,NULL,'5902-2251/12',NULL,NULL,162489.60,NULL,NULL,NULL,NULL,6),(75,'0048','TRABAJOS COMPLEMENTARIOS DE LA OBRA: CONSERVACION Y MANTENIMIENTO DE COLECTORAS MXIMAS',1,NULL,'5902-5760/13',NULL,NULL,NULL,NULL,NULL,NULL,NULL,8),(76,'0049','READECUACIN DESCARGA SUR DE AGUA LAVADO DE FILTROS EN PLANTA POTABILIZADORA MARI MENUCO ',1,NULL,'5902-3984/12',NULL,NULL,995379.30,NULL,NULL,NULL,NULL,6),(77,'0050','REPARACIONES EN REDES Y SERVICIOS DE AGUA POTABLE - SECTOR O2',1,NULL,'5902-6345/13',NULL,NULL,1500000.00,NULL,NULL,NULL,NULL,6),(78,'0051','REPARACIONES EN REDES Y SERVICIOS DE AGUA POTABLE - SECTOR E2',1,NULL,'5902-6347/13',NULL,NULL,1500000.00,NULL,NULL,NULL,NULL,6),(79,'0052','REPARACIONES EN REDES Y SERVICIOS DE AGUA POTABLE - SECTOR O1',1,NULL,'5902-6346/13',NULL,NULL,1500000.00,NULL,NULL,NULL,NULL,6),(80,'0053','OPERACIN Y MANTENIMIENTO DE INSTALACIONES Y EQUIPOS PARA PLANTA TRONADOR, PLANTA PIN Y ESTACIONES DE BOMBEO DE EFLUENTES CLOACALES',1,NULL,'5902-6593/13',NULL,NULL,668343.63,NULL,NULL,NULL,NULL,6),(81,'0054','REPARACIONES EN REDES Y SERVICIOS DE AGUA POTABLE - SECTOR E1',1,NULL,'5902-6348/13',NULL,NULL,1500000.00,NULL,NULL,NULL,NULL,6),(82,'0055','OPERACIN Y MANTENIMIENTO DE INSTALACIONES Y EQUIPOS PARA PLANTA TRONADOR, PLANTA PIN Y ESTACIONES DE BOMBEO DE EFLUENTES CLOACALES - ETAPA I/2013',1,NULL,'5902-5911/13',NULL,NULL,964480.00,NULL,NULL,NULL,NULL,8),(83,'0001','C.F.P 23 - REPARACION POR INCENDIO',5,NULL,'5844-0361/2013',NULL,NULL,NULL,NULL,NULL,NULL,NULL,6),(84,'0002','E.P.A. NRO 8 - EDIFICIO NUEVO',5,NULL,'5840-0097/2012',NULL,NULL,NULL,NULL,NULL,NULL,NULL,6),(85,'0003','CENTRO DE SALUD COCHICO  - SALA DE REUNION Y COCHERA - REFACCION DE BAOS',5,NULL,'5845-0175/2013',NULL,NULL,NULL,NULL,NULL,NULL,NULL,6),(86,'0004','ESCUELA PRIMARIA NRO 63 - REFACCIONES VARIAS',5,NULL,'5844-0143/2012',NULL,NULL,NULL,NULL,NULL,NULL,NULL,6),(87,'0005','ESCUELA ESPECIAL NRO 12 - EDIFICIO NUEVO',5,NULL,'4721-0607/2011',NULL,NULL,NULL,NULL,NULL,NULL,NULL,6),(88,'0006','S.A.F. I  - EDIFICIO NUEVO',5,NULL,'4721-0578/2011',NULL,NULL,NULL,NULL,NULL,NULL,NULL,6),(89,'0007','PUESTO SANITARIO  - CONSULTORIOS Y ACCESO',5,NULL,'5843-0042/2013',NULL,NULL,NULL,NULL,NULL,NULL,NULL,6),(90,'0008','S.A.F. I  - EDIFICIO NUEVO',5,NULL,'4721-0580/2011',NULL,NULL,NULL,NULL,NULL,NULL,NULL,6),(91,'0009','C.P.E.M. NRO 25 - S.U.M.',5,NULL,'3970-0723/2006',NULL,NULL,NULL,NULL,NULL,NULL,NULL,6),(92,'0010','ESCUELA ESPECIAL TAYIL  - EDIFICIO NUEVO - 5 AULAS, GABINETE, ADM, COCINA, COMEDOR, DEPOSITO, SUM',5,NULL,'4721-0308/2012',NULL,NULL,NULL,NULL,NULL,NULL,NULL,6),(93,'0011','ESCUELA PRIMARIA Z1 - EDIFICIO NUEVO',5,NULL,'4721-0600/2011',NULL,NULL,NULL,NULL,NULL,NULL,NULL,6),(94,'0012','HOGAR MALEN MAIHUE  - REPARACIONES VARIAS',5,NULL,'5845-0122/2012',NULL,NULL,NULL,NULL,NULL,NULL,NULL,6),(95,'0013','HOSPITAL BOUQUET ROLDAN  - BANCO DE SANGRE SEGURA',5,NULL,'5844-0082/2012',NULL,NULL,NULL,NULL,NULL,NULL,NULL,6),(96,'0014','E.P.E.T. NRO 10 - ETAPA I - TALLERES',5,NULL,'4721-0611/2011',NULL,NULL,NULL,NULL,NULL,NULL,NULL,6),(97,'0015','E.P.E.T. NRO 16 - AMPLIACION DE TALLERES',5,NULL,'5840-0098/2012',NULL,NULL,NULL,NULL,NULL,NULL,NULL,6),(98,'0016','ESCUELA ESPECIAL NRO 19 - EDIFICIO NUEVO - ETAPA I',5,NULL,'4721-0577/2011',NULL,NULL,NULL,NULL,NULL,NULL,NULL,6),(99,'0017','C.P.E.M. NRO 82 - EDIFICIO NUEVO',5,NULL,'5840-0244/2012',NULL,NULL,NULL,NULL,NULL,NULL,NULL,6),(100,'0018','ESCUELA PRIMARIA NRO 3 - SUM',5,NULL,'4721-0383/2009',NULL,NULL,NULL,NULL,NULL,NULL,NULL,6),(101,'0019','HOGAR AYELEN  - EDIFICIO NUEVO',5,NULL,'4721-0663/2011',NULL,NULL,NULL,NULL,NULL,NULL,NULL,6),(102,'0020','C.P.E.M. NRO 79 - CERCO PERIMETRAL',5,NULL,'5844-0276/2013',NULL,NULL,NULL,NULL,NULL,NULL,NULL,6),(103,'0021','CASA HOGAR ADMISION  - FILTRACIONES EN TECHO - ILUMINACION - REMODELACION DE INSTALACION CLOACAL INTERNA',5,NULL,'5845-0119/2012',NULL,NULL,NULL,NULL,NULL,NULL,NULL,6),(104,'0022','E.P.E.A. 3 - EDIFICIO NUEVO',5,NULL,'5844-0284/2013',NULL,NULL,NULL,NULL,NULL,NULL,NULL,6),(105,'0023','E.P.A. NRO 4 - CERCO PERIMETRAL',5,NULL,'5844-0369/2013',NULL,NULL,NULL,NULL,NULL,NULL,NULL,6),(106,'0001','REHABILITACIN Y REPAVIMENTACIN RUTA PROVINCIAL N17, TRAMO: PICN LEUF _ PLAZA HUINCUL  AELO',3,67888175.43,'4799-0195/08',NULL,25000,NULL,NULL,NULL,NULL,NULL,5),(107,'0002','AUTOVA DE CIRCULACIN DE NEUQUN, TRAMO: ACCESO P.I.N. OESTE ( KM 9,60) PUNTO D EMPALME RUTA NACIONAL N22 ( PLOTTIER), SECCIN I (PROGRESIVA 0,00  PROGRESIVA 14900)',3,NULL,'3866-2765/06',NULL,NULL,46500000.00,'2006-08-01',NULL,NULL,NULL,10),(108,'0003','AUTOVA DE CIRCUNVALACIN DE NEUQUN - PLOTTIER, TRAMO: ACCESO P.I.N. OESTE ( KM 9,60) PUNTO D EMPALME RUTA NACIONAL N22 ( PLOTTIER), SECCIN I I ( PROGRESIVA 14900)Y ACCESO RUTA NACIONAL N22  PROG.141 (EMPALME ACTUAL TRAZA RUTA NACIONAL N22)',3,NULL,'3866-3515/07',NULL,NULL,38782000.00,'2007-05-01',NULL,NULL,NULL,10),(109,'0004','CONSTRUCCIN PUENTE S/RO NEUQUN EN ANDACOLLO Y PUENTE S/RO NAHUEVE EN ACCESO A VILLA NAHUEVE',3,NULL,'3866-3230/07',NULL,5000,12919101.02,'2006-12-01',NULL,NULL,NULL,9),(110,'0005','RUTA PROVINCIAL N43, TRAMO: PUENTE S/RO NEUQUN EN ANDACOLLO-LAS OVEJAS, SECCIN I: PUENTE S/RO NEUQUN EN ANDACOLLO  ACCESO PUENTE S/RO NAHUEVE',3,NULL,'3866-3734/07',NULL,5000,45443000.00,'2007-09-01',NULL,NULL,NULL,7),(111,'0006','RUTA PROVINCIAL N43 TRAMO : LA PRIMAVERA  ANDACOLLO, SECCIN II : HUARACO  ANDACOLLO',3,NULL,'3866-3226/07',NULL,5000,21583598.48,'2007-02-01',NULL,NULL,NULL,7),(112,'0007','SEALIZACIN HORIZONTAL Y VERTICAL TRAVESAS URBANAS LOCALIDADES DE ALUMIN, LONCOPU, ESCUELA N204 EN CENTENARIO Y PUENTE SOBRE RO MALLEO EN RUTA PROVINCIAL N23',3,NULL,'4862-1629/11',NULL,10000,2892123.90,'2011-01-01',NULL,NULL,NULL,9),(113,'0008','RUTA PRONCIAL N7 TRAMO : AELO  EMPALME RUTA PROV.N5 SECCIN PROG. 494828,96  EMP. RUTA PROV. N5 (A CARRANZA) RUTA PROV. N5 TRAMO: EMPALME RUTA PROV. N7  EMPALME RUTA PROV. N6, SECCIN: EMPALME RUTA PROV. N7  A CARRANZA',3,NULL,'4862-1297/10',NULL,20000,18945841.55,'2010-08-01',NULL,NULL,NULL,8),(114,'0009','MANTENIMIENTO RUTA PROV. N7 TRAMO PIN NEUQUN  3 ROTONDA CENTENARIO  CAMINO JAIME DE NEVARES',3,NULL,'5903-0311/12',NULL,NULL,1141386.52,'2012-04-01',NULL,NULL,NULL,8),(115,'0010','CONSERVACIN Y MANTENIMIENTO SISTEMA DE SEALIZACIN LUMINOSA EN RUTA NACIONAL N22 TRAMO NEUQUEN  PLOTTIER SECCIN : PAIMN  B UNIN',3,NULL,'5903-0193/12',NULL,NULL,3559791.00,'2012-02-01',NULL,NULL,NULL,6),(116,'0011','READECUACIN GALPN PARA CAMPAMENTO DPV  AGUA FRA',3,NULL,'5903-0337/12',NULL,2500,1190999.10,'2012-02-01',NULL,NULL,NULL,10),(117,'0012','CONSTRUCCIN PUENTE S/ARROYO LIMENCO EN CERRO MESA',3,NULL,'5903-0356/12',NULL,NULL,653818.00,'2012-02-01',NULL,NULL,NULL,10),(118,'0013','PROVISIN DE MATERIAL PROCESADO DE CANTERA PARA RUTA PROV. N43 TRAMO LA PRIMAVERA  ANDACOLLO SECCIN I : LA PRIMAVERA  HUARACO ( KM 10 )',3,NULL,'5903-0520/12',NULL,NULL,3761394.00,'2012-06-01',NULL,NULL,NULL,9),(119,'0014','MANTENIMIENTO DE LA LIMPIEZA, DE LA FORESTACION Y SISTEMA DE RIEGO EN RUTA NAC. N22, TRAMO NEUQUEN- PLOTTIER, SECCIN I Y II: ROTONDA PROS. POBLADORES  CALLE OLASCOAGA(PLOTTIER)',3,3700000.00,'5903-0587/12',NULL,NULL,3088533.00,'2012-09-01',NULL,NULL,NULL,6),(120,'0015','CONSERVACIN Y MANTENIMIENTO SISTEMA DE SEALIZACIN LUMINOSA EN RUTA NAC. N22 TR.: NEUQUEN- PLOTTIER SECCIN : ESCUELA EX EMETA- CALLE OLASCOAGA (PLOTTIER)',3,1850000.00,'5903-0586/12',NULL,NULL,1528770.00,'2012-09-01',NULL,NULL,NULL,6),(121,'0016','CONSTRUCCIN DE ALCANTARILLA S/ARROYO TURBIO EN RUTA PROV. N60',3,2500000.00,'5903-0608/12',NULL,NULL,1970546.00,'2012-07-01',NULL,NULL,NULL,9),(122,'0017','ALQUILER DE MOTONIVELADORA, S/OPERARIO PARA LA PAVIMENTACIN DE RUTA PROV.N43, TRAMO: LA PRIMAVERA  HUARACO',3,600000.00,'5903-0772/12',NULL,NULL,532840.00,'2012-11-01',NULL,NULL,NULL,6),(123,'0018','ALQUILER DE MOTONIVELADORA S/OPERARIO PARA LA PAVIMENTACIN DE LA RUTA PROV. N61, TRAMO EMPALME RUTA NAC. N40  PTE. S/RIO CHIMEHUIN',3,600000.00,'5903-0773/12',NULL,NULL,532840.00,'2012-11-01',NULL,NULL,NULL,6),(124,'0019','PASARELA COLGANTE PEATONAL  VEHICULAR S/RIO NEUQUN EN BUTALN NORTE',3,NULL,'4862-1475/11',NULL,NULL,5416618.87,'2010-06-01',NULL,NULL,NULL,6),(125,'0020','RECONSTRUCCIN DE PASARELA PEATONAL S/ARROYO CHACAY MELEHUE, PARAJE EL ALAMITO Y CONSTRUCCIN DE VIGAS RETICULADA P/PASARELA S/ARROYOP AQUIHUEC',3,1100000.00,'5903-1009/13',NULL,1000,913644.27,'2013-02-01',NULL,NULL,NULL,8),(126,'0021','ALQUILER DE MOTONIVELADORA P/REALIZAR TAREAS DE MANTENIMIENTO DE CAMINOS DE ACCESOS A COMUNIDADES INDGENAS EN JURISDICCIN DISTRITO IV S.M.A.',3,500000.00,'5903-1130/13',NULL,NULL,402000.00,'2013-03-01',NULL,NULL,NULL,6),(127,'0022','ALQUILER DE MOTONIVELADORA Y CARGADORA FRONTAL, PARA REALIZAR TAREAS DE MANTENIMIENTO EN RUTA PROV. N23, TR. : LITRAN  PINO HACHADO DISTRITO V  ALUMIN',3,800000.00,'5903-1131/13',NULL,NULL,662400.00,NULL,NULL,NULL,NULL,6),(128,'0023','VINCULACIN AUTOVA NEUQUN - PLOTTIER CON RUTA PROVINCIAL N 7',3,20000000.00,'5903-1082/13',NULL,NULL,14569419.36,NULL,NULL,NULL,NULL,5),(129,'0024','CALZADA MEJORATIVA RUTA PROV. N 48 TR: EMP. RUTA NAC. N 234 - LMITE CON CHILE, SECCIN PROG. 940.00 - PROG. 1455.20',3,4700000.00,'5903-1173/13',NULL,NULL,3671848.00,'2013-03-01',NULL,NULL,NULL,4),(130,'0025','RUTA PROV. N62  RETIRO DE RBOLES Y CONSTRUCCIN MUROS DE GAVIONES',3,4750000.00,'',NULL,NULL,3789651.80,NULL,NULL,NULL,NULL,6),(131,'0026','RUTA PROV. N65  TRAVESA URBANA DE VILLA TRAFUL',3,33500000.00,'',NULL,NULL,28098061.00,NULL,NULL,NULL,NULL,6),(132,'0027','ESTUDIOS Y PROYECTOS DE :1 BAJADA DESDE AUTOVA DE CIRCUNVALACIN NEUQUEN-PLOTTIER DESDE PUNTO D POR CALLE CASIMIRO GOMEZ- BAJADA 2 DESDE AUTOVA DESDE ROTONDA PROG.1459,00 POR CALLE HUILEN',3,NULL,'4862-1170/11',NULL,NULL,NULL,NULL,NULL,NULL,NULL,6),(133,'0028','ESTUDIO DE IMPACTO AMBIENTAL DE LA RUTA PROV. N63 TRAMO EMPALME RUTA NAC. N234  KM 19,00',3,NULL,'4862-1323/10',NULL,NULL,NULL,NULL,NULL,NULL,NULL,7),(134,'0029','EJECUCIN DE MENSURAS DE AFECTACIN RUTA PROV. N63 LOTE C3B- CONFLUENCIA Y RUTA N66 LOTES 14 Y 15A VLA ANGIOSTURA- DPTO. LOS LAGOPS',3,NULL,'4862-1736/11',NULL,NULL,NULL,NULL,NULL,NULL,NULL,7),(135,'0030','ELABORACIN Y ANLISIS ECONMICO DE PAVIMENTACIN DE LA RUTA PROV. N13 TR.: PRIMEROIS PINOS  LITRN, SECCIN QUILCA  LITRN',3,NULL,'5903-1075/13',NULL,NULL,NULL,NULL,NULL,NULL,NULL,8),(136,'0031','ASISTENCIA TCNICA P/ANLISIS Y DIAGNSTICO SITUACIN DOMINIAL DE TIERRAS COLINDANTES CON LA RUTAS DE LA PCIA. NEUQUEN',3,300000.00,'5903-1172/13',NULL,NULL,NULL,NULL,NULL,NULL,NULL,6),(137,'0032','PROYECTO Y OBRA DE SEMAFORIZACIN Y SEALIZACIN EN RUTA PROV. N7 TRAMO:NEUQUN-CENTENARIO',3,4500000.00,'',NULL,NULL,NULL,NULL,NULL,NULL,NULL,6),(138,'0033','RECONDICIONAR AEROPUERTO DE ZAPALA ( INCLUYE EL BALIZAMIENTO )',3,13000000.00,'',NULL,NULL,NULL,NULL,NULL,NULL,NULL,6);
/*!40000 ALTER TABLE `obra` ENABLE KEYS */;
UNLOCK TABLES;

--
-- Table structure for table `obraestado`
--

DROP TABLE IF EXISTS `obraestado`;
/*!40101 SET @saved_cs_client     = @@character_set_client */;
/*!40101 SET character_set_client = utf8 */;
CREATE TABLE `obraestado` (
  `IdObraEstado` int(10) unsigned NOT NULL AUTO_INCREMENT,
  `IdObra` int(10) unsigned NOT NULL,
  `IdEstadoObra` int(10) unsigned NOT NULL,
  `Fecha` date NOT NULL,
  PRIMARY KEY (`IdObraEstado`),
  KEY `fk_obraestado_obra` (`IdObra`),
  KEY `fk_obraestado_estadoobra` (`IdEstadoObra`),
  CONSTRAINT `fk_obraestado_estadoobra` FOREIGN KEY (`IdEstadoObra`) REFERENCES `estadoobra` (`IdEstadoObra`) ON DELETE NO ACTION ON UPDATE NO ACTION,
  CONSTRAINT `fk_obraestado_obra` FOREIGN KEY (`IdObra`) REFERENCES `obra` (`IdObra`) ON DELETE NO ACTION ON UPDATE NO ACTION
) ENGINE=InnoDB AUTO_INCREMENT=139 DEFAULT CHARSET=utf8 COLLATE=utf8_spanish_ci;
/*!40101 SET character_set_client = @saved_cs_client */;

--
-- Dumping data for table `obraestado`
--

LOCK TABLES `obraestado` WRITE;
/*!40000 ALTER TABLE `obraestado` DISABLE KEYS */;
INSERT INTO `obraestado` VALUES (1,1,7,'2013-10-02'),(2,2,6,'2013-10-02'),(3,3,6,'2013-10-02'),(4,4,6,'2013-10-02'),(5,5,6,'2013-10-02'),(6,6,6,'2013-10-02'),(7,7,6,'2013-10-02'),(8,8,6,'2013-10-02'),(9,9,6,'2013-10-02'),(10,10,7,'2013-10-02'),(11,11,7,'2013-10-02'),(12,12,8,'2013-10-02'),(13,13,7,'2013-10-02'),(14,14,6,'2013-10-02'),(15,15,6,'2013-10-02'),(16,16,6,'2013-10-02'),(17,17,6,'2013-10-02'),(18,18,6,'2013-10-02'),(19,19,6,'2013-10-02'),(20,20,6,'2013-10-02'),(21,21,6,'2013-10-02'),(22,22,6,'2013-10-02'),(23,23,6,'2013-10-02'),(24,24,6,'2013-10-02'),(25,25,6,'2013-10-02'),(26,26,6,'2013-10-02'),(27,27,6,'2013-10-02'),(28,28,8,'2013-10-02'),(29,29,8,'2013-10-02'),(30,30,7,'2013-10-02'),(31,31,8,'2013-10-02'),(32,32,8,'2013-10-02'),(33,33,8,'2013-10-02'),(34,34,7,'2013-10-02'),(35,35,8,'2013-10-02'),(36,36,13,'2013-10-02'),(37,37,8,'2013-10-02'),(38,38,5,'2013-10-02'),(39,39,7,'2013-10-02'),(40,40,8,'2013-10-02'),(41,41,13,'2013-10-02'),(42,42,6,'2013-10-02'),(43,43,6,'2013-10-02'),(44,44,13,'2013-10-02'),(45,45,13,'2013-10-02'),(46,46,6,'2013-10-02'),(47,47,8,'2013-10-02'),(48,48,7,'2013-10-02'),(49,49,7,'2013-10-02'),(50,50,8,'2013-10-02'),(51,51,8,'2013-10-02'),(52,52,8,'2013-10-02'),(53,53,8,'2013-10-02'),(54,54,8,'2013-10-02'),(55,55,8,'2013-10-02'),(56,56,8,'2013-10-02'),(57,57,8,'2013-10-02'),(58,58,8,'2013-10-02'),(59,59,8,'2013-10-02'),(60,60,8,'2013-10-02'),(61,61,8,'2013-10-02'),(62,62,8,'2013-10-02'),(63,63,8,'2013-10-02'),(64,64,8,'2013-10-02'),(65,65,8,'2013-10-02'),(66,66,8,'2013-10-02'),(67,67,8,'2013-10-02'),(68,68,8,'2013-10-02'),(69,69,6,'2013-10-02'),(70,70,6,'2013-10-02'),(71,71,8,'2013-10-02'),(72,72,8,'2013-10-02'),(73,73,6,'2013-10-02'),(74,74,6,'2013-10-02'),(75,75,8,'2013-10-02'),(76,76,6,'2013-10-02'),(77,77,6,'2013-10-02'),(78,78,6,'2013-10-02'),(79,79,6,'2013-10-02'),(80,80,6,'2013-10-02'),(81,81,6,'2013-10-02'),(82,82,8,'2013-10-02'),(83,83,6,'2013-10-02'),(84,84,6,'2013-10-02'),(85,85,6,'2013-10-02'),(86,86,6,'2013-10-02'),(87,87,6,'2013-10-02'),(88,88,6,'2013-10-02'),(89,89,6,'2013-10-02'),(90,90,6,'2013-10-02'),(91,91,6,'2013-10-02'),(92,92,6,'2013-10-02'),(93,93,6,'2013-10-02'),(94,94,6,'2013-10-02'),(95,95,6,'2013-10-02'),(96,96,6,'2013-10-02'),(97,97,6,'2013-10-02'),(98,98,6,'2013-10-02'),(99,99,6,'2013-10-02'),(100,100,6,'2013-10-02'),(101,101,6,'2013-10-02'),(102,102,6,'2013-10-02'),(103,103,6,'2013-10-02'),(104,104,6,'2013-10-02'),(105,105,6,'2013-10-02'),(106,106,5,'2013-10-02'),(107,107,10,'2013-10-02'),(108,108,10,'2013-10-02'),(109,109,9,'2013-10-02'),(110,110,7,'2013-10-02'),(111,111,7,'2013-10-02'),(112,112,9,'2013-10-02'),(113,113,8,'2013-10-02'),(114,114,8,'2013-10-02'),(115,115,6,'2013-10-02'),(116,116,10,'2013-10-02'),(117,117,10,'2013-10-02'),(118,118,9,'2013-10-02'),(119,119,6,'2013-10-02'),(120,120,6,'2013-10-02'),(121,121,9,'2013-10-02'),(122,122,6,'2013-10-02'),(123,123,6,'2013-10-02'),(124,124,6,'2013-10-02'),(125,125,8,'2013-10-02'),(126,126,6,'2013-10-02'),(127,127,6,'2013-10-02'),(128,128,5,'2013-10-02'),(129,129,4,'2013-10-02'),(130,130,6,'2013-10-02'),(131,131,6,'2013-10-02'),(132,132,6,'2013-10-02'),(133,133,7,'2013-10-02'),(134,134,7,'2013-10-02'),(135,135,8,'2013-10-02'),(136,136,6,'2013-10-02'),(137,137,6,'2013-10-02'),(138,138,6,'2013-10-02');
/*!40000 ALTER TABLE `obraestado` ENABLE KEYS */;
UNLOCK TABLES;

--
-- Table structure for table `obrafuentefinanciamiento`
--

DROP TABLE IF EXISTS `obrafuentefinanciamiento`;
/*!40101 SET @saved_cs_client     = @@character_set_client */;
/*!40101 SET character_set_client = utf8 */;
CREATE TABLE `obrafuentefinanciamiento` (
  `IdObra` int(10) unsigned NOT NULL,
  `IdFuenteFinanciamiento` int(10) unsigned NOT NULL,
  PRIMARY KEY (`IdObra`,`IdFuenteFinanciamiento`),
  KEY `fk_obrafufi_fufi` (`IdFuenteFinanciamiento`),
  CONSTRAINT `fk_obrafufi_fufi` FOREIGN KEY (`IdFuenteFinanciamiento`) REFERENCES `fuentefinanciamiento` (`IdFuenteFinanciamiento`) ON DELETE NO ACTION ON UPDATE NO ACTION,
  CONSTRAINT `fk_obrafufi_obra` FOREIGN KEY (`IdObra`) REFERENCES `obra` (`IdObra`) ON DELETE NO ACTION ON UPDATE NO ACTION
) ENGINE=InnoDB DEFAULT CHARSET=utf8 COLLATE=utf8_spanish_ci;
/*!40101 SET character_set_client = @saved_cs_client */;

--
-- Dumping data for table `obrafuentefinanciamiento`
--

LOCK TABLES `obrafuentefinanciamiento` WRITE;
/*!40000 ALTER TABLE `obrafuentefinanciamiento` DISABLE KEYS */;
INSERT INTO `obrafuentefinanciamiento` VALUES (1,1),(2,1),(3,1),(4,1),(5,1),(6,1),(7,1),(8,1),(9,1),(10,1),(11,1),(12,1),(13,2),(14,3),(15,3),(33,3),(46,3),(49,3),(53,3),(62,3),(67,3),(16,4),(17,4),(18,4),(19,4),(20,4),(21,4),(22,4),(23,4),(24,4),(25,4),(26,4),(27,4),(29,4),(30,4),(40,4),(64,4),(87,4),(90,4),(98,4),(28,5),(37,5),(61,5),(63,5),(31,6),(32,6),(35,6),(36,6),(38,6),(41,6),(43,6),(44,6),(45,6),(52,6),(54,6),(55,6),(56,6),(65,6),(66,6),(76,6),(83,6),(89,6),(94,6),(95,6),(99,6),(101,6),(102,6),(103,6),(105,6),(34,7),(42,7),(39,8),(47,9),(48,9),(51,9),(57,9),(58,9),(59,9),(60,9),(68,9),(69,9),(70,9),(71,9),(73,9),(75,9),(80,9),(82,9),(85,9),(86,9),(91,9),(92,9),(93,9),(96,9),(100,9),(104,9),(50,10),(77,10),(78,10),(79,10),(81,10),(74,11),(84,11),(97,11),(130,12),(137,12),(138,12),(131,13);
/*!40000 ALTER TABLE `obrafuentefinanciamiento` ENABLE KEYS */;
UNLOCK TABLES;

--
-- Table structure for table `obralocalidad`
--

DROP TABLE IF EXISTS `obralocalidad`;
/*!40101 SET @saved_cs_client     = @@character_set_client */;
/*!40101 SET character_set_client = utf8 */;
CREATE TABLE `obralocalidad` (
  `IdObra` int(10) unsigned NOT NULL,
  `IdLocalidad` int(10) unsigned NOT NULL,
  PRIMARY KEY (`IdObra`,`IdLocalidad`),
  KEY `fk_obralocalidad_localidad` (`IdLocalidad`),
  CONSTRAINT `fk_obralocalidad_localidad` FOREIGN KEY (`IdLocalidad`) REFERENCES `localidad` (`IdLocalidad`) ON DELETE NO ACTION ON UPDATE NO ACTION,
  CONSTRAINT `fk_obralocalidad_obra` FOREIGN KEY (`IdObra`) REFERENCES `obra` (`IdObra`) ON DELETE NO ACTION ON UPDATE NO ACTION
) ENGINE=InnoDB DEFAULT CHARSET=utf8 COLLATE=utf8_spanish_ci;
/*!40101 SET character_set_client = @saved_cs_client */;

--
-- Dumping data for table `obralocalidad`
--

LOCK TABLES `obralocalidad` WRITE;
/*!40000 ALTER TABLE `obralocalidad` DISABLE KEYS */;
INSERT INTO `obralocalidad` VALUES (28,9),(29,9),(112,9),(117,9),(30,10),(31,10),(109,10),(110,10),(111,10),(113,10),(118,10),(122,10),(106,11),(124,38),(11,62),(32,62),(33,62),(34,64),(83,64),(84,64),(112,64),(114,64),(105,93),(118,93),(122,93),(12,94),(85,94),(35,116),(86,116),(36,169),(14,177),(37,177),(38,177),(39,177),(121,177),(123,177),(126,177),(110,228),(124,228),(68,241),(69,241),(102,242),(40,244),(87,244),(112,244),(88,255),(89,276),(41,278),(90,278),(109,288),(10,292),(42,292),(43,292),(44,292),(45,292),(46,292),(47,292),(48,292),(49,292),(50,292),(51,292),(52,292),(53,292),(54,292),(55,292),(56,292),(57,292),(58,292),(59,292),(60,292),(70,292),(71,292),(72,292),(73,292),(74,292),(75,292),(76,292),(77,292),(78,292),(79,292),(80,292),(81,292),(82,292),(91,292),(92,292),(93,292),(94,292),(95,292),(103,292),(107,292),(108,292),(114,292),(115,292),(119,292),(120,292),(128,292),(106,321),(96,331),(106,331),(108,332),(115,332),(128,332),(61,359),(62,368),(63,368),(97,368),(113,368),(1,381),(13,381),(64,381),(126,381),(129,381),(98,382),(104,382),(65,393),(99,404),(125,404),(66,411),(15,412),(16,412),(17,412),(18,412),(19,412),(20,412),(21,412),(22,412),(23,412),(24,412),(25,412),(26,412),(27,412),(116,414),(117,414),(127,414),(67,422),(100,422),(101,422);
/*!40000 ALTER TABLE `obralocalidad` ENABLE KEYS */;
UNLOCK TABLES;

--
-- Table structure for table `organismo`
--

DROP TABLE IF EXISTS `organismo`;
/*!40101 SET @saved_cs_client     = @@character_set_client */;
/*!40101 SET character_set_client = utf8 */;
CREATE TABLE `organismo` (
  `IdOrganismo` int(10) unsigned NOT NULL AUTO_INCREMENT,
  `Nombre` varchar(50) COLLATE utf8_spanish_ci NOT NULL,
  `PrefijoCodigo` varchar(2) COLLATE utf8_spanish_ci NOT NULL,
  PRIMARY KEY (`IdOrganismo`)
) ENGINE=InnoDB AUTO_INCREMENT=6 DEFAULT CHARSET=utf8 COLLATE=utf8_spanish_ci;
/*!40101 SET character_set_client = @saved_cs_client */;

--
-- Dumping data for table `organismo`
--

LOCK TABLES `organismo` WRITE;
/*!40000 ALTER TABLE `organismo` DISABLE KEYS */;
INSERT INTO `organismo` VALUES (1,'E.P.A.S.','01'),(2,'E.P.E.N.','02'),(3,'VIALIDAD','03'),(4,'RECURSOS HIDRICOS','04'),(5,'SUBSECRETARIA OBRAS PUBLICAS','05');
/*!40000 ALTER TABLE `organismo` ENABLE KEYS */;
UNLOCK TABLES;

--
-- Table structure for table `pagina`
--

DROP TABLE IF EXISTS `pagina`;
/*!40101 SET @saved_cs_client     = @@character_set_client */;
/*!40101 SET character_set_client = utf8 */;
CREATE TABLE `pagina` (
  `IdPagina` int(10) unsigned NOT NULL AUTO_INCREMENT,
  `Pagina` varchar(255) COLLATE utf8_spanish_ci NOT NULL,
  `Descripcion` varchar(400) COLLATE utf8_spanish_ci NOT NULL,
  `Activa` tinyint(1) unsigned NOT NULL DEFAULT '1',
  `IdMenuActivo` int(10) unsigned DEFAULT NULL,
  PRIMARY KEY (`IdPagina`),
  UNIQUE KEY `uq_pagina_pagina` (`Pagina`),
  KEY `fk_pagina_menu` (`IdMenuActivo`),
  CONSTRAINT `fk_pagina_menu` FOREIGN KEY (`IdMenuActivo`) REFERENCES `menu` (`IdMenu`) ON DELETE NO ACTION ON UPDATE NO ACTION
) ENGINE=InnoDB AUTO_INCREMENT=28 DEFAULT CHARSET=utf8 COLLATE=utf8_spanish_ci;
/*!40101 SET character_set_client = @saved_cs_client */;

--
-- Dumping data for table `pagina`
--

LOCK TABLES `pagina` WRITE;
/*!40000 ALTER TABLE `pagina` DISABLE KEYS */;
INSERT INTO `pagina` VALUES (1,'Login','Login',1,1),(2,'Logout','Logout',1,1),(3,'Home','Pgina Principal',1,1),(4,'CambioPassword','Cambio de Contrasea',1,1),(5,'Obra.Home','Obras',1,7),(6,'Obra.Update','Obras ABM',1,7),(7,'Obra.Contrato.Home','Contratos de Obra',1,7),(8,'Obra.Contrato.Update','Contratos de Obra ABM',1,7),(9,'Obra.Contrato.Certificacion.Home','Certificaciones',1,7),(10,'Obra.Contrato.Certificacion.Update','Certificaciones ABM',1,7),(11,'Obra.Contrato.CertificacionPeriodo','Certificacin por Periodo',1,7),(12,'Tesoreria.Pago.Home','Pagos',1,8),(13,'Tesoreria.Pago.Update','Pagos ABM',1,8),(14,'Admin.Usuario.Home','Usuarios',1,13),(15,'Admin.Usuario.Update','Usuarios ABM',1,13),(16,'Admin.Organismo.Home','Organismos',1,13),(17,'Admin.Organismo.Update','Organismos ABM',1,13),(18,'Admin.FuenteFinanciamiento.Home','Fuentes de Financiamiento',1,13),(19,'Admin.FuenteFinanciamiento.Update','Fuentes de Financiamiento ABM',1,13),(20,'Admin.TipoObra.Home','Tipos de Obra',1,13),(21,'Admin.TipoObra.Update','Tipos de Obra ABM',1,13),(22,'Admin.EstadoObra.Home','Estados de Obra',1,13),(23,'Admin.EstadoObra.Update','Estados de Obra ABM',1,13),(24,'Tesoreria.Pago.PagosByCertificado','Detalle de Pagos por Certificado',1,8),(25,'Obra.Contrato.Alteracion.Update','Alteraciones de Contrato ABM',1,7),(26,'Obra.Contrato.ContratoPlazo.Update','Plazos de Contrato ABM',1,7),(27,'Obra.Contrato.RecepcionContrato.Update','Recepciones de Contrato ABM',1,7);
/*!40000 ALTER TABLE `pagina` ENABLE KEYS */;
UNLOCK TABLES;

--
-- Table structure for table `pago`
--

DROP TABLE IF EXISTS `pago`;
/*!40101 SET @saved_cs_client     = @@character_set_client */;
/*!40101 SET character_set_client = utf8 */;
CREATE TABLE `pago` (
  `IdPago` int(10) unsigned NOT NULL AUTO_INCREMENT,
  `IdProveedor` int(10) unsigned NOT NULL,
  `Fecha` date NOT NULL,
  `OrdenPago` varchar(15) COLLATE utf8_spanish_ci NOT NULL,
  `ImporteBruto` decimal(14,2) unsigned NOT NULL,
  `Retenciones` decimal(14,2) unsigned NOT NULL,
  `ImporteNeto` decimal(14,2) unsigned NOT NULL,
  `IdOrganismo` int(10) unsigned NOT NULL,
  PRIMARY KEY (`IdPago`),
  KEY `fk_pago_proveedor` (`IdProveedor`),
  KEY `fk_pago_organismo` (`IdOrganismo`),
  CONSTRAINT `fk_pago_organismo` FOREIGN KEY (`IdOrganismo`) REFERENCES `organismo` (`IdOrganismo`) ON DELETE NO ACTION ON UPDATE NO ACTION,
  CONSTRAINT `fk_pago_proveedor` FOREIGN KEY (`IdProveedor`) REFERENCES `proveedor` (`IdProveedor`) ON DELETE NO ACTION ON UPDATE NO ACTION
) ENGINE=InnoDB AUTO_INCREMENT=204 DEFAULT CHARSET=utf8 COLLATE=utf8_spanish_ci;
/*!40101 SET character_set_client = @saved_cs_client */;

--
-- Dumping data for table `pago`
--

LOCK TABLES `pago` WRITE;
/*!40000 ALTER TABLE `pago` DISABLE KEYS */;
INSERT INTO `pago` VALUES (1,20,'2012-01-31','0900035/2012',375592.66,0.00,375592.66,1),(2,20,'2012-07-11','0901634/2012',646477.34,0.00,646477.34,1),(3,20,'2012-07-27','0901819/2012',135173.08,0.00,135173.08,1),(4,20,'2013-03-07','0900173/2013',49088.93,0.00,49088.93,1),(5,20,'2013-07-24','0901375/2013',545358.09,0.00,545358.09,1),(6,21,'2011-10-27','0903406/2011',1359364.78,0.00,1359364.78,1),(7,21,'2012-01-17','0904265/2011',500114.19,0.00,500114.19,1),(8,21,'2012-02-17','0900057/2012',311914.85,0.00,311914.85,1),(9,21,'2013-04-03','0900627/2012',366329.01,0.00,366329.01,1),(10,21,'2012-05-14','0901072/2012',416337.22,0.00,416337.22,1),(11,21,'2012-07-20','0901559/2012',163459.67,0.00,163459.67,1),(12,21,'2012-07-20','0901666/2012',22413.13,0.00,22413.13,1),(13,21,'2012-10-02','0902047/2012',9689.98,0.00,9689.98,1),(14,21,'2012-10-02','0902247/2012',179654.44,0.00,179654.44,1),(15,21,'2013-02-01','0903342/2012',1064727.49,0.00,1064727.49,1),(16,22,'2012-01-27','0904449/2011',2760297.73,0.00,2760297.73,1),(17,22,'2012-07-20','091730/2012',509339.99,0.00,509339.99,1),(18,23,'2011-03-21','0904350/2010',449996.88,0.00,449996.88,1),(19,23,'2011-09-28','0902016/2011',103349.57,0.00,103349.57,1),(20,23,'2011-09-28','090395/2011',43816.73,0.00,43816.73,1),(21,23,'2012-01-12','0904279/2011',31177.50,0.00,31177.50,1),(22,23,'2012-01-12','0904270/2011',320092.45,0.00,320092.45,1),(23,23,'2012-03-12','0900032/2012',129732.23,0.00,129732.23,1),(24,23,'2012-06-03','0901078/2012',87410.30,0.00,87410.30,1),(25,23,'2013-05-17','0903350/2012',278170.21,0.00,278170.21,1),(26,24,'2011-10-25','0902389/2011',259147.49,0.00,259147.49,1),(27,24,'2012-02-06','0904268/2011',25327.87,0.00,25327.87,1),(28,24,'2012-04-17','0900231/2012',46641.78,0.00,46641.78,1),(29,24,'2012-04-26','0900589/2012',62048.28,0.00,62048.28,1),(30,24,'2012-06-12','0900177/2012',60173.15,0.00,60173.15,1),(31,24,'2012-06-12','0901199/2012',131822.18,0.00,131822.18,1),(32,24,'2012-08-15','0901488/2012',75066.52,0.00,75066.52,1),(33,24,'2012-08-15','0901663/2012',41677.79,0.00,41677.79,1),(34,24,'2013-06-18','0900717/2013',190882.53,0.00,190882.53,1),(35,25,'2013-10-31','0904452/2009',190413.63,0.00,190413.63,1),(36,25,'2013-10-31','0904454/2009',107626.54,0.00,107626.54,1),(37,25,'2013-10-31','0900707/2013',82895.57,0.00,82895.57,1),(38,26,'2012-04-20','0900380/2012',133020.00,0.00,133020.00,1),(39,26,'2012-06-12','0901076/2012',245095.22,0.00,245095.22,1),(40,26,'2012-06-12','0901182/2012',245547.23,0.00,245547.23,1),(41,26,'2013-07-12','0900947/2013',8182.54,0.00,8182.54,1),(42,27,'2011-10-25','0900573/2011',179615.65,0.00,179615.65,1),(43,27,'2012-03-20','0900026/2012',6333.60,0.00,6333.60,1),(44,28,'2012-05-28','0900661/2012',392654.62,0.00,392654.62,1),(45,28,'2013-03-07','0900172/2013',158184.28,0.00,158184.28,1),(46,28,'2013-04-26','0900590/2013',308424.58,0.00,308424.58,1),(47,28,'2013-04-26','0900592/2013',239086.65,0.00,239086.65,1),(48,28,'2013-05-25','0901103//2013',129709.74,0.00,129709.74,1),(49,5,'2011-10-25','0902020/2011',194996.21,0.00,194996.21,1),(50,27,'2010-01-13','0906002/2009',114489.62,0.00,114489.62,1),(51,27,'2011-01-11','0903202/2009',8595.76,0.00,8595.76,1),(52,27,'2011-06-30','0902182/2011',10659.61,0.00,10659.61,1),(53,27,'2011-03-21','0902183/2011',35356.68,0.00,35356.68,1),(54,27,'2011-03-21','0902184/2011',20048.42,0.00,20048.42,1),(55,27,'2011-06-30','0905515/2010',96431.01,0.00,96431.01,1),(56,27,'2011-11-23','0902096/2011',57768.15,0.00,57768.15,1),(57,27,'2011-09-30','0903185/2011',16415.82,0.00,16415.82,1),(58,27,'2012-02-16','0903808/2011',26187.52,0.00,26187.52,1),(59,27,'2011-11-23','0903805/2011',14211.83,0.00,14211.83,1),(60,27,'2012-09-13','0903680/2011',48390.92,0.00,48390.92,1),(61,29,'2012-05-08','0901031/2012',175098.58,0.00,175098.58,1),(62,29,'2012-05-08','0901032/2012',135075.99,0.00,135075.99,1),(63,29,'2012-06-15','0901377/2012',50998.62,0.00,50998.62,1),(64,29,'2012-06-15','0901383/2012',322528.57,0.00,322528.57,1),(65,29,'2012-08-27','0901816/2012',3805.23,0.00,3805.23,1),(66,29,'2012-08-27','0901817/2012',41933.63,0.00,41933.63,1),(67,29,'2013-07-12','0901173/2013',427409.03,0.00,427409.03,1),(68,27,'2011-10-25','0902388/2011',104655.00,0.00,104655.00,1),(69,27,'2012-03-20','0900028/2012',8551.34,0.00,8551.34,1),(70,27,'2012-04-17','0900581/2012',34066.00,0.00,34066.00,1),(71,27,'2012-09-13','0902251/2012',0.00,0.00,0.00,1),(72,27,'2012-09-13','0902253/2012',0.00,0.00,0.00,1),(73,27,'2013-03-26','0903113/2012',24411.37,0.00,24411.37,1),(74,27,'2013-03-26','0903038/2012',258.71,0.00,258.71,1),(75,5,'2011-06-29','0900196/2011',109845.76,0.00,109845.76,1),(76,5,'2011-08-25','0901342/2011',152619.73,0.00,152619.73,1),(77,5,'2011-10-24','0902013/2011',2264.34,0.00,2264.34,1),(78,5,'2011-11-29','0902861/2011',1443.60,0.00,1443.60,1),(79,5,'2013-08-26','0901398/2013',191810.01,0.00,191810.01,1),(80,5,'2013-10-31','0901722/2013',34629.42,0.00,34629.42,1),(81,5,'2013-05-17','0900436/2013',866880.00,0.00,866880.00,1),(82,27,'2011-10-25','0902527/2011',17865.00,0.00,17865.00,1),(83,27,'2012-04-17','0900248/2012',20837.82,0.00,20837.82,1),(84,27,'2012-06-12','0901082/2012',8849.72,0.00,8849.72,1),(85,31,'2012-11-08','0902242/2012',21444.15,0.00,21444.15,1),(86,31,'2012-11-08','0902701/2012',96949.74,0.00,96949.74,1),(87,31,'2012-11-12','0902693/2012',86103.08,0.00,86103.08,1),(88,31,'2013-05-08','0900614/2013',61723.94,0.00,61723.94,1),(89,5,'2012-11-08','0902700/2012',327756.49,0.00,327756.49,1),(90,5,'2012-11-12','0902692/2012',81787.89,0.00,81787.89,1),(91,25,'2007-08-29','0904096/2007',844444.23,0.00,844444.23,1),(92,25,'2008-02-15','0906449/2007',284762.58,0.00,284762.58,1),(93,25,'2011-07-10','0906445/2007',273182.60,0.00,273182.60,1),(94,25,'2008-03-18','0906701/2007',82928.98,0.00,82928.98,1),(95,25,'2008-08-22','0906882/2007',123715.80,0.00,123715.80,1),(96,25,'2008-03-26','0900532/2008',319760.84,0.00,319760.84,1),(97,25,'2008-12-01','0903820/2008',168784.84,0.00,168784.84,1),(98,25,'2009-05-14','0905918/2008',0.00,0.00,0.00,1),(99,25,'2009-07-07','0905929/2008',365078.56,0.00,365078.56,1),(100,25,'2013-10-31','0902256/2009',6519.17,0.00,6519.17,1),(101,31,'2010-12-21','0904228/2010',83907.38,0.00,83907.38,1),(102,31,'2010-12-21','0904229/2010',154835.21,0.00,154835.21,1),(103,31,'2011-11-22','0904230/2010',137129.95,0.00,137129.95,1),(104,31,'2011-05-09','0900845/2011',114045.70,0.00,114045.70,1),(105,31,'2011-05-09','0900849/2011',187406.49,0.00,187406.49,1),(106,31,'2013-10-31','0900519/2013',165152.90,0.00,165152.90,1),(107,25,'2011-06-23','0901857/2011',364890.06,0.00,364890.06,1),(108,25,'2011-08-01','0902272/2011',243260.04,0.00,243260.04,1),(109,25,'2011-08-01','0902275/2011',202716.70,0.00,202716.70,1),(110,25,'2012-01-12','0903777/2011',202513.98,0.00,202513.98,1),(111,32,'2012-08-09','0901660/2012',13718.00,0.00,13718.00,1),(112,32,'2012-09-11','0901969/2012',24190.13,0.00,24190.13,1),(113,31,'2013-10-31','0900408/2013',77079.32,0.00,77079.32,1),(114,31,'2013-10-31','0900403/2013',316194.49,0.00,316194.49,1),(115,31,'2013-10-31','0900446/2013',212398.50,0.00,212398.50,1),(116,31,'2013-10-31','0900871/2013',209435.67,0.00,209435.67,1),(117,31,'2013-10-31','0901285/2013',96550.48,0.00,96550.48,1),(118,31,'2013-10-31','0901380/2013',2133.22,0.00,2133.22,1),(119,33,'2013-04-26','0900206/2013',569912.67,0.00,569912.67,1),(120,33,'2013-06-04','0900709/2013',326919.63,0.00,326919.63,1),(121,33,'2013-07-12','0900997/2013',374817.84,0.00,374817.84,1),(122,33,'2013-08-08','0901316/2013',427683.88,0.00,427683.88,1),(123,33,'2013-10-31','0901674/2013',111128.83,0.00,111128.83,1),(124,26,'2013-10-31','0902851/2012',24061.72,0.00,24061.72,1),(125,26,'2013-05-17','0903186/2012',27670.50,0.00,27670.50,1),(126,26,'2013-05-17','0903410/2012',24463.21,0.00,24463.21,1),(127,26,'2013-04-18','0903119/2012',20984.51,0.00,20984.51,1),(128,26,'2013-06-24','0903440/2012',191191.92,0.00,191191.92,1),(129,34,'2013-01-24','0903340/2012',316692.00,0.00,316692.00,1),(130,34,'2013-02-19','0903484/2012',212777.44,0.00,212777.44,1),(131,34,'2013-05-08','0900615/2013',98966.25,0.00,98966.25,1),(132,34,'2013-06-24','0901070/2013',155377.01,0.00,155377.01,1),(133,5,'2013-06-19','0901074/2013',136414.67,0.00,136414.67,1),(134,5,'2013-06-19','0901077/2013',180985.11,0.00,180985.11,1),(135,5,'2013-06-19','0901076/2013',85148.19,0.00,85148.19,1),(136,5,'2013-06-19','0900949/2013',1929.55,0.00,1929.55,1),(137,32,'2013-03-07','093511/2012',314766.66,0.00,314766.66,1),(138,32,'2013-03-07','0903515/2012',314766.66,0.00,314766.66,1),(139,32,'2013-05-08','0900613/2013',314766.67,0.00,314766.67,1),(140,32,'2013-05-28','0900712/2013',149625.00,0.00,149625.00,1),(141,32,'2013-05-28','0900722/2013',299250.00,0.00,299250.00,1),(142,32,'2013-05-28','0900721/2013',299250.00,0.00,299250.00,1),(143,32,'2013-07-03','0901108/2013',149625.00,0.00,149625.00,1),(144,22,'2012-01-25','0904592/2011',391910.71,0.00,391910.71,1),(145,22,'2012-09-11','0902258/2012',827887.09,0.00,827887.09,1),(146,22,'2012-09-20','0902289/2012',184567.50,0.00,184567.50,1),(147,22,'2012-09-20','0902292/2012',7778.69,0.00,7778.69,1),(148,22,'2013-03-07','0900183/2013',218766.73,0.00,218766.73,1),(149,22,'2013-03-08','0900192/2013',126149.82,0.00,126149.82,1),(150,22,'2013-03-08','0900204/2013',131943.48,0.00,131943.48,1),(151,33,'2013-10-31','0902151/2012',544079.91,0.00,544079.91,1),(152,33,'2013-10-31','0902534/2012',274809.11,0.00,274809.11,1),(153,33,'2013-10-31','0902836/2012',640523.26,0.00,640523.26,1),(154,33,'2013-10-31','0903318/2012',1124967.27,0.00,1124967.27,1),(155,31,'2011-12-14','0903903/2011',355851.34,0.00,355851.34,1),(156,31,'2012-05-23','0901251/2012',118315.05,0.00,118315.05,1),(157,31,'2012-08-08','0901953/2012',301712.50,0.00,301712.50,1),(158,31,'2012-08-23','0902118/2012',524104.95,0.00,524104.95,1),(159,31,'2012-08-23','0902119/2012',471385.18,0.00,471385.18,1),(160,35,'2011-11-23','0903683/2011',538403.09,0.00,538403.09,1),(161,35,'2012-04-03','0900625/2012',145832.99,0.00,145832.99,1),(162,35,'2012-05-14','0901086/2012',42670.64,0.00,42670.64,1),(163,35,'2012-06-15','0901187/2012',19463.66,0.00,19463.66,1),(164,35,'2012-10-01','0902245/2012',113270.77,0.00,113270.77,1),(165,35,'2012-11-08','0902695/2012',304064.08,0.00,304064.08,1),(166,35,'2013-04-22','0900448/2013',316802.46,0.00,316802.46,1),(167,35,'2013-04-22','0900452/2013',136671.79,0.00,136671.79,1),(168,25,'2011-07-26','0900937/2011',120423.00,0.00,120423.00,1),(169,25,'2011-11-23','0902964/2011',192192.00,0.00,192192.00,1),(170,25,'2011-12-22','0903563/2011',2491.18,0.00,2491.18,1),(171,25,'2012-01-12','0903783/2011',18442.25,0.00,18442.25,1),(172,25,'2013-10-31','0901682/2013',49372.64,0.00,49372.64,1),(173,24,'2012-07-18','0901176/2012',69071.76,0.00,69071.76,1),(174,24,'2013-02-07','0902243/2013',30752.07,0.00,30752.07,1),(175,24,'2013-02-07','0902698/2012',60948.98,0.00,60948.98,1),(176,24,'2013-03-07','0903030/2012',167318.04,0.00,167318.04,1),(177,36,'2013-10-31','0902393/2012',336083.58,0.00,336083.58,1),(178,36,'2013-10-31','0903028/2012',205050.65,0.00,205050.65,1),(179,36,'2013-10-31','0903310/2012',213998.55,0.00,213998.55,1),(180,36,'2013-10-31','0903503/2012',190363.83,0.00,190363.83,1),(181,36,'2013-10-31','090378/2013',127813.13,0.00,127813.13,1),(182,37,'2013-06-19','0901071/2013',135894.47,0.00,135894.47,1),(183,37,'2013-06-19','0901072/2013',191419.45,0.00,191419.45,1),(184,37,'2013-06-19','0901081/2013',185250.01,0.00,185250.01,1),(185,37,'2013-07-31','0901278/2013',45517.55,0.00,45517.55,1),(186,37,'2013-08-08','0901396/2013',148214.83,0.00,148214.83,1),(187,37,'2013-09-04','0901686/2013',185268.73,0.00,185268.73,1),(188,37,'2013-09-24','0901828/2013',201572.16,0.00,201572.16,1),(189,5,'2013-06-19','0901078/2013',250827.86,0.00,250827.86,1),(190,5,'2013-07-31','0901280/2013',273318.68,0.00,273318.68,1),(191,5,'2013-08-09','0901397/2013',155778.97,0.00,155778.97,1),(192,5,'2013-10-31','0901856/2013',135690.08,0.00,135690.08,1),(193,34,'2013-06-24','0901067/2013',69276.37,0.00,69276.37,1),(194,34,'2013-06-24','0901082/2013',306795.37,0.00,306795.37,1),(195,34,'2013-06-24','0901080/2013',197932.50,0.00,197932.50,1),(196,34,'2013-08-08','0901383/2013',72922.50,0.00,72922.50,1),(197,32,'2013-08-01','0901381/2013',149625.00,0.00,149625.00,1),(198,32,'2013-08-01','0901395/2013',299250.00,0.00,299250.00,1),(199,32,'2013-09-04','0901687/2013',149625.00,0.00,149625.00,1),(200,34,'2013-09-04','0901688/2013',632216.70,0.00,632216.70,1),(201,34,'2013-10-31','0901827/2013',664322.30,0.00,664322.30,1),(202,38,'2013-08-09','0901473/2013',48702.20,0.00,48702.20,1),(203,38,'2013-10-31','0901696/2013',236425.28,0.00,236425.28,1);
/*!40000 ALTER TABLE `pago` ENABLE KEYS */;
UNLOCK TABLES;

--
-- Table structure for table `pagocertificacion`
--

DROP TABLE IF EXISTS `pagocertificacion`;
/*!40101 SET @saved_cs_client     = @@character_set_client */;
/*!40101 SET character_set_client = utf8 */;
CREATE TABLE `pagocertificacion` (
  `IdPagoCertificacion` int(10) unsigned NOT NULL AUTO_INCREMENT,
  `IdPago` int(10) unsigned NOT NULL,
  `IdCertificacion` int(10) unsigned NOT NULL,
  `Importe` decimal(14,2) unsigned NOT NULL,
  PRIMARY KEY (`IdPagoCertificacion`),
  KEY `fk_pagocertificacion_pago` (`IdPago`),
  KEY `fk_pagocertificacion_certificacion` (`IdCertificacion`),
  CONSTRAINT `fk_pagocertificacion_certificacion` FOREIGN KEY (`IdCertificacion`) REFERENCES `certificacion` (`IdCertificacion`) ON DELETE NO ACTION ON UPDATE NO ACTION,
  CONSTRAINT `fk_pagocertificacion_pago` FOREIGN KEY (`IdPago`) REFERENCES `pago` (`IdPago`) ON DELETE NO ACTION ON UPDATE NO ACTION
) ENGINE=InnoDB AUTO_INCREMENT=204 DEFAULT CHARSET=utf8 COLLATE=utf8_spanish_ci;
/*!40101 SET character_set_client = @saved_cs_client */;

--
-- Dumping data for table `pagocertificacion`
--

LOCK TABLES `pagocertificacion` WRITE;
/*!40000 ALTER TABLE `pagocertificacion` DISABLE KEYS */;
INSERT INTO `pagocertificacion` VALUES (1,1,199,375592.66),(2,2,200,646477.34),(3,3,201,135173.08),(4,4,202,49088.93),(5,5,203,545358.09),(6,6,204,1359364.78),(7,7,205,500114.19),(8,8,206,311914.85),(9,9,207,366329.01),(10,10,208,416337.22),(11,11,210,163459.67),(12,12,211,22413.13),(13,13,212,9689.98),(14,14,213,179654.44),(15,15,214,1064727.49),(16,16,215,2760297.73),(17,17,216,509339.99),(18,18,217,449996.88),(19,19,218,103349.57),(20,20,219,43816.73),(21,21,220,31177.50),(22,22,221,320092.45),(23,23,222,129732.23),(24,24,223,87410.30),(25,25,224,278170.21),(26,26,225,259147.49),(27,27,226,25327.87),(28,28,227,46641.78),(29,29,228,62048.28),(30,30,229,60173.15),(31,31,230,131822.18),(32,32,231,75066.52),(33,33,232,41677.79),(34,34,233,190882.53),(35,35,234,190413.63),(36,36,235,107626.54),(37,37,236,82895.57),(38,38,237,133020.00),(39,39,238,245095.22),(40,40,239,245547.23),(41,41,240,8182.54),(42,42,241,179615.65),(43,43,242,6333.60),(44,44,243,392654.62),(45,45,244,158184.28),(46,46,245,308424.58),(47,47,246,239086.65),(48,48,248,129709.74),(49,49,251,194996.21),(50,50,252,114489.62),(51,51,253,8595.76),(52,52,254,10659.61),(53,53,255,35356.68),(54,54,256,20048.42),(55,55,257,96431.01),(56,56,258,57768.15),(57,57,259,16415.82),(58,58,260,26187.52),(59,59,262,14211.83),(60,60,263,48390.92),(61,61,268,175098.58),(62,62,269,135075.99),(63,63,270,50998.62),(64,64,271,322528.57),(65,65,272,3805.23),(66,66,273,41933.63),(67,67,274,427409.03),(68,68,275,104655.00),(69,69,276,8551.34),(70,70,277,34066.00),(71,71,278,0.00),(72,72,279,0.00),(73,73,280,24411.37),(74,74,281,258.71),(75,75,282,109845.76),(76,76,283,152619.73),(77,77,284,2264.34),(78,78,285,1443.60),(79,79,286,191810.01),(80,80,287,34629.42),(81,81,288,866880.00),(82,82,289,17865.00),(83,83,290,20837.82),(84,84,291,8849.72),(85,85,292,21444.15),(86,86,293,96949.74),(87,87,294,86103.08),(88,88,295,61723.94),(89,89,296,327756.49),(90,90,297,81787.89),(91,91,298,844444.23),(92,92,299,284762.58),(93,93,300,273182.60),(94,94,301,82928.98),(95,95,302,123715.80),(96,96,303,319760.84),(97,97,304,168784.84),(98,98,305,0.00),(99,99,307,365078.56),(100,100,308,6519.17),(101,101,309,83907.38),(102,102,310,154835.21),(103,103,311,137129.95),(104,104,312,114045.70),(105,105,313,187406.49),(106,106,314,165152.90),(107,107,315,364890.06),(108,108,316,243260.04),(109,109,317,202716.70),(110,110,318,202513.98),(111,111,319,13718.00),(112,112,320,24190.13),(113,113,321,77079.32),(114,114,322,316194.49),(115,115,323,212398.50),(116,116,324,209435.67),(117,117,325,96550.48),(118,118,326,2133.22),(119,119,328,569912.67),(120,120,330,326919.63),(121,121,331,374817.84),(122,122,332,427683.88),(123,123,333,111128.83),(124,124,334,24061.72),(125,125,335,27670.50),(126,126,336,24463.21),(127,127,337,20984.51),(128,128,338,191191.92),(129,129,339,316692.00),(130,130,340,212777.44),(131,131,341,98966.25),(132,132,342,155377.01),(133,133,343,136414.67),(134,134,344,180985.11),(135,135,345,85148.19),(136,136,346,1929.55),(137,137,347,314766.66),(138,138,348,314766.66),(139,139,349,314766.67),(140,140,350,149625.00),(141,141,351,299250.00),(142,142,352,299250.00),(143,143,353,149625.00),(144,144,354,391910.71),(145,145,355,827887.09),(146,146,356,184567.50),(147,147,357,7778.69),(148,148,358,218766.73),(149,149,359,126149.82),(150,150,360,131943.48),(151,151,362,544079.91),(152,152,363,274809.11),(153,153,364,640523.26),(154,154,365,1124967.27),(155,155,366,355851.34),(156,156,367,118315.05),(157,157,368,301712.50),(158,158,369,524104.95),(159,159,370,471385.18),(160,160,371,538403.09),(161,161,372,145832.99),(162,162,373,42670.64),(163,163,374,19463.66),(164,164,375,113270.77),(165,165,376,304064.08),(166,166,377,316802.46),(167,167,378,136671.79),(168,168,379,120423.00),(169,169,380,192192.00),(170,170,381,2491.18),(171,171,382,18442.25),(172,172,383,49372.64),(173,173,384,69071.76),(174,174,385,30752.07),(175,175,386,60948.98),(176,176,387,167318.04),(177,177,388,336083.58),(178,178,389,205050.65),(179,179,390,213998.55),(180,180,391,190363.83),(181,181,392,127813.13),(182,182,393,135894.47),(183,183,394,191419.45),(184,184,395,185250.01),(185,185,396,45517.55),(186,186,397,148214.83),(187,187,398,185268.73),(188,188,399,201572.16),(189,189,401,250827.86),(190,190,402,273318.68),(191,191,403,155778.97),(192,192,404,135690.08),(193,193,405,69276.37),(194,194,406,306795.37),(195,195,407,197932.50),(196,196,408,72922.50),(197,197,410,149625.00),(198,198,411,299250.00),(199,199,412,149625.00),(200,200,413,632216.70),(201,201,414,664322.30),(202,202,416,48702.20),(203,203,419,236425.28);
/*!40000 ALTER TABLE `pagocertificacion` ENABLE KEYS */;
UNLOCK TABLES;

--
-- Table structure for table `proveedor`
--

DROP TABLE IF EXISTS `proveedor`;
/*!40101 SET @saved_cs_client     = @@character_set_client */;
/*!40101 SET character_set_client = utf8 */;
CREATE TABLE `proveedor` (
  `IdProveedor` int(10) unsigned NOT NULL AUTO_INCREMENT,
  `Cuit` varchar(13) COLLATE utf8_spanish_ci NOT NULL,
  `RazonSocial` varchar(255) COLLATE utf8_spanish_ci NOT NULL,
  `Domicilio` varchar(255) COLLATE utf8_spanish_ci DEFAULT NULL,
  `IdLocalidad` int(10) unsigned DEFAULT NULL,
  `RepresentanteTecnico` varchar(255) COLLATE utf8_spanish_ci DEFAULT NULL,
  `Telefono` varchar(50) COLLATE utf8_spanish_ci DEFAULT NULL,
  `Email` varchar(50) COLLATE utf8_spanish_ci DEFAULT NULL,
  PRIMARY KEY (`IdProveedor`),
  KEY `fk_proveedor_localidad` (`IdLocalidad`),
  CONSTRAINT `fk_proveedor_localidad` FOREIGN KEY (`IdLocalidad`) REFERENCES `localidad` (`IdLocalidad`) ON DELETE NO ACTION ON UPDATE NO ACTION
) ENGINE=InnoDB AUTO_INCREMENT=77 DEFAULT CHARSET=utf8 COLLATE=utf8_spanish_ci;
/*!40101 SET character_set_client = @saved_cs_client */;

--
-- Dumping data for table `proveedor`
--

LOCK TABLES `proveedor` WRITE;
/*!40000 ALTER TABLE `proveedor` DISABLE KEYS */;
INSERT INTO `proveedor` VALUES (1,'20-27004218-0','TRESALET LUCAS PEDRO',NULL,NULL,NULL,NULL,NULL),(2,'30-67267972-5','IDEM S.R.L.',NULL,NULL,NULL,NULL,NULL),(3,'30-68243458-5','DISTROCUYO S.A',NULL,NULL,NULL,NULL,NULL),(4,'20-16250547-6','CALIO HUGO ALBERTO',NULL,NULL,NULL,NULL,NULL),(5,'30-70922270-4','OMEGA MLP S.R.L.',NULL,NULL,NULL,NULL,NULL),(6,'30-71213007-1','CN SAPAG SACCFII Y E - OMEGA SRL - UTE',NULL,NULL,NULL,NULL,NULL),(7,'30-71229170-9','OMEGA MLP SRL - CN SAPAG SACCFII Y E -900 VIVIENDAS UTE',NULL,NULL,NULL,NULL,NULL),(8,'30-63148406-5','HIDROCARBUROS DEL NEUQUEN S.A',NULL,NULL,NULL,NULL,NULL),(9,'30-66195744-8','ELECTRIFICADORA DEL VALLE S.A.',NULL,NULL,NULL,NULL,NULL),(10,'30-50373873-9','TADEO CZERWENY S.A.',NULL,NULL,NULL,NULL,NULL),(11,'30-50230491-3','INDUSTRIA METALURGICA SUD AMERICANA S.A.C. E I.',NULL,NULL,NULL,NULL,NULL),(12,'30-50241471-9','PRYSMIAN ENERGIA CABLES Y SISTEMAS DE ARGENTINA S.A.I.C.',NULL,NULL,NULL,NULL,NULL),(13,'30-71415135-1','TRANELSA ATEC UTE',NULL,NULL,NULL,NULL,NULL),(14,'30-50336489-8','SIEMENS S.A .',NULL,NULL,NULL,NULL,NULL),(15,'30-66123321-0','LAGO ELECTROMECANICA S.A ',NULL,NULL,NULL,NULL,NULL),(16,'30-69885367-7','A.I.T. S.A',NULL,NULL,NULL,NULL,NULL),(17,'30-56926552-1','SIGLA S.A.',NULL,NULL,NULL,NULL,NULL),(18,'30-71315030-0','DISTROCUYO S.A. - CN SAPAG S.A.C.C.F.I.I. Y E. - OMEGA MLP S.R.L. UTE',NULL,NULL,NULL,NULL,NULL),(19,'30-55239141-8','NAPAL Y MUOZ S.A.',NULL,NULL,NULL,NULL,NULL),(20,'33-70872840-9','BASAP S.A.',NULL,NULL,NULL,NULL,NULL),(21,'30-70268173-8','ZAHIDAS',NULL,NULL,NULL,NULL,NULL),(22,'30-61919183-4','ENSA',NULL,NULL,NULL,NULL,NULL),(23,'30-70942913-9','LINEU S.A.',NULL,NULL,NULL,NULL,NULL),(24,'30-70863817-6','A.B.I. S.R.L.',NULL,NULL,NULL,NULL,NULL),(25,'00-00000012-0','SOMBRA CONSTRUCCIONES',NULL,NULL,NULL,NULL,NULL),(26,'20-14426926-9','EDUARDO ANTONIO SALUM',NULL,NULL,NULL,NULL,NULL),(27,'00-00000013-0','S.C.I. NEUQUEN',NULL,NULL,NULL,NULL,NULL),(28,'00-00000014-0','CODAM S.R.L.',NULL,NULL,NULL,NULL,NULL),(29,'30-70827086-1','MAUAD S.R.L.',NULL,NULL,NULL,NULL,NULL),(30,'33-71017408-9','R.J. INGENIERA S.A.',NULL,NULL,NULL,NULL,NULL),(31,'30-70905191-8','OBRAS Y DUCTOS DEL COMAHUE',NULL,NULL,NULL,NULL,NULL),(32,'20-10184596-7','CASTILLO ESTEBAN MARCELINO',NULL,NULL,NULL,NULL,NULL),(33,'20-12262427-8','GUTH MARCELO',NULL,NULL,NULL,NULL,NULL),(34,'30-71130052-6','S.R. CONSTRUCCIONES',NULL,NULL,NULL,NULL,NULL),(35,'00-00000015-0','COOPERATIVA DE AGUA POTABLE Y SERVICIOS - SMA',NULL,NULL,NULL,NULL,NULL),(36,'30-70848293-1','FINES S.R.L.',NULL,NULL,NULL,NULL,NULL),(37,'00-00000016-0','SAINT THOMAS SERVICE DE WALTER JOUBERT',NULL,NULL,NULL,NULL,NULL),(38,'30-70962793-3','SERVIOBRAS S.R.L.',NULL,NULL,NULL,NULL,NULL),(39,'00-00000017-0','SERVICIOS S.R.L.',NULL,NULL,NULL,NULL,NULL),(40,'30-71224778-5','MAPIVIAL EQUIPOS S.R.L.',NULL,NULL,NULL,NULL,NULL),(41,'00-00000018-0','ALL SERV - URDINEZ MARIA',NULL,NULL,NULL,NULL,NULL),(42,'30-59284093-2','ARTE CONSTRUCCIONES',NULL,NULL,NULL,NULL,NULL),(43,'00-00000019-0','MUNICIPALIDAD DE BARRANCAS',NULL,NULL,NULL,NULL,NULL),(44,'00-00000020-0','MUNICIPALIDAD DE CUTRAL CO',NULL,NULL,NULL,NULL,NULL),(45,'30-70785800-8','OKUME S.A.',NULL,NULL,NULL,NULL,NULL),(46,'20-11431184-8','ZALETTO LINO',NULL,NULL,NULL,NULL,NULL),(47,'00-00000021-0','MUNICIPALIDAD DE MANZANO AMARGO',NULL,NULL,NULL,NULL,NULL),(48,'30-59256829-9','TAPPATA S.A.',NULL,NULL,NULL,NULL,NULL),(49,'30-65153974-5','BLACKHALL CONSTRUCCIONES S.R.L.',NULL,NULL,NULL,NULL,NULL),(50,'30-71041524-9','VAIL S.R.L.',NULL,NULL,NULL,NULL,NULL),(51,'20-20717217-1','BLANDA MARCELO ADRIAN',NULL,NULL,NULL,NULL,NULL),(52,'20-11142232-0','ZALAZAR VICTOR RAUL',NULL,NULL,NULL,NULL,NULL),(53,'00-00000022-0','MOCCIOLA S.A.',NULL,NULL,NULL,NULL,NULL),(54,'27-11810785-9','VOLK YOLANDA MARY',NULL,NULL,NULL,NULL,NULL),(55,'33-71188160-9','JC BRABEUO',NULL,NULL,NULL,NULL,NULL),(56,'00-00000023-0','TARIFEO',NULL,NULL,NULL,NULL,NULL),(57,'30-70871100-0','LIMKAT',NULL,NULL,NULL,NULL,NULL),(58,'30-71166408-0','ROVELLA CARRANZA  R.J. INGENIERA  S.A. UTE',NULL,NULL,NULL,NULL,NULL),(59,'30-71003995-6','C.N.SAPAG S.A. - LUCIANO S.A. UTE',NULL,NULL,NULL,NULL,NULL),(60,'33-71054491-9','CONTRERAS HNOS. S.A. - C.N.SAPAG S.A. UTE',NULL,NULL,NULL,NULL,NULL),(61,'30-71017401-2','LAUTEC S.R.L. - HORMIQUEN S.A. UTE',NULL,NULL,NULL,NULL,NULL),(62,'30-71051275-9','HORMIQUEN S.A. - LAUTEC S.R.L.  UTE',NULL,NULL,NULL,NULL,NULL),(63,'00-00000001-0','CLEANOSOL ARGENTINA S.A.',NULL,NULL,NULL,NULL,NULL),(64,'30-71204360-8','HORMIQUEN S.A. - LAUTEC S.R.L. - SERVIPET S.A.  UTE',NULL,NULL,NULL,NULL,NULL),(65,'30-64595911-2','CONAGRO S.R.L.',NULL,NULL,NULL,NULL,NULL),(66,'30-71242742-2','PERFIL S.R.L.',NULL,NULL,NULL,NULL,NULL),(67,'00-00000002-0','CONSTRUCCIONES MONETTI',NULL,NULL,NULL,NULL,NULL),(68,'00-00000003-0','CN SAPAG S.A.',NULL,NULL,NULL,NULL,NULL),(69,'00-00000004-0','CODI S.A:',NULL,NULL,NULL,NULL,NULL),(70,'00-00000005-0','ING. MARCELO GODOY',NULL,NULL,NULL,NULL,NULL),(71,'00-00000008-0','DIEGO JAVIER URBANSKY',NULL,NULL,NULL,NULL,NULL),(72,'00-00000007-0','AGR VICTOR OMAR GODOY',NULL,NULL,NULL,NULL,NULL),(73,'00-00000009-0','ING LARA BABAYA',NULL,NULL,NULL,NULL,NULL),(74,'00-00000006-0','AGR CARLOS DANIEL SARALEGUI',NULL,NULL,NULL,NULL,NULL),(75,'00-00000010-0','PROVEEDOR SIN DEFINIR',NULL,NULL,NULL,NULL,NULL),(76,'00-00000011-0','PROVEEDOR SIN DEFINIR',NULL,NULL,NULL,NULL,NULL);
/*!40000 ALTER TABLE `proveedor` ENABLE KEYS */;
UNLOCK TABLES;

--
-- Table structure for table `recepcioncontrato`
--

DROP TABLE IF EXISTS `recepcioncontrato`;
/*!40101 SET @saved_cs_client     = @@character_set_client */;
/*!40101 SET character_set_client = utf8 */;
CREATE TABLE `recepcioncontrato` (
  `IdRecepcionContrato` int(10) unsigned NOT NULL AUTO_INCREMENT,
  `IdContrato` int(10) unsigned NOT NULL,
  `ProvisoriaDefinitiva` int(1) unsigned NOT NULL,
  `ParcialTotal` int(1) unsigned NOT NULL,
  `Fecha` date NOT NULL,
  `NormaLegalAprobacion` varchar(10) COLLATE utf8_spanish_ci NOT NULL,
  PRIMARY KEY (`IdRecepcionContrato`),
  KEY `fk_recepcioncontrato_contrato` (`IdContrato`),
  CONSTRAINT `fk_recepcioncontrato_contrato` FOREIGN KEY (`IdContrato`) REFERENCES `contrato` (`IdContrato`) ON DELETE NO ACTION ON UPDATE NO ACTION
) ENGINE=InnoDB DEFAULT CHARSET=utf8 COLLATE=utf8_spanish_ci;
/*!40101 SET character_set_client = @saved_cs_client */;

--
-- Dumping data for table `recepcioncontrato`
--

LOCK TABLES `recepcioncontrato` WRITE;
/*!40000 ALTER TABLE `recepcioncontrato` DISABLE KEYS */;
/*!40000 ALTER TABLE `recepcioncontrato` ENABLE KEYS */;
UNLOCK TABLES;

--
-- Table structure for table `rol`
--

DROP TABLE IF EXISTS `rol`;
/*!40101 SET @saved_cs_client     = @@character_set_client */;
/*!40101 SET character_set_client = utf8 */;
CREATE TABLE `rol` (
  `IdRol` int(10) unsigned NOT NULL AUTO_INCREMENT,
  `Nombre` varchar(100) COLLATE utf8_spanish_ci NOT NULL,
  PRIMARY KEY (`IdRol`),
  UNIQUE KEY `uq_rol_nombre` (`Nombre`)
) ENGINE=InnoDB AUTO_INCREMENT=5 DEFAULT CHARSET=utf8 COLLATE=utf8_spanish_ci;
/*!40101 SET character_set_client = @saved_cs_client */;

--
-- Dumping data for table `rol`
--

LOCK TABLES `rol` WRITE;
/*!40000 ALTER TABLE `rol` DISABLE KEYS */;
INSERT INTO `rol` VALUES (1,'ADMINISTRADOR GENERAL'),(2,'ADMINISTRADOR ORGANISMO'),(3,'OBRAS'),(4,'TESORERIA');
/*!40000 ALTER TABLE `rol` ENABLE KEYS */;
UNLOCK TABLES;

--
-- Table structure for table `rolpagina`
--

DROP TABLE IF EXISTS `rolpagina`;
/*!40101 SET @saved_cs_client     = @@character_set_client */;
/*!40101 SET character_set_client = utf8 */;
CREATE TABLE `rolpagina` (
  `IdRol` int(10) unsigned NOT NULL,
  `IdPagina` int(10) unsigned NOT NULL,
  PRIMARY KEY (`IdRol`,`IdPagina`),
  KEY `fk_rolpagina_pagina` (`IdPagina`),
  CONSTRAINT `fk_rolpagina_pagina` FOREIGN KEY (`IdPagina`) REFERENCES `pagina` (`IdPagina`) ON DELETE NO ACTION ON UPDATE NO ACTION,
  CONSTRAINT `fk_rolpagina_rol` FOREIGN KEY (`IdRol`) REFERENCES `rol` (`IdRol`) ON DELETE NO ACTION ON UPDATE NO ACTION
) ENGINE=InnoDB DEFAULT CHARSET=utf8 COLLATE=utf8_spanish_ci;
/*!40101 SET character_set_client = @saved_cs_client */;

--
-- Dumping data for table `rolpagina`
--

LOCK TABLES `rolpagina` WRITE;
/*!40000 ALTER TABLE `rolpagina` DISABLE KEYS */;
INSERT INTO `rolpagina` VALUES (1,1),(2,1),(3,1),(4,1),(1,2),(2,2),(3,2),(4,2),(1,3),(2,3),(3,3),(4,3),(1,4),(2,4),(3,4),(4,4),(2,5),(3,5),(2,6),(3,6),(2,7),(3,7),(2,8),(3,8),(2,9),(3,9),(2,10),(3,10),(2,11),(3,11),(2,12),(4,12),(2,13),(4,13),(1,14),(2,14),(1,15),(2,15),(1,16),(1,17),(1,18),(1,19),(1,20),(1,21),(1,22),(1,23),(2,24),(3,24),(4,24),(2,25),(3,25),(2,26),(3,26),(2,27),(3,27);
/*!40000 ALTER TABLE `rolpagina` ENABLE KEYS */;
UNLOCK TABLES;

--
-- Table structure for table `tipoobra`
--

DROP TABLE IF EXISTS `tipoobra`;
/*!40101 SET @saved_cs_client     = @@character_set_client */;
/*!40101 SET character_set_client = utf8 */;
CREATE TABLE `tipoobra` (
  `IdTipoObra` int(10) unsigned NOT NULL AUTO_INCREMENT,
  `Descripcion` varchar(50) COLLATE utf8_spanish_ci NOT NULL,
  PRIMARY KEY (`IdTipoObra`)
) ENGINE=InnoDB AUTO_INCREMENT=2 DEFAULT CHARSET=utf8 COLLATE=utf8_spanish_ci;
/*!40101 SET character_set_client = @saved_cs_client */;

--
-- Dumping data for table `tipoobra`
--

LOCK TABLES `tipoobra` WRITE;
/*!40000 ALTER TABLE `tipoobra` DISABLE KEYS */;
INSERT INTO `tipoobra` VALUES (1,'SANEAMIENTO');
/*!40000 ALTER TABLE `tipoobra` ENABLE KEYS */;
UNLOCK TABLES;

--
-- Table structure for table `usuario`
--

DROP TABLE IF EXISTS `usuario`;
/*!40101 SET @saved_cs_client     = @@character_set_client */;
/*!40101 SET character_set_client = utf8 */;
CREATE TABLE `usuario` (
  `IdUsuario` int(10) unsigned NOT NULL AUTO_INCREMENT,
  `ApellidoNombre` varchar(255) COLLATE utf8_spanish_ci NOT NULL,
  `Username` varchar(50) COLLATE utf8_spanish_ci NOT NULL,
  `Password` varchar(50) COLLATE utf8_spanish_ci NOT NULL,
  `IdOrganismo` int(10) unsigned DEFAULT NULL,
  `Activo` int(1) unsigned NOT NULL,
  `IdRol` int(10) unsigned NOT NULL,
  PRIMARY KEY (`IdUsuario`),
  KEY `fk_usuario_organismo` (`IdOrganismo`),
  KEY `fk_usuario_rol` (`IdRol`),
  CONSTRAINT `fk_usuario_organismo` FOREIGN KEY (`IdOrganismo`) REFERENCES `organismo` (`IdOrganismo`) ON DELETE NO ACTION ON UPDATE NO ACTION,
  CONSTRAINT `fk_usuario_rol` FOREIGN KEY (`IdRol`) REFERENCES `rol` (`IdRol`) ON DELETE NO ACTION ON UPDATE NO ACTION
) ENGINE=InnoDB AUTO_INCREMENT=8 DEFAULT CHARSET=utf8 COLLATE=utf8_spanish_ci;
/*!40101 SET character_set_client = @saved_cs_client */;

--
-- Dumping data for table `usuario`
--

LOCK TABLES `usuario` WRITE;
/*!40000 ALTER TABLE `usuario` DISABLE KEYS */;
INSERT INTO `usuario` VALUES (1,'ADMINISTRADOR EPAS','epasadmin','3fc0a7acf087f549ac2b266baf94b8b1',1,1,2),(2,'ADMINISTRADOR GENERAL','admin','3fc0a7acf087f549ac2b266baf94b8b1',NULL,1,1),(3,'OBRAS EPAS','epasobras','3fc0a7acf087f549ac2b266baf94b8b1',1,1,3),(4,'TESORERIA EPAS','epasteso','3fc0a7acf087f549ac2b266baf94b8b1',1,1,4),(5,'ADMINISTRADOR EPEN','epenadmin','3fc0a7acf087f549ac2b266baf94b8b1',2,1,2),(6,'ADMINISTADOR VIALIDAD','vialidadadmin','3fc0a7acf087f549ac2b266baf94b8b1',3,1,2),(7,'ADMINISTADOR OBRAS PUBLICAS','obraspublicasadmin','3fc0a7acf087f549ac2b266baf94b8b1',5,1,2);
/*!40000 ALTER TABLE `usuario` ENABLE KEYS */;
UNLOCK TABLES;

--
-- Table structure for table `ute`
--

DROP TABLE IF EXISTS `ute`;
/*!40101 SET @saved_cs_client     = @@character_set_client */;
/*!40101 SET character_set_client = utf8 */;
CREATE TABLE `ute` (
  `IdProveedor` int(10) unsigned NOT NULL,
  `IdProveedorSocio` int(10) unsigned NOT NULL,
  `PorcentajeSocio` decimal(5,2) unsigned NOT NULL,
  PRIMARY KEY (`IdProveedor`,`IdProveedorSocio`),
  KEY `fk_ute_proveedor_2` (`IdProveedorSocio`),
  CONSTRAINT `fk_ute_proveedor` FOREIGN KEY (`IdProveedor`) REFERENCES `proveedor` (`IdProveedor`) ON DELETE NO ACTION ON UPDATE NO ACTION,
  CONSTRAINT `fk_ute_proveedor_2` FOREIGN KEY (`IdProveedorSocio`) REFERENCES `proveedor` (`IdProveedor`) ON DELETE NO ACTION ON UPDATE NO ACTION
) ENGINE=InnoDB DEFAULT CHARSET=utf8 COLLATE=utf8_spanish_ci;
/*!40101 SET character_set_client = @saved_cs_client */;

--
-- Dumping data for table `ute`
--

LOCK TABLES `ute` WRITE;
/*!40000 ALTER TABLE `ute` DISABLE KEYS */;
/*!40000 ALTER TABLE `ute` ENABLE KEYS */;
UNLOCK TABLES;

--
-- Dumping routines for database 'ssp'
--
/*!50003 DROP FUNCTION IF EXISTS `fnCodigosFufixObra` */;
/*!50003 SET @saved_cs_client      = @@character_set_client */ ;
/*!50003 SET @saved_cs_results     = @@character_set_results */ ;
/*!50003 SET @saved_col_connection = @@collation_connection */ ;
/*!50003 SET character_set_client  = latin1 */ ;
/*!50003 SET character_set_results = latin1 */ ;
/*!50003 SET collation_connection  = latin1_swedish_ci */ ;
/*!50003 SET @saved_sql_mode       = @@sql_mode */ ;
/*!50003 SET sql_mode              = '' */ ;
DELIMITER ;;
/*!50003 CREATE*/ /*!50020 DEFINER=`root`@`localhost`*/ /*!50003 FUNCTION `fnCodigosFufixObra`(pIdObra INT) RETURNS varchar(1000) CHARSET utf8
BEGIN
  DECLARE vFufi VARCHAR(4);
  DECLARE vReturn VARCHAR(1000);
  DECLARE vDone INT DEFAULT 0;
  DECLARE vCurFufis CURSOR FOR select f.CodigoFufi from obrafuentefinanciamiento of inner join fuentefinanciamiento f on of.IdFuenteFinanciamiento=f.IdFuenteFinanciamiento where of.IdObra=pIdObra order by f.CodigoFufi;
  DECLARE CONTINUE HANDLER FOR SQLSTATE '02000' SET vDone = 1;
  
  SET vReturn = '';
  SET vDone = 0;
  OPEN vCurFufis;
  
  REPEAT
    FETCH vCurFufis INTO vFufi;
    
    IF NOT vDone THEN
      
      IF vReturn='' THEN
        SET vReturn = CONCAT(vFufi);
      ELSE
        SET vReturn = CONCAT(vReturn,'\n', vFufi);
      END IF;
      
    END IF;
  
  UNTIL vDone END REPEAT;
	
  RETURN vReturn;
END */;;
DELIMITER ;
/*!50003 SET sql_mode              = @saved_sql_mode */ ;
/*!50003 SET character_set_client  = @saved_cs_client */ ;
/*!50003 SET character_set_results = @saved_cs_results */ ;
/*!50003 SET collation_connection  = @saved_col_connection */ ;
/*!50003 DROP FUNCTION IF EXISTS `fnDescripcionesFufixObra` */;
/*!50003 SET @saved_cs_client      = @@character_set_client */ ;
/*!50003 SET @saved_cs_results     = @@character_set_results */ ;
/*!50003 SET @saved_col_connection = @@collation_connection */ ;
/*!50003 SET character_set_client  = latin1 */ ;
/*!50003 SET character_set_results = latin1 */ ;
/*!50003 SET collation_connection  = latin1_swedish_ci */ ;
/*!50003 SET @saved_sql_mode       = @@sql_mode */ ;
/*!50003 SET sql_mode              = '' */ ;
DELIMITER ;;
/*!50003 CREATE*/ /*!50020 DEFINER=`root`@`localhost`*/ /*!50003 FUNCTION `fnDescripcionesFufixObra`(pIdObra INT) RETURNS varchar(1000) CHARSET utf8
BEGIN
  DECLARE vNombre VARCHAR(255);
  DECLARE vReturn VARCHAR(1000);
  DECLARE vDone INT DEFAULT 0;
  DECLARE vCurFufis CURSOR FOR select f.Descripcion from obrafuentefinanciamiento of inner join fuentefinanciamiento f on of.IdFuenteFinanciamiento=f.IdFuenteFinanciamiento where of.IdObra=pIdObra order by f.CodigoFufi;
  DECLARE CONTINUE HANDLER FOR SQLSTATE '02000' SET vDone = 1;
  
  SET vReturn = '';
  SET vDone = 0;
  OPEN vCurFufis;
  
  REPEAT
    FETCH vCurFufis INTO vNombre;
    
    IF NOT vDone THEN
      
      IF vReturn='' THEN
        SET vReturn = CONCAT(vNombre);
      ELSE
        SET vReturn = CONCAT(vReturn,'\n', vNombre);
      END IF;
      
    END IF;
  
  UNTIL vDone END REPEAT;
	
  RETURN vReturn;
END */;;
DELIMITER ;
/*!50003 SET sql_mode              = @saved_sql_mode */ ;
/*!50003 SET character_set_client  = @saved_cs_client */ ;
/*!50003 SET character_set_results = @saved_cs_results */ ;
/*!50003 SET collation_connection  = @saved_col_connection */ ;
/*!50003 DROP FUNCTION IF EXISTS `fnFufisxObra` */;
/*!50003 SET @saved_cs_client      = @@character_set_client */ ;
/*!50003 SET @saved_cs_results     = @@character_set_results */ ;
/*!50003 SET @saved_col_connection = @@collation_connection */ ;
/*!50003 SET character_set_client  = latin1 */ ;
/*!50003 SET character_set_results = latin1 */ ;
/*!50003 SET collation_connection  = latin1_swedish_ci */ ;
/*!50003 SET @saved_sql_mode       = @@sql_mode */ ;
/*!50003 SET sql_mode              = '' */ ;
DELIMITER ;;
/*!50003 CREATE*/ /*!50020 DEFINER=`root`@`localhost`*/ /*!50003 FUNCTION `fnFufisxObra`(pIdObra INT) RETURNS varchar(1000) CHARSET latin1
BEGIN
  DECLARE vNombre VARCHAR(255);
  DECLARE vFufi VARCHAR(4);
  DECLARE vReturn VARCHAR(1000);
  DECLARE vDone INT DEFAULT 0;
  DECLARE vCurFufis CURSOR FOR select f.CodigoFufi, f.Descripcion from obrafuentefinanciamiento of inner join fuentefinanciamiento f on of.IdFuenteFinanciamiento=f.IdFuenteFinanciamiento where of.IdObra=pIdObra order by f.CodigoFufi;
  DECLARE CONTINUE HANDLER FOR SQLSTATE '02000' SET vDone = 1;
  
  SET vReturn = '';
  SET vDone = 0;
  OPEN vCurFufis;
  
  REPEAT
    FETCH vCurFufis INTO vFufi, vNombre;
    
    IF NOT vDone THEN
      
      IF vReturn='' THEN
        SET vReturn = CONCAT(vFufi,' ',vNombre);
      ELSE
        SET vReturn = CONCAT(vReturn,'<br />', vFufi,' ',vNombre);
      END IF;
      
    END IF;
  
  UNTIL vDone END REPEAT;
	
  RETURN vReturn;
END */;;
DELIMITER ;
/*!50003 SET sql_mode              = @saved_sql_mode */ ;
/*!50003 SET character_set_client  = @saved_cs_client */ ;
/*!50003 SET character_set_results = @saved_cs_results */ ;
/*!50003 SET collation_connection  = @saved_col_connection */ ;
/*!50003 DROP FUNCTION IF EXISTS `fnLocalidadesxObra` */;
/*!50003 SET @saved_cs_client      = @@character_set_client */ ;
/*!50003 SET @saved_cs_results     = @@character_set_results */ ;
/*!50003 SET @saved_col_connection = @@collation_connection */ ;
/*!50003 SET character_set_client  = latin1 */ ;
/*!50003 SET character_set_results = latin1 */ ;
/*!50003 SET collation_connection  = latin1_swedish_ci */ ;
/*!50003 SET @saved_sql_mode       = @@sql_mode */ ;
/*!50003 SET sql_mode              = '' */ ;
DELIMITER ;;
/*!50003 CREATE*/ /*!50020 DEFINER=`root`@`localhost`*/ /*!50003 FUNCTION `fnLocalidadesxObra`(pIdObra INT, pFinLinea VARCHAR(10)) RETURNS varchar(1000) CHARSET utf8
BEGIN
  DECLARE vNombre VARCHAR(100);
  DECLARE vReturn VARCHAR(1000);
  DECLARE vDone INT DEFAULT 0;
  DECLARE vCurLocalidades CURSOR FOR select l.Nombre from obralocalidad ol inner join localidad l on ol.IdLocalidad=l.IdLocalidad where ol.IdObra=pIdObra order by l.Nombre;
  DECLARE CONTINUE HANDLER FOR SQLSTATE '02000' SET vDone = 1;
  
  SET vReturn = '';
  SET vDone = 0;
  OPEN vCurLocalidades;
  
  REPEAT
    FETCH vCurLocalidades INTO vNombre;
    
    IF NOT vDone THEN
      
      IF vReturn='' THEN
        SET vReturn = vNombre;
      ELSE
        SET vReturn = CONCAT(vReturn,pFinLinea, vNombre);
      END IF;
      
    END IF;
  
  UNTIL vDone END REPEAT;
	
  RETURN vReturn;
END */;;
DELIMITER ;
/*!50003 SET sql_mode              = @saved_sql_mode */ ;
/*!50003 SET character_set_client  = @saved_cs_client */ ;
/*!50003 SET character_set_results = @saved_cs_results */ ;
/*!50003 SET collation_connection  = @saved_col_connection */ ;
/*!50003 DROP PROCEDURE IF EXISTS `spRecalcularCertificaciones` */;
/*!50003 SET @saved_cs_client      = @@character_set_client */ ;
/*!50003 SET @saved_cs_results     = @@character_set_results */ ;
/*!50003 SET @saved_col_connection = @@collation_connection */ ;
/*!50003 SET character_set_client  = latin1 */ ;
/*!50003 SET character_set_results = latin1 */ ;
/*!50003 SET collation_connection  = latin1_swedish_ci */ ;
/*!50003 SET @saved_sql_mode       = @@sql_mode */ ;
/*!50003 SET sql_mode              = '' */ ;
DELIMITER ;;
/*!50003 CREATE*/ /*!50020 DEFINER=`root`@`localhost`*/ /*!50003 PROCEDURE `spRecalcularCertificaciones`(pIdContrato INT)
BEGIN
  DECLARE vMontoTotal DECIMAL(14,2);
	select co.Monto + ifnull((select sum(Importe*(case when AdicionalDeductivo=0 then 1 else -1 end)) from alteracion where IdContrato=co.IdContrato),0) into vMontoTotal from contrato co where co.IdContrato=pIdContrato;
  update certificacion set PorcentajeAvance = (MontoAvance / vMontoTotal * 100) where IdContrato=pIdContrato;
END */;;
DELIMITER ;
/*!50003 SET sql_mode              = @saved_sql_mode */ ;
/*!50003 SET character_set_client  = @saved_cs_client */ ;
/*!50003 SET character_set_results = @saved_cs_results */ ;
/*!50003 SET collation_connection  = @saved_col_connection */ ;
/*!40103 SET TIME_ZONE=@OLD_TIME_ZONE */;

/*!40101 SET SQL_MODE=@OLD_SQL_MODE */;
/*!40014 SET FOREIGN_KEY_CHECKS=@OLD_FOREIGN_KEY_CHECKS */;
/*!40014 SET UNIQUE_CHECKS=@OLD_UNIQUE_CHECKS */;
/*!40101 SET CHARACTER_SET_CLIENT=@OLD_CHARACTER_SET_CLIENT */;
/*!40101 SET CHARACTER_SET_RESULTS=@OLD_CHARACTER_SET_RESULTS */;
/*!40101 SET COLLATION_CONNECTION=@OLD_COLLATION_CONNECTION */;
/*!40111 SET SQL_NOTES=@OLD_SQL_NOTES */;

-- Dump completed on 2013-10-02 10:42:19
