-- MySQL dump 10.13  Distrib 5.5.25a, for Win32 (x86)
--
-- Host: localhost    Database: ssp
-- ------------------------------------------------------
-- Server version	5.5.25a

/*!40101 SET @OLD_CHARACTER_SET_CLIENT=@@CHARACTER_SET_CLIENT */;
/*!40101 SET @OLD_CHARACTER_SET_RESULTS=@@CHARACTER_SET_RESULTS */;
/*!40101 SET @OLD_COLLATION_CONNECTION=@@COLLATION_CONNECTION */;
/*!40101 SET NAMES utf8 */;
/*!40103 SET @OLD_TIME_ZONE=@@TIME_ZONE */;
/*!40103 SET TIME_ZONE='+00:00' */;
/*!40014 SET @OLD_UNIQUE_CHECKS=@@UNIQUE_CHECKS, UNIQUE_CHECKS=0 */;
/*!40014 SET @OLD_FOREIGN_KEY_CHECKS=@@FOREIGN_KEY_CHECKS, FOREIGN_KEY_CHECKS=0 */;
/*!40101 SET @OLD_SQL_MODE=@@SQL_MODE, SQL_MODE='NO_AUTO_VALUE_ON_ZERO' */;
/*!40111 SET @OLD_SQL_NOTES=@@SQL_NOTES, SQL_NOTES=0 */;

--
-- Current Database: `ssp`
--

CREATE DATABASE /*!32312 IF NOT EXISTS*/ `ssp` /*!40100 DEFAULT CHARACTER SET latin1 */;

USE `ssp`;

--
-- Table structure for table `alteracion`
--

DROP TABLE IF EXISTS `alteracion`;
/*!40101 SET @saved_cs_client     = @@character_set_client */;
/*!40101 SET character_set_client = utf8 */;
CREATE TABLE `alteracion` (
  `IdAlteracion` int(10) unsigned NOT NULL AUTO_INCREMENT,
  `IdContrato` int(10) unsigned NOT NULL,
  `Fecha` date NOT NULL,
  `NormaLegalAprobacion` varchar(10) COLLATE utf8_spanish_ci NOT NULL,
  `AdicionalDeductivo` int(1) unsigned NOT NULL,
  `Importe` decimal(14,2) NOT NULL,
  PRIMARY KEY (`IdAlteracion`),
  KEY `fk_alteracion_contrato` (`IdContrato`),
  CONSTRAINT `fk_alteracion_contrato` FOREIGN KEY (`IdContrato`) REFERENCES `contrato` (`IdContrato`) ON DELETE NO ACTION ON UPDATE NO ACTION
) ENGINE=InnoDB AUTO_INCREMENT=47 DEFAULT CHARSET=utf8 COLLATE=utf8_spanish_ci;
/*!40101 SET character_set_client = @saved_cs_client */;

--
-- Dumping data for table `alteracion`
--

LOCK TABLES `alteracion` WRITE;
/*!40000 ALTER TABLE `alteracion` DISABLE KEYS */;
INSERT INTO `alteracion` VALUES (1,1,'2011-10-06','444/11',0,21780.00),(2,13,'2013-06-07','145/13',0,1266460.87),(3,29,'2011-09-08','',1,82416.22),(4,32,'2012-12-27','882/12',0,75951.44),(5,37,'2011-11-29','',1,1398.65),(6,39,'2009-06-05','',0,36694.07),(7,40,'2013-05-10','203/13',0,273246.87),(8,42,'2012-10-26','',0,3130729.94),(9,46,'2011-06-09','',0,141700.50),(10,47,'2013-01-16','867/12',0,45863.53),(11,53,'2012-07-29','291/13',0,188694.47),(12,57,'2012-10-16','119/13',0,137511.00),(13,64,'2011-09-09','',0,35909.76),(14,65,'2012-06-14','259/12',0,66137.10),(15,71,'2013-03-13','',0,135427.50),(16,107,'2007-11-30','0999/07',0,325259.67),(17,108,'2009-09-15','0850/09',0,2962146.79),(18,109,'2008-04-07','0350/08',0,137.54),(19,110,'2010-01-15','0030/10',0,105821.60),(20,111,'2012-12-29','0925/08',0,420027.52),(21,112,'2012-12-29','0744/13',0,100280.95),(22,113,'2013-02-06','0047/13',0,55244.00),(23,115,'2013-02-04','0018/13',1,5657.00),(24,107,'2008-05-30','0136/08',0,1209615.58),(25,108,'2010-05-17','0432/10',0,2077716.41),(26,109,'2009-03-24','0356/09',0,872915.71),(27,110,'2010-07-21','0690/10',0,2468741.85),(28,111,'2010-12-27','1328/10',0,159511.73),(29,112,'2013-07-05','0531/13',1,269819.44),(30,113,'2013-03-14','0156/13',0,0.00),(31,115,'2013-02-04','0021/13',0,8341.40),(32,107,'2008-09-18','0557/08',0,5662928.11),(33,108,'2010-11-30','1230/10',0,1417204.46),(34,109,'2010-07-07','0634/10',0,119690.72),(35,110,'2011-04-29','0495/11',0,408088.37),(36,107,'2009-07-21','0675/09',0,270757.00),(37,109,'2012-03-01','0128/12',0,57705.00),(38,110,'2013-02-06','0044/13',0,54337.57),(39,107,'2011-09-07','0964/11',1,47010.00),(40,110,'2013-08-06','0623/13',0,1389749.02),(41,107,'2012-08-06','0578/12',0,1937.80),(42,169,'2013-02-21','',0,90000.00),(43,177,'2013-04-10','',0,179906.90),(44,212,'2011-11-01','',0,2926403.37),(45,217,'1900-01-00','',0,473537.04),(46,28,'2013-11-21','9521',0,150000.00);
/*!40000 ALTER TABLE `alteracion` ENABLE KEYS */;
UNLOCK TABLES;

--
-- Table structure for table `certificacion`
--

DROP TABLE IF EXISTS `certificacion`;
/*!40101 SET @saved_cs_client     = @@character_set_client */;
/*!40101 SET character_set_client = utf8 */;
CREATE TABLE `certificacion` (
  `IdCertificacion` int(10) unsigned NOT NULL AUTO_INCREMENT,
  `IdContrato` int(10) unsigned NOT NULL,
  `Periodo` varchar(6) COLLATE utf8_spanish_ci NOT NULL,
  `NroCertificado` int(3) unsigned DEFAULT NULL,
  `PorcentajeAvance` decimal(8,5) unsigned NOT NULL,
  `MontoAvance` decimal(14,2) unsigned NOT NULL,
  `AnticipoFinanciero` decimal(14,2) unsigned DEFAULT NULL,
  `DescuentoAnticipo` decimal(14,2) unsigned DEFAULT NULL,
  `ImporteNeto` decimal(14,2) NOT NULL,
  `FechaVtoPago` date DEFAULT NULL,
  `RetencionMulta` decimal(14,2) DEFAULT NULL,
  `OtrosConceptos` decimal(14,2) DEFAULT NULL,
  `ManoObraOcupada` int(5) unsigned DEFAULT NULL,
  `Observaciones` text COLLATE utf8_spanish_ci,
  `RedeterminacionPrecios` decimal(14,2) DEFAULT NULL,
  `RetencionFondoReparo` decimal(14,2) DEFAULT NULL,
  `TipoCertificado` int(1) unsigned NOT NULL DEFAULT '0' COMMENT '0 Obra, 1 Anticipo, 2 Redeterminacion, 3 Adicionales',
  `IdOrdenTrabajo` int(10) unsigned DEFAULT NULL,
  PRIMARY KEY (`IdCertificacion`),
  KEY `fk_certificacion_contrato` (`IdContrato`),
  KEY `fk_certificacion_ordentrabajo` (`IdOrdenTrabajo`),
  CONSTRAINT `fk_certificacion_contrato` FOREIGN KEY (`IdContrato`) REFERENCES `contrato` (`IdContrato`) ON DELETE NO ACTION ON UPDATE NO ACTION,
  CONSTRAINT `fk_certificacion_ordentrabajo` FOREIGN KEY (`IdOrdenTrabajo`) REFERENCES `ordentrabajo` (`IdOrdenTrabajo`) ON DELETE NO ACTION ON UPDATE NO ACTION
) ENGINE=InnoDB AUTO_INCREMENT=581 DEFAULT CHARSET=utf8 COLLATE=utf8_spanish_ci;
/*!40101 SET character_set_client = @saved_cs_client */;

--
-- Dumping data for table `certificacion`
--

LOCK TABLES `certificacion` WRITE;
/*!40000 ALTER TABLE `certificacion` DISABLE KEYS */;
INSERT INTO `certificacion` VALUES (1,1,'201310',1,20.90430,50600.31,0.00,0.00,53130.33,'2011-10-13',0.00,2530.02,4,'',NULL,NULL,3,NULL),(2,1,'201102',2,3.48403,8433.35,0.00,0.00,5029.99,'2011-10-13',3825.03,421.67,4,NULL,NULL,NULL,0,NULL),(3,1,'201103',3,3.48403,8433.35,0.00,0.00,12680.05,'2013-10-31',-3825.03,421.67,4,NULL,NULL,NULL,0,NULL),(4,1,'201104',4,10.45210,25300.03,0.00,0.00,26565.03,'2013-10-31',0.00,1265.00,6,NULL,NULL,NULL,0,NULL),(5,2,'201306',1,100.00000,66843.57,0.00,0.00,83538.58,'2013-10-19',0.00,-2004.14,6,'El 100% corresponde a finalización de Orden de Trabajo nº 14 de Zona Norte Cto. Mano de Obra Contratada Obras Distribución y Aº Pº',22041.33,3342.18,0,NULL),(6,2,'201307',1,55.62000,120909.79,0.00,0.00,150746.76,'2013-10-26',0.00,-3986.94,6,'El 55.62% del acumulado corresponde a Certificado de obra nº 1 ( Parcial ) Zona Norte.',39869.40,6045.49,0,NULL),(7,5,'201306',1,1.52808,26810.20,0.00,0.00,26810.20,'2013-10-31',0.00,0.00,NULL,NULL,NULL,NULL,0,NULL),(8,5,'201306',2,0.75025,13163.08,0.00,0.00,13163.08,'2013-10-31',0.00,0.00,NULL,NULL,NULL,NULL,0,NULL),(9,5,'201306',3,0.29362,5151.53,0.00,0.00,5151.53,'2013-10-31',0.00,0.00,NULL,NULL,NULL,NULL,0,NULL),(10,6,'201112',1,1.83243,21390.14,0.00,0.00,22459.65,'2012-03-29',0.00,1069.51,4,NULL,NULL,NULL,0,NULL),(11,6,'201201',2,0.00000,0.00,0.00,0.00,-699.94,'2012-06-27',699.94,0.00,4,NULL,NULL,NULL,0,NULL),(12,6,'201202',3,5.49730,64170.41,0.00,0.00,66678.99,'2012-06-27',0.00,2508.58,4,NULL,NULL,NULL,0,NULL),(13,6,'201203',4,0.00000,0.00,0.00,0.00,0.00,'2013-10-31',0.00,0.00,4,NULL,NULL,NULL,0,NULL),(14,6,'201204',5,1.47613,17230.94,0.00,0.00,17870.27,'2013-10-31',222.22,861.55,4,NULL,NULL,NULL,0,NULL),(15,6,'201205',6,2.34144,27331.84,0.00,0.00,10029.59,'2013-10-31',18538.12,1235.87,4,NULL,NULL,NULL,0,NULL),(16,6,'201206',7,2.69775,31491.04,0.00,0.00,29409.07,'2013-10-31',3565.02,1483.05,4,NULL,NULL,NULL,0,NULL),(17,6,'201207',8,2.64685,30896.87,0.00,0.00,32441.71,'2013-10-31',0.00,1544.84,4,NULL,NULL,NULL,0,NULL),(18,6,'201208',9,2.39234,27926.01,0.00,0.00,29322.31,'2013-10-31',0.00,1396.30,4,NULL,NULL,NULL,0,NULL),(19,6,'201209',10,1.11982,13071.75,0.00,0.00,13725.34,'2013-10-31',0.00,653.59,4,NULL,NULL,NULL,0,NULL),(20,6,'201210',11,1.44559,16874.44,0.00,0.00,17718.16,'2013-10-31',0.00,843.72,4,NULL,NULL,NULL,0,NULL),(21,6,'201211',12,0.50901,5941.71,0.00,0.00,5856.15,'2013-10-31',382.65,297.09,4,NULL,NULL,NULL,0,NULL),(22,6,'201212',13,1.62883,19013.46,0.00,0.00,19781.13,'2013-10-31',183.00,950.67,4,NULL,NULL,NULL,0,NULL),(23,6,'201301',14,0.00000,0.00,0.00,0.00,-626.26,'2013-10-31',626.26,0.00,4,NULL,NULL,NULL,0,NULL),(24,6,'201302',15,0.00000,0.00,0.00,0.00,-565.65,'2013-10-31',565.65,0.00,4,NULL,NULL,NULL,0,NULL),(25,6,'201303',16,1.52703,17825.12,0.00,0.00,18263.62,'2013-10-31',452.76,891.26,4,NULL,NULL,NULL,0,NULL),(26,6,'201304',17,0.87550,10219.73,0.00,0.00,10638.02,'2013-10-31',0.00,418.29,4,NULL,NULL,NULL,0,NULL),(27,6,'201305',18,0.76351,8912.56,0.00,0.00,7019.53,'2013-10-31',2338.66,445.63,4,NULL,NULL,NULL,0,NULL),(28,6,'201306',19,0.00000,0.00,0.00,0.00,-4278.02,'2013-10-31',4278.02,0.00,4,NULL,NULL,NULL,0,NULL),(29,6,'201307',20,0.00000,0.00,0.00,0.00,-4518.08,'2013-10-31',4518.08,0.00,4,NULL,NULL,NULL,0,NULL),(30,6,'201308',21,0.00000,0.00,0.00,0.00,-6791.37,'2013-10-31',6791.37,0.00,4,NULL,NULL,NULL,0,NULL),(31,7,'201109',1,2.30438,51244.09,0.00,0.00,53806.29,'2012-02-10',NULL,2562.20,3,NULL,NULL,NULL,0,NULL),(32,7,'201110',2,2.07648,46176.00,0.00,0.00,48484.80,'2012-02-10',NULL,2308.80,3,NULL,NULL,NULL,0,NULL),(33,7,'201111',3,2.38035,52933.46,0.00,0.00,55580.13,'2012-02-10',NULL,2646.67,3,NULL,NULL,NULL,0,NULL),(34,7,'201112',4,1.51937,33787.31,0.00,0.00,35476.68,'2012-03-14',NULL,1689.37,3,NULL,NULL,NULL,0,NULL),(35,7,'201201',5,2.07648,46176.00,0.00,0.00,48484.80,'2012-04-07',NULL,2308.80,3,NULL,NULL,NULL,0,NULL),(36,7,'201202',6,0.00000,0.00,0.00,0.00,-20.27,'2012-03-30',20.27,0.00,0,NULL,NULL,NULL,0,NULL),(37,7,'201203',7,1.31679,29282.34,0.00,0.00,29106.64,'2012-07-21',175.70,0.00,3,NULL,NULL,NULL,0,NULL),(38,7,'201204',8,0.00000,0.00,0.00,0.00,-822.72,'2012-12-18',822.72,0.00,3,NULL,NULL,NULL,0,NULL),(39,7,'201205',9,1.51937,33787.31,0.00,0.00,24214.79,'2012-12-18',9572.52,0.00,3,NULL,NULL,NULL,0,NULL),(40,7,'201206',10,0.30387,6757.46,0.00,0.00,-1209.60,'2013-01-04',7967.06,0.00,3,NULL,NULL,NULL,0,NULL),(41,7,'201207',11,0.00000,0.00,0.00,0.00,-10755.63,'2013-01-04',10755.63,0.00,0,NULL,NULL,NULL,0,NULL),(42,7,'201208',12,2.65890,59127.80,0.00,0.00,48890.24,'2013-01-04',10237.56,0.00,3,NULL,NULL,NULL,0,NULL),(43,7,'201209',13,1.31679,29282.34,0.00,0.00,22997.90,'2013-01-04',6284.44,0.00,3,NULL,NULL,NULL,0,NULL),(44,7,'201210',14,1.51937,33787.31,0.00,0.00,33300.77,'2013-01-04',486.54,0.00,3,NULL,NULL,NULL,0,NULL),(45,7,'201212',15,2.49785,55546.34,0.00,0.00,60384.37,'2013-03-13',-4838.03,0.00,3,NULL,NULL,NULL,0,NULL),(46,7,'201301',16,1.16485,25903.61,0.00,0.00,27977.97,'2013-03-26',-2074.36,0.00,3,NULL,NULL,NULL,0,NULL),(47,7,'201302',17,1.99139,44283.91,0.00,0.00,45106.65,'2013-04-18',-822.74,0.00,3,NULL,NULL,NULL,0,NULL),(48,7,'201303',18,2.48873,55343.62,0.00,0.00,45019.34,'2013-05-31',10324.28,0.00,3,NULL,NULL,NULL,0,NULL),(49,7,'201304',19,2.17777,48428.48,0.00,0.00,48101.86,'2013-06-14',326.62,0.00,3,NULL,NULL,NULL,0,NULL),(50,7,'201305',20,2.58293,57438.43,0.00,0.00,70992.78,'2013-09-06',-13554.35,0.00,3,NULL,NULL,NULL,0,NULL),(51,7,'201306',21,2.36516,52595.59,0.00,0.00,54881.86,'2013-09-12',-2286.27,0.00,3,NULL,NULL,NULL,0,NULL),(52,7,'201307',22,2.27906,50680.97,0.00,0.00,30812.91,'2013-10-31',19868.06,0.00,NULL,NULL,NULL,NULL,0,NULL),(53,7,'201308',23,0.00000,0.00,0.00,0.00,-6888.11,'2013-10-31',6888.11,NULL,NULL,NULL,NULL,NULL,0,NULL),(54,8,'201111',1,6.54022,49593.06,0.00,0.00,52072.71,'2012-03-21',0.00,2479.65,4,NULL,NULL,NULL,0,NULL),(55,8,'201112',2,1.30804,9918.61,0.00,0.00,10414.54,'2012-03-29',0.00,495.93,4,NULL,NULL,NULL,0,NULL),(56,8,'201201',3,0.00000,0.00,0.00,0.00,0.00,'2012-06-27',0.00,0.00,4,NULL,NULL,NULL,0,NULL),(57,8,'201202',4,0.00000,0.00,0.00,0.00,0.00,'2013-10-31',0.00,0.00,4,NULL,NULL,NULL,0,NULL),(58,8,'201203',5,0.00000,0.00,0.00,0.00,-3.71,'2013-10-31',3.71,0.00,4,NULL,NULL,NULL,0,NULL),(59,8,'201204',6,0.00000,0.00,0.00,0.00,-364.51,'2013-10-31',364.51,0.00,4,NULL,NULL,NULL,0,NULL),(60,8,'201205',7,5.88620,44633.75,0.00,0.00,22072.62,'2013-10-31',24424.59,1863.46,4,NULL,NULL,NULL,0,NULL),(61,8,'201206',8,1.96207,14877.92,0.00,0.00,7934.88,'2013-10-31',7686.94,743.90,4,NULL,NULL,NULL,0,NULL),(62,8,'201207',9,1.30804,9918.61,0.00,0.00,4215.40,'2013-10-31',6199.14,495.93,4,NULL,NULL,NULL,0,NULL),(63,8,'201208',10,0.32701,2479.65,0.00,0.00,2603.63,'2013-10-31',0.00,123.98,4,NULL,NULL,NULL,0,NULL),(64,8,'201209',11,1.06279,8058.88,0.00,0.00,8461.82,'2013-10-31',0.00,402.94,4,NULL,NULL,NULL,0,NULL),(65,8,'201210',12,0.00000,0.00,0.00,0.00,0.00,'2013-10-31',0.00,0.00,4,NULL,NULL,NULL,0,NULL),(66,8,'201211',13,3.62328,27474.55,0.00,0.00,28838.36,'2013-10-31',9.92,1373.73,4,NULL,NULL,NULL,0,NULL),(67,8,'201212',14,0.00000,0.00,0.00,0.00,-76.87,'2013-10-31',76.87,0.00,4,NULL,NULL,NULL,0,NULL),(68,8,'201301',15,1.63506,12398.27,0.00,0.00,12980.98,'2013-10-31',0.00,582.71,4,NULL,NULL,NULL,0,NULL),(69,8,'201302',16,0.49052,3719.48,0.00,0.00,3682.28,'2013-10-31',223.17,185.97,4,NULL,NULL,NULL,0,NULL),(70,8,'201303',17,0.00000,0.00,0.00,0.00,-230.60,'2013-10-31',230.60,0.00,4,NULL,NULL,NULL,0,NULL),(71,8,'201304',18,0.89928,6819.05,0.00,0.00,6618.20,'2013-10-31',541.80,340.95,4,NULL,NULL,NULL,0,NULL),(72,8,'201305',19,0.32701,2479.65,0.00,0.00,1859.73,'2013-10-31',743.90,123.98,4,NULL,NULL,NULL,0,NULL),(73,8,'201306',20,0.65402,4959.31,0.00,0.00,3755.44,'2013-10-31',1451.84,247.97,4,NULL,NULL,NULL,0,NULL),(74,8,'201307',21,0.00000,0.00,0.00,0.00,-3160.31,'2013-10-31',3160.31,0.00,4,NULL,NULL,NULL,0,NULL),(75,8,'201308',22,0.00000,0.00,0.00,0.00,-3542.19,'2013-10-31',3542.19,0.00,4,NULL,NULL,NULL,0,NULL),(76,9,'201111',1,1.92062,10540.00,0.00,0.00,11067.00,'2012-03-20',0.00,527.00,4,NULL,NULL,NULL,0,NULL),(77,9,'201112',2,0.64020,3513.33,0.00,0.00,3689.00,'2012-03-29',0.00,175.67,4,NULL,NULL,NULL,0,NULL),(78,9,'201201',3,0.00000,0.00,0.00,0.00,0.00,'2012-06-27',0.00,0.00,4,NULL,NULL,NULL,0,NULL),(79,9,'201202',4,0.00000,0.00,0.00,0.00,-31445.50,'2013-10-31',31445.50,0.00,4,NULL,NULL,NULL,0,NULL),(80,9,'201203',5,0.00000,0.00,0.00,0.00,-389.98,'2013-10-31',389.98,0.00,4,NULL,NULL,NULL,0,NULL),(81,9,'201204',6,0.00000,0.00,0.00,0.00,-829.14,'2013-10-31',829.14,0.00,4,NULL,NULL,NULL,0,NULL),(82,9,'201205',7,1.49381,8197.77,0.00,0.00,8270.38,'2013-10-31',0.00,72.61,4,NULL,NULL,NULL,0,NULL),(83,9,'201206',8,0.64020,3513.33,0.00,0.00,-2318.80,'2013-10-31',6007.80,175.67,4,NULL,NULL,NULL,0,NULL),(84,9,'201207',9,1.49381,8197.77,0.00,0.00,8391.01,'2013-10-31',0.00,193.24,4,NULL,NULL,NULL,0,NULL),(85,9,'201208',10,1.85659,10188.66,0.00,0.00,10682.87,'2013-10-31',15.22,509.43,4,NULL,NULL,NULL,0,NULL),(86,9,'201209',11,0.00000,0.00,0.00,0.00,-1187.51,'2013-10-31',1187.51,0.00,4,NULL,NULL,NULL,0,NULL),(87,9,'201210',12,0.00000,0.00,0.00,0.00,-1638.39,'2013-10-31',1638.39,0.00,4,NULL,NULL,NULL,0,NULL),(88,9,'201211',13,0.00000,0.00,0.00,0.00,-878.33,'2013-10-31',878.33,0.00,4,NULL,NULL,NULL,0,NULL),(89,9,'201212',14,0.21340,1171.11,0.00,0.00,497.72,'2013-10-31',731.95,58.56,4,NULL,NULL,NULL,0,NULL),(90,9,'201301',15,0.00000,0.00,0.00,0.00,-907.61,'2013-10-31',907.61,0.00,4,NULL,NULL,NULL,0,NULL),(91,9,'201302',16,0.00000,0.00,0.00,0.00,-819.78,'2013-10-31',819.78,0.00,4,NULL,NULL,NULL,0,NULL),(92,9,'201303',17,0.00000,0.00,0.00,0.00,-907.61,'2013-10-31',907.61,0.00,4,NULL,NULL,NULL,0,NULL),(93,9,'201304',18,1.92062,10540.00,0.00,0.00,10205.23,'2013-10-31',0.00,-334.77,4,NULL,NULL,NULL,0,NULL),(94,9,'201305',19,0.00000,0.00,0.00,0.00,-3948.99,'2013-10-31',3948.99,0.00,4,NULL,NULL,NULL,0,NULL),(95,9,'201306',20,0.00000,0.00,0.00,0.00,-3044.92,'2013-10-31',3044.92,0.00,4,NULL,NULL,NULL,0,NULL),(96,9,'201307',21,0.00000,0.00,0.00,0.00,-4686.80,'2013-10-31',4686.80,0.00,4,NULL,NULL,NULL,0,NULL),(97,9,'201308',22,0.00000,0.00,0.00,0.00,-4817.74,'2013-10-31',4817.74,0.00,4,'EN TRÁMITE SIN VTO.DETERMINADO',NULL,NULL,0,NULL),(98,10,'201205',0,0.00000,0.00,85123.50,NULL,85123.50,'2012-06-27',NULL,NULL,0,NULL,NULL,NULL,0,NULL),(99,10,'201209',1,20.52239,69877.50,NULL,17469.38,55902.00,'2012-11-09',NULL,3493.88,3,NULL,NULL,NULL,0,NULL),(100,10,'201210',2,23.95522,81566.10,NULL,20391.53,65069.47,'2013-02-06',183.41,4078.31,3,NULL,NULL,NULL,0,NULL),(101,10,'201211',3,23.39552,79660.35,NULL,19915.09,62757.04,'2013-02-06',971.24,3983.02,3,NULL,NULL,NULL,0,NULL),(102,11,'201301',0,0.00000,0.00,350415.26,NULL,350415.26,'2013-02-21',NULL,NULL,0,NULL,NULL,NULL,0,NULL),(103,11,'201304',1,15.10480,264647.65,NULL,52929.53,224950.50,'2013-06-12',0.00,13232.38,6,NULL,NULL,NULL,0,NULL),(104,11,'201305',2,5.99247,104992.56,NULL,20998.51,83994.05,'2013-07-02',NULL,NULL,6,NULL,NULL,NULL,0,NULL),(105,12,'201304',1,94.88621,367399.39,0.00,0.00,385769.36,'2013-06-12',0.00,18369.97,5,NULL,NULL,NULL,0,NULL),(106,12,'200305',2,5.11379,19800.61,0.00,0.00,20790.64,'2013-10-31',0.00,990.03,5,NULL,NULL,NULL,0,NULL),(107,13,'201111',1,0.00000,0.00,1268262.58,0.00,1268262.58,'2012-02-04',0.00,0.00,0,'',0.00,0.00,1,NULL),(108,13,'201203',1,1.10000,69537.34,0.00,13907.47,52153.00,'2012-07-13',0.00,0.00,1,'',0.00,3476.87,0,NULL),(109,13,'201204',2,10.86000,688435.99,0.00,137687.20,516326.99,'2012-07-21',0.00,0.00,5,'',0.00,34421.80,0,NULL),(110,13,'201205',3,13.93000,883295.43,0.00,176659.09,659179.01,'2012-08-04',3292.56,0.00,7,'',0.00,44164.77,0,NULL),(111,13,'201206',4,6.62000,419778.04,0.00,83955.61,282604.78,'2012-09-21',32228.75,0.00,8,'',0.00,20988.90,0,NULL),(112,13,'201207',5,7.28000,461755.84,0.00,92351.17,276608.73,'2012-09-21',69708.15,0.00,7,'',0.00,23087.79,0,NULL),(113,13,'201208',6,8.27663,629667.06,NULL,125933.41,640446.45,'2013-03-05',-105229.45,31483.35,7,NULL,NULL,NULL,0,NULL),(114,13,'201209',7,10.16634,773431.94,NULL,154686.39,657417.15,'2013-03-05',0.00,38671.60,10,NULL,NULL,NULL,0,NULL),(115,13,'201210',8,5.95118,452752.04,NULL,90550.41,384839.23,'2013-03-05',0.00,22637.60,10,NULL,NULL,NULL,0,NULL),(116,13,'201211',9,0.77547,58995.80,NULL,11799.16,50146.43,'2013-04-27',0.00,2949.79,10,NULL,NULL,NULL,0,NULL),(117,13,'201212',10,0.00000,0.00,NULL,0.00,0.00,'2013-01-30',0.00,0.00,0,NULL,NULL,NULL,0,NULL),(118,13,'201301',11,0.00000,0.00,NULL,0.00,-1844.38,'2013-03-30',1844.38,0.00,0,NULL,NULL,NULL,0,NULL),(119,13,'201302',12,1.17346,89273.80,NULL,17854.76,70462.66,'2013-04-27',5420.07,4463.69,7,NULL,NULL,NULL,0,NULL),(120,13,'201303',13,3.13872,238786.65,NULL,47757.33,183260.39,'2013-05-23',19708.26,11939.33,7,NULL,NULL,NULL,0,NULL),(121,13,'201304',14,9.33890,710482.05,NULL,142096.41,611418.37,'2013-06-18',-7508.63,35524.10,8,NULL,NULL,NULL,0,NULL),(122,13,'201305',15,7.56520,575543.34,NULL,115108.67,543406.74,'2013-09-21',-19464.09,63507.98,NULL,NULL,NULL,NULL,0,NULL),(123,13,'201306',16,0.00000,0.00,NULL,0.00,-130.08,'2013-09-21',130.08,NULL,0,NULL,NULL,NULL,0,NULL),(124,14,'201207',1,0.00000,0.00,1318957.45,0.00,1318957.45,'2012-07-25',0.00,0.00,0,'',0.00,0.00,1,NULL),(125,14,'201209',1,0.00000,0.00,0.00,0.00,-12.50,'2012-10-30',12.50,0.00,0,'',0.00,0.00,0,NULL),(126,14,'201210',2,0.64884,28526.48,0.00,8557.94,17067.94,'2013-02-02',1474.28,0.00,10,'',0.00,1426.32,0,NULL),(127,14,'201211',3,5.37315,236231.83,0.00,70869.55,150569.29,'2013-02-23',2981.40,0.00,10,'',0.00,11811.59,0,NULL),(128,14,'201212',4,4.92822,216670.34,0.00,65001.10,119506.36,'2013-02-23',21329.36,0.00,10,'',0.00,10833.52,0,NULL),(129,14,'201301',5,5.49642,241651.62,0.00,72495.49,111047.52,'2013-04-23',46026.03,0.00,8,'',0.00,12082.58,0,NULL),(130,14,'201302',6,1.45751,64079.71,0.00,19223.91,-65016.43,'2013-04-23',106668.24,0.00,6,'',0.00,3203.99,0,NULL),(131,14,'201303',7,1.46542,64427.66,0.00,19328.30,-131820.64,'2013-06-12',173698.62,0.00,7,'',0.00,3221.38,0,NULL),(132,14,'201304',8,6.56281,288535.39,0.00,86560.62,538875.31,'2013-06-29',-351327.31,0.00,7,'',0.00,14426.77,0,NULL),(133,14,'201305',9,12.18148,535561.80,0.00,160668.54,390536.96,'2013-07-30',2004.45,44426.24,7,'Otros conceptos: Devolución Fondo de Reparo por encontrarse cubierto con Póliza nº 150.223 Cia. Cosena Seguros S.A. correspondiente a montos retenidos en Certificado de Obra nº 7, nº 8 y nº 9.',0.00,26778.09,0,NULL),(134,14,'201306',10,12.87833,566198.69,0.00,169859.61,392560.77,'2013-08-28',3778.31,28309.93,7,'Otros conceptos: Devolución Fondo de Reparo por encontrarse cubierto con Póliza nº 150.223 Cia. Cosena Seguros S.A. correspondiente a monto retenido en el presente Certificado de Obra.',0.00,28309.93,0,NULL),(135,14,'201307',11,5.27917,232099.78,0.00,69629.93,131926.73,'2013-09-27',30543.12,11604.99,8,'Otros conceptos: Devolución Fondo de Reparo por encontrarse cubierto con Póliza nº 150.223 Cia. Cosena Seguros S.A. correspondiente a monto retenido en el presente Certificado de Obra nº 11.',0.00,11604.99,0,NULL),(136,15,'201105',0,0.00000,0.00,896231.75,NULL,896231.75,'2011-05-24',NULL,NULL,NULL,NULL,NULL,NULL,0,NULL),(137,15,'201306',1,20.24872,604918.08,0.00,181475.42,393196.76,'2013-11-30',0.00,0.00,18,'Certificado nº 1 en Trámite.',0.00,30245.90,0,NULL),(138,15,'201307',2,14.82023,442745.23,0.00,132823.57,280247.89,'2013-11-30',7536.51,0.00,18,'Certificado nº 2 en Trámite.',0.00,22137.26,0,NULL),(139,15,'201308',3,16.29103,486684.65,0.00,146005.40,290043.89,'2013-11-30',26301.13,NULL,18,'Certificado nº 3 en Trámite.',NULL,24334.23,0,NULL),(140,16,'201305',0,0.00000,0.00,6784298.69,NULL,6784298.69,'2013-06-12',NULL,NULL,0,NULL,NULL,NULL,0,NULL),(141,17,'201202',0,0.00000,0.00,3632949.13,NULL,3632949.13,'2013-10-31',NULL,NULL,0,NULL,NULL,NULL,0,NULL),(142,17,'201209',0,9.20507,1106361.36,NULL,NULL,1106361.36,'2013-10-31',NULL,NULL,0,NULL,NULL,NULL,0,NULL),(143,17,'201303',0,9.47581,1138901.40,NULL,NULL,1138901.40,'2013-10-31',NULL,NULL,0,NULL,NULL,NULL,0,NULL),(144,17,'201304',0,6.04647,726727.56,NULL,NULL,726727.56,'2013-10-31',NULL,NULL,0,NULL,NULL,NULL,0,NULL),(145,17,'201305',0,12.09294,1453455.12,NULL,NULL,1453455.12,'2013-10-31',NULL,NULL,0,NULL,NULL,NULL,0,NULL),(146,17,'201306',0,2.07524,249424.56,NULL,74827.37,174597.19,'2013-10-31',NULL,NULL,0,NULL,NULL,NULL,0,NULL),(147,17,'201306',0,15.79301,1898169.00,NULL,1328718.30,569450.70,'2013-10-31',NULL,NULL,0,NULL,NULL,NULL,0,NULL),(148,17,'201306',0,15.79301,1898169.00,NULL,1328718.30,569450.70,'2013-10-31',NULL,NULL,0,NULL,NULL,NULL,0,NULL),(149,18,'201209',0,0.00000,0.00,269621.88,NULL,269621.88,'2013-10-31',NULL,NULL,0,NULL,NULL,NULL,0,NULL),(150,18,'201304',0,32.52942,438541.44,NULL,87708.28,350833.16,'2013-10-31',NULL,NULL,0,NULL,NULL,NULL,0,NULL),(151,18,'201304',0,32.61221,439657.61,NULL,87931.52,351726.09,'2013-10-31',NULL,NULL,0,NULL,NULL,NULL,0,NULL),(152,18,'201304',0,34.31863,462662.45,NULL,93982.08,368680.37,'2013-10-31',NULL,NULL,0,NULL,NULL,NULL,0,NULL),(153,18,'201304',0,0.97416,13133.00,NULL,NULL,13133.00,'2013-10-31',NULL,NULL,0,NULL,NULL,NULL,0,NULL),(154,19,'201210',0,0.00000,0.00,4344959.95,NULL,4344959.95,'2013-10-31',NULL,NULL,0,NULL,NULL,NULL,0,NULL),(155,19,'201301',0,2.37006,514890.96,NULL,102978.19,411912.77,'2013-10-31',NULL,NULL,0,NULL,NULL,NULL,0,NULL),(156,19,'201301',0,2.84015,617017.53,NULL,123403.51,493614.02,'2013-10-31',NULL,NULL,0,NULL,NULL,NULL,0,NULL),(157,19,'201301',0,2.86481,622374.54,NULL,124474.90,497899.64,'2013-10-31',NULL,NULL,0,NULL,NULL,NULL,0,NULL),(158,19,'201303',0,2.85501,620245.47,NULL,124049.09,496196.38,'2013-10-31',NULL,NULL,0,NULL,NULL,NULL,0,NULL),(159,19,'201303',0,2.83004,614819.78,NULL,122963.95,491855.83,'2013-10-31',NULL,NULL,0,NULL,NULL,NULL,0,NULL),(160,19,'201304',0,2.37480,515921.16,NULL,103184.23,412736.93,'2013-10-31',NULL,NULL,0,NULL,NULL,NULL,0,NULL),(161,19,'201304',0,2.84932,619009.23,NULL,123801.85,495207.38,'2013-10-31',NULL,NULL,0,NULL,NULL,NULL,0,NULL),(162,19,'201304',0,2.83225,615300.54,NULL,123060.11,492240.43,'2013-10-31',NULL,NULL,0,NULL,NULL,NULL,0,NULL),(163,19,'201304',0,2.84142,617292.24,NULL,123458.45,493833.79,'2013-10-31',NULL,NULL,0,NULL,NULL,NULL,0,NULL),(164,19,'201305',0,2.85691,620657.55,NULL,124131.50,496526.05,'2013-10-31',NULL,NULL,0,NULL,NULL,NULL,0,NULL),(165,19,'201305',0,2.85375,619970.75,NULL,123994.15,495976.60,'2013-10-31',NULL,NULL,0,NULL,NULL,NULL,0,NULL),(166,19,'201305',0,1.43019,310706.51,NULL,62141.30,248565.21,'2013-10-31',NULL,NULL,0,NULL,NULL,NULL,0,NULL),(167,19,'201305',0,2.84869,618871.88,NULL,123774.37,495097.51,'2013-10-31',NULL,NULL,0,NULL,NULL,NULL,0,NULL),(168,19,'201305',0,2.85944,621206.98,NULL,124241.40,496965.58,'2013-10-31',NULL,NULL,0,NULL,NULL,NULL,0,NULL),(169,19,'201305',0,2.85217,619627.35,NULL,123925.47,495701.88,'2013-10-31',NULL,NULL,0,NULL,NULL,NULL,0,NULL),(170,19,'201305',0,2.83889,616742.81,NULL,123348.56,493394.25,'2013-10-31',NULL,NULL,0,NULL,NULL,NULL,0,NULL),(171,19,'201305',0,0.47547,103294.12,NULL,20658.83,82635.29,'2013-10-31',NULL,NULL,0,NULL,NULL,NULL,0,NULL),(172,19,'201306',0,2.84932,619009.23,NULL,123801.85,495207.38,'2013-10-31',NULL,NULL,0,NULL,NULL,NULL,0,NULL),(173,19,'201306',0,2.84237,617498.28,NULL,123499.65,493998.63,'2013-10-31',NULL,NULL,0,NULL,NULL,NULL,0,NULL),(174,19,'201306',0,2.83794,616536.77,NULL,123307.35,493229.42,'2013-10-31',NULL,NULL,0,NULL,NULL,NULL,0,NULL),(175,19,'201306',0,1.89301,411253.44,NULL,82250.69,329002.75,'2013-10-31',NULL,NULL,0,NULL,NULL,NULL,0,NULL),(176,19,'201306',0,2.86513,622443.21,NULL,124488.65,497954.56,'2013-10-31',NULL,NULL,0,NULL,NULL,NULL,0,NULL),(177,19,'201306',0,2.85691,620657.55,NULL,124131.50,496526.05,'2013-10-31',NULL,NULL,0,NULL,NULL,NULL,0,NULL),(178,19,'201306',0,2.85533,620314.15,NULL,124062.82,496251.33,'2013-10-31',NULL,NULL,0,NULL,NULL,NULL,0,NULL),(179,19,'201306',0,2.83383,615643.93,NULL,123128.79,492515.14,'2013-10-31',NULL,NULL,0,NULL,NULL,NULL,0,NULL),(180,19,'201307',0,2.83668,616262.05,NULL,123252.42,493009.63,'2013-10-31',NULL,NULL,0,NULL,NULL,NULL,0,NULL),(181,19,'201307',0,2.85248,619696.03,NULL,123939.21,495756.82,'2013-10-31',NULL,NULL,0,NULL,NULL,NULL,0,NULL),(182,19,'201307',0,2.85501,620245.47,NULL,124049.09,496196.38,'2013-10-31',NULL,NULL,0,NULL,NULL,NULL,0,NULL),(183,19,'201307',0,2.37860,516745.31,NULL,103349.06,413396.25,'2013-10-31',NULL,NULL,0,NULL,NULL,NULL,0,NULL),(184,19,'201307',0,2.84300,617635.64,NULL,123527.13,494108.51,'2013-10-31',NULL,NULL,0,NULL,NULL,NULL,0,NULL),(185,19,'201307',0,2.84079,617154.89,NULL,123430.97,493723.92,'2013-10-31',NULL,NULL,0,NULL,NULL,NULL,0,NULL),(186,20,'201307',0,0.00000,0.00,1205692.16,NULL,1205692.16,'2013-10-11',NULL,NULL,0,'',NULL,NULL,0,NULL),(187,21,'201305',0,89.13141,3154287.34,NULL,NULL,3154287.34,'2013-10-31',NULL,NULL,0,NULL,NULL,NULL,0,NULL),(188,22,'201209',0,0.00000,0.00,367034.54,NULL,367034.54,'2013-10-31',NULL,NULL,0,NULL,NULL,NULL,0,NULL),(189,23,'201209',0,0.00000,0.00,399442.70,NULL,399442.70,'2013-10-31',NULL,NULL,0,NULL,NULL,NULL,0,NULL),(190,23,'201210',0,62.26461,1243557.14,NULL,248711.42,994845.72,'2013-10-31',NULL,NULL,0,NULL,NULL,NULL,0,NULL),(191,23,'201211',0,37.73539,753656.40,NULL,150731.28,602925.12,'2013-10-31',NULL,NULL,0,NULL,NULL,NULL,0,NULL),(192,24,'201304',0,0.00000,0.00,326700.00,0.00,326700.00,'2013-05-05',0.00,0.00,NULL,'',0.00,0.00,0,NULL),(193,25,'201211',0,0.00000,0.00,10202451.27,NULL,10202451.27,'2013-01-13',NULL,NULL,NULL,NULL,NULL,NULL,0,NULL),(194,25,'201308',1,1.11628,379624.72,0.00,113887.42,265737.30,'2013-10-09',0.00,18981.24,11,'Otros conceptos: Devolución Fdo. Reparo por encontrarse cubierto con Póliza Nº 156.041 Cosena Seguros S.A. por el monto $ 18.981,24',0.00,18981.24,0,NULL),(195,26,'201304',0,0.00000,0.00,14997085.19,0.00,14997085.19,'2013-05-11',0.00,0.00,0,'',0.00,0.00,0,NULL),(196,27,'201210',0,0.00000,0.00,5717730.16,NULL,5717730.16,'2012-11-09',NULL,NULL,NULL,NULL,NULL,NULL,0,NULL),(197,27,'201307',1,0.00000,0.00,NULL,0.00,0.00,'2013-08-30',0.00,0.00,0,NULL,NULL,NULL,0,NULL),(198,27,'201308',2,2.20103,419497.13,NULL,125849.14,293647.99,'2013-10-04',0.00,0.00,14,'',0.00,0.00,0,NULL),(199,28,'201110',0,0.00000,0.00,375592.66,NULL,375592.66,'2013-10-31',NULL,NULL,NULL,NULL,NULL,NULL,0,NULL),(200,28,'201203',1,42.50422,861969.79,NULL,172393.96,732674.32,'2012-05-30',NULL,43098.49,NULL,NULL,NULL,NULL,0,NULL),(201,28,'201204',2,9.24381,187461.09,NULL,37492.22,164764.66,'2012-06-29',-5422.74,9373.05,NULL,NULL,NULL,NULL,0,NULL),(202,28,'201205',3,4.42529,89743.25,NULL,17948.65,94500.27,'2012-07-30',-18218.51,4487.16,NULL,NULL,NULL,NULL,0,NULL),(203,28,'201302',4,33.01218,669474.67,NULL,147757.83,498075.59,'2013-04-29',23641.25,0.00,NULL,NULL,NULL,NULL,0,NULL),(204,29,'201109',0,0.00000,0.00,1359364.78,NULL,1359364.78,'2013-10-31',NULL,NULL,NULL,NULL,NULL,NULL,0,NULL),(205,29,'201111',1,17.29470,769406.44,NULL,230821.93,577054.83,'2012-01-29',NULL,38470.32,NULL,NULL,NULL,NULL,0,NULL),(206,29,'201112',2,10.78648,479869.00,NULL,143960.70,359901.75,'2012-02-29',NULL,23993.45,NULL,NULL,NULL,NULL,0,NULL),(207,29,'201201',3,11.76333,523327.16,NULL,156998.15,366329.01,'2012-03-31',NULL,0.00,NULL,NULL,NULL,NULL,0,NULL),(208,29,'201202',4,13.45041,598382.00,NULL,179514.60,421397.58,'2012-04-29',-2530.18,0.00,NULL,NULL,NULL,NULL,0,NULL),(209,29,'201203',5,0.65647,29204.94,NULL,8761.48,48555.73,'2012-05-30',-28112.27,0.00,NULL,NULL,NULL,NULL,0,NULL),(210,29,'201204',6,6.14754,273491.60,NULL,82047.48,219428.57,'2012-06-29',-27984.45,0.00,NULL,NULL,NULL,NULL,0,NULL),(211,29,'201205',7,0.71972,32018.75,NULL,9605.63,22413.12,'2012-07-30',NULL,0.00,NULL,NULL,NULL,NULL,0,NULL),(212,29,'201206',8,3.19343,142069.09,NULL,42620.73,189206.74,'2012-08-29',-89758.38,0.00,NULL,NULL,NULL,NULL,0,NULL),(213,29,'201207',9,6.23166,277234.11,NULL,83170.23,208473.32,'2012-09-29',-14409.44,0.00,NULL,NULL,NULL,NULL,0,NULL),(214,29,'201211',10,29.75626,1323796.63,NULL,421863.86,739138.05,'2013-01-29',162794.72,0.00,NULL,NULL,NULL,NULL,0,NULL),(215,30,'201112',0,0.00000,0.00,2760297.73,NULL,2760297.73,'2013-10-31',NULL,NULL,NULL,NULL,NULL,NULL,0,NULL),(216,30,'201204',1,4.92063,679119.99,NULL,135824.00,577251.99,'2012-06-29',NULL,33956.00,NULL,NULL,NULL,NULL,0,NULL),(217,31,'201011',0,0.00000,0.00,449996.88,NULL,449996.88,'2013-10-31',NULL,NULL,NULL,NULL,NULL,NULL,0,NULL),(218,31,'201104',1,10.60003,158999.35,NULL,47699.81,119249.51,'2011-06-29',NULL,7949.97,NULL,NULL,NULL,NULL,0,NULL),(219,31,'201105',2,5.57424,83613.00,NULL,25083.90,73241.47,'2011-07-30',-10531.72,4180.65,NULL,NULL,NULL,NULL,0,NULL),(220,31,'201110',3,3.19771,47965.38,NULL,14389.61,35974.04,'2011-12-30',NULL,2398.27,NULL,NULL,NULL,NULL,0,NULL),(221,31,'201111',4,32.83271,492487.22,NULL,147746.16,369389.67,'2012-01-29',-24.25,24624.36,NULL,NULL,NULL,NULL,0,NULL),(222,31,'201112',5,13.79485,206921.30,NULL,62076.39,159957.59,'2012-02-29',-4766.62,10346.06,NULL,NULL,NULL,NULL,0,NULL),(223,31,'201202',6,8.99329,134898.38,NULL,40469.00,101448.46,'2012-04-29',-274.16,6744.92,NULL,NULL,NULL,NULL,0,NULL),(224,31,'201211',7,25.00717,375104.96,NULL,112531.50,246976.71,'2013-01-29',15596.75,NULL,NULL,NULL,NULL,NULL,0,NULL),(225,32,'201104',0,0.00000,0.00,259147.49,NULL,259147.49,'2013-10-31',NULL,NULL,NULL,NULL,NULL,NULL,0,NULL),(226,32,'201111',1,4.14630,38965.95,NULL,11689.78,29224.47,'2012-01-29',NULL,1948.30,NULL,NULL,NULL,NULL,0,NULL),(227,32,'201112',2,8.05794,75726.61,NULL,22717.98,59375.48,'2012-02-29',-2580.52,3786.33,NULL,NULL,NULL,NULL,0,NULL),(228,32,'201201',3,11.56589,108693.46,NULL,32608.04,90122.56,'2012-03-31',-8602.47,5434.67,NULL,NULL,NULL,NULL,0,NULL),(229,32,'201202',4,11.53912,108441.96,NULL,32532.59,91645.59,'2012-04-29',-10314.12,5422.10,NULL,NULL,NULL,NULL,0,NULL),(230,32,'201203',5,20.79395,195416.67,NULL,58625.00,141761.16,'2012-05-30',4801.34,9770.83,NULL,NULL,NULL,NULL,0,NULL),(231,32,'201204',6,12.53696,117819.36,NULL,35345.81,89880.58,'2012-06-29',-1516.06,5890.97,NULL,NULL,NULL,NULL,0,NULL),(232,32,'201205',7,6.95772,65386.97,NULL,19616.09,49863.97,'2012-07-30',-823.74,3269.35,NULL,NULL,NULL,NULL,0,NULL),(233,32,'201211',8,24.40213,229325.43,NULL,46012.20,175743.93,'2013-01-29',19035.57,11466.27,NULL,NULL,NULL,NULL,0,NULL),(234,33,'200902',1,49.98576,200435.40,NULL,NULL,210457.17,'2009-04-29',NULL,10021.77,NULL,NULL,NULL,NULL,0,NULL),(235,33,'200903',2,28.25320,113291.10,NULL,NULL,118955.66,'2009-05-29',NULL,5664.56,NULL,NULL,NULL,NULL,0,NULL),(236,33,'201303',3,21.76104,87258.50,NULL,NULL,91621.43,'2013-05-30',NULL,4362.93,NULL,NULL,NULL,NULL,0,NULL),(237,35,'201202',0,0.00000,0.00,133020.00,NULL,133020.00,'2013-10-31',NULL,NULL,NULL,NULL,NULL,NULL,0,NULL),(238,35,'201202',1,49.73058,330758.10,NULL,66151.62,284117.74,'2012-04-29',-2973.35,16537.91,NULL,NULL,NULL,NULL,0,NULL),(239,35,'201203',2,48.75473,324267.73,NULL,65440.16,272107.91,'2012-05-30',2933.05,16213.39,NULL,NULL,NULL,NULL,0,NULL),(240,35,'201304',3,1.51469,10074.17,NULL,1428.22,9109.36,'2013-06-29',40.30,503.71,NULL,NULL,NULL,NULL,0,NULL),(241,36,'201102',0,0.00000,0.00,179615.65,NULL,179615.65,'2013-10-31',NULL,NULL,NULL,NULL,NULL,NULL,0,NULL),(242,36,'201112',1,1.62748,9744.00,NULL,2923.20,7308.00,'2012-02-29',NULL,487.20,NULL,NULL,NULL,NULL,0,NULL),(243,37,'201111',0,0.00000,0.00,392654.62,NULL,392654.62,'2013-10-31',NULL,NULL,NULL,NULL,NULL,NULL,0,NULL),(244,37,'201208',1,10.75055,210912.38,NULL,42182.48,179275.52,'2012-10-30',NULL,10545.62,NULL,NULL,NULL,NULL,0,NULL),(245,37,'201209',2,20.96122,411232.78,NULL,82246.56,349547.86,'2012-11-29',NULL,20561.64,NULL,NULL,NULL,NULL,0,NULL),(246,37,'201210',3,15.35561,301257.77,NULL,60251.55,242925.79,'2012-12-30',-1919.57,0.00,NULL,NULL,NULL,NULL,0,NULL),(247,37,'201211',4,0.00000,0.00,NULL,0.00,25107.70,'2013-01-29',-25107.70,0.00,NULL,NULL,NULL,NULL,0,NULL),(248,37,'201212',5,8.26440,162137.17,NULL,32427.43,129709.74,'2013-03-01',NULL,0.00,NULL,NULL,NULL,NULL,0,NULL),(249,37,'201305',6,42.19828,827877.28,NULL,165575.46,662301.82,'2013-07-30',NULL,0.00,NULL,NULL,NULL,NULL,0,NULL),(250,37,'201306',7,2.46994,48457.07,NULL,9971.14,11458.66,'2013-08-29',27027.27,0.00,NULL,NULL,NULL,NULL,0,NULL),(251,38,'201104',0,0.00000,0.00,194996.21,NULL,194996.21,'2013-10-31',NULL,NULL,NULL,NULL,NULL,NULL,0,NULL),(252,39,'200911',0,0.00000,0.00,114489.62,NULL,114489.62,'2013-10-31',NULL,NULL,NULL,NULL,NULL,NULL,0,NULL),(253,39,'201003',1,2.29076,13954.00,NULL,2790.80,13730.64,'2010-05-30',-1869.74,697.70,NULL,NULL,NULL,NULL,0,NULL),(254,39,'201004',2,4.58643,27937.89,NULL,5587.58,34041.01,'2010-06-29',-10293.81,1396.89,NULL,NULL,NULL,NULL,0,NULL),(255,39,'201005',3,5.18915,31609.30,NULL,6321.86,15218.20,'2010-07-30',11649.70,1580.46,NULL,NULL,NULL,NULL,0,NULL),(256,39,'201006',4,4.58643,27937.89,NULL,5587.58,24652.20,'2010-08-29',-905.03,1396.86,NULL,NULL,NULL,NULL,0,NULL),(257,39,'201010',5,21.10750,128574.68,NULL,25714.94,109288.47,'2010-12-30',NULL,6428.73,NULL,NULL,NULL,NULL,0,NULL),(258,39,'201011',6,12.77692,77829.59,NULL,15565.92,66759.19,'2011-01-29',-604.04,3891.48,NULL,NULL,NULL,NULL,0,NULL),(259,39,'201012',7,3.59321,21887.76,NULL,4377.55,18604.60,'2011-03-01',NULL,1094.39,NULL,NULL,NULL,NULL,0,NULL),(260,39,'201102',8,5.73211,34916.69,NULL,6983.34,29679.18,'2011-04-29',NULL,1745.83,NULL,NULL,NULL,NULL,0,NULL),(261,39,'201103',9,0.00000,0.00,NULL,0.00,1567.66,'2011-05-30',-1567.66,0.00,NULL,NULL,NULL,NULL,0,NULL),(262,39,'201104',10,3.11078,18949.10,NULL,3789.82,16106.73,'2011-06-29',NULL,947.45,NULL,NULL,NULL,NULL,0,NULL),(263,39,'201108',11,10.59215,64521.23,NULL,12904.25,54843.04,'2011-10-30',NULL,3226.06,NULL,NULL,NULL,NULL,0,NULL),(264,40,'201104',1,16.92797,379172.05,NULL,75834.41,322296.24,'2011-06-29',NULL,18958.60,NULL,NULL,NULL,NULL,0,NULL),(265,40,'201105',2,13.64990,305745.99,NULL,61149.20,259884.09,'2011-07-30',NULL,15287.30,NULL,NULL,NULL,NULL,0,NULL),(266,40,'201110',3,2.80684,62870.73,NULL,12574.15,53440.12,'2011-12-30',NULL,3143.54,NULL,NULL,NULL,NULL,0,NULL),(267,40,'201111',4,8.25155,184827.59,NULL,36965.52,157212.48,'2012-01-29',-109.03,9241.38,NULL,NULL,NULL,NULL,0,NULL),(268,40,'201112',5,10.79329,241760.37,NULL,48352.07,211718.02,'2012-02-29',-6221.70,12088.02,NULL,NULL,NULL,NULL,0,NULL),(269,40,'201202',6,8.04054,180101.32,NULL,36020.26,153086.13,'2012-04-29',NULL,9005.07,NULL,NULL,NULL,NULL,0,NULL),(270,40,'201203',7,2.84601,63748.28,NULL,12749.66,50998.62,'2012-05-30',NULL,0.00,NULL,NULL,NULL,NULL,0,NULL),(271,40,'201204',8,18.16474,406874.67,NULL,81374.33,328472.11,'2012-06-29',-2971.77,0.00,NULL,NULL,NULL,NULL,0,NULL),(272,40,'201205',9,0.41328,9257.16,NULL,1851.43,11006.23,'2012-07-30',-3600.50,0.00,NULL,NULL,NULL,NULL,0,NULL),(273,40,'201206',10,2.34014,52417.04,NULL,10483.41,41933.63,'2012-07-30',NULL,NULL,NULL,NULL,NULL,NULL,0,NULL),(274,40,'201207',11,20.23034,453142.21,NULL,15979.07,446917.25,'2012-09-29',12903.00,22657.11,NULL,NULL,NULL,NULL,0,NULL),(275,41,'201105',0,0.00000,0.00,104655.00,NULL,104655.00,'2013-10-31',NULL,NULL,NULL,NULL,NULL,NULL,0,NULL),(276,41,'201112',1,3.77123,13155.92,NULL,3946.78,9866.94,'2012-02-29',NULL,657.80,NULL,NULL,NULL,NULL,0,NULL),(277,41,'201201',2,15.02642,52419.66,NULL,15725.90,39321.52,'2012-03-30',-6.78,2620.98,NULL,NULL,NULL,NULL,0,NULL),(278,41,'201202',3,1.07720,3757.80,NULL,1127.37,6141.45,'2012-04-29',-3323.13,187.89,NULL,NULL,NULL,NULL,0,NULL),(279,41,'201203',4,1.07719,3757.79,NULL,1127.34,15758.20,'2012-05-30',-12939.86,187.89,NULL,NULL,NULL,NULL,0,NULL),(280,41,'201208',5,3.59066,12526.00,NULL,3757.80,-6874.97,'2012-10-30',16269.47,626.30,NULL,NULL,NULL,NULL,0,NULL),(281,41,'201209',6,0.35907,1252.60,NULL,375.78,1494.93,'2012-11-29',-555.48,62.63,NULL,NULL,NULL,NULL,0,NULL),(282,43,'201102',0,0.00000,0.00,109845.76,NULL,109845.76,'2013-10-31',NULL,NULL,NULL,NULL,NULL,NULL,0,NULL),(283,43,'201103',1,37.05067,203492.97,NULL,40698.59,172969.03,'2011-05-30',NULL,10174.65,NULL,NULL,NULL,NULL,0,NULL),(284,43,'201104',2,0.54970,3019.12,NULL,603.82,2566.26,'2011-06-29',NULL,150.96,NULL,NULL,NULL,NULL,0,NULL),(285,43,'201105',3,0.35046,1924.80,NULL,384.96,1636.08,'2011-07-30',NULL,96.24,NULL,NULL,NULL,NULL,0,NULL),(286,43,'201306',4,46.56469,255746.68,NULL,51149.34,217384.67,'2013-08-29',NULL,12787.33,NULL,NULL,NULL,NULL,0,NULL),(287,43,'201307',5,8.40680,46172.56,NULL,9234.51,39246.68,'2013-09-29',NULL,2308.63,NULL,NULL,NULL,NULL,0,NULL),(288,44,'201112',0,0.00000,0.00,866880.00,NULL,866880.00,'2013-10-31',NULL,NULL,NULL,NULL,NULL,NULL,0,NULL),(289,45,'201107',0,0.00000,0.00,17865.00,NULL,17865.00,'2013-10-31',NULL,NULL,NULL,NULL,NULL,NULL,0,NULL),(290,45,'201201',1,55.37254,32974.35,NULL,9892.31,25326.26,'2012-03-31',-595.50,1648.72,NULL,NULL,NULL,NULL,0,NULL),(291,45,'201202',2,27.32460,16271.80,NULL,4881.54,13930.80,'2012-04-29',-1726.95,813.59,NULL,NULL,NULL,NULL,0,NULL),(292,47,'201307',1,8.34172,22572.79,NULL,NULL,23701.43,'2012-09-29',NULL,1128.64,NULL,NULL,NULL,NULL,0,NULL),(293,47,'201208',2,35.82754,96949.74,NULL,NULL,96949.74,'2012-10-30',NULL,0.00,NULL,NULL,NULL,NULL,0,NULL),(294,47,'201209',3,31.81918,86103.08,NULL,NULL,86103.08,'2012-11-29',NULL,0.00,NULL,NULL,NULL,NULL,0,NULL),(295,47,'201210',4,24.01045,64972.57,NULL,NULL,68221.20,'2012-12-30',NULL,3248.63,NULL,NULL,NULL,NULL,0,NULL),(296,48,'201202',1,79.28247,345006.83,NULL,NULL,362257.17,'2012-10-30',NULL,17250.34,NULL,NULL,NULL,NULL,0,NULL),(297,48,'201209',2,19.78404,86092.52,NULL,NULL,90397.15,'2012-11-29',NULL,4304.63,NULL,NULL,NULL,NULL,0,NULL),(298,49,'200708',0,0.00000,0.00,844444.23,NULL,844444.23,'2013-10-31',NULL,NULL,NULL,NULL,NULL,NULL,0,NULL),(299,49,'200709',1,15.56395,438096.27,NULL,131428.88,328572.20,'2007-11-29',NULL,21904.81,NULL,NULL,NULL,NULL,0,NULL),(300,49,'200710',2,14.93104,420280.93,NULL,126084.28,315210.70,'2007-12-30',NULL,21014.05,NULL,NULL,NULL,NULL,0,NULL),(301,49,'200711',3,4.53976,127785.70,NULL,38335.71,95971.00,'2008-01-29',-131.73,6389.28,NULL,NULL,NULL,NULL,0,NULL),(302,49,'200712',4,7.26361,204457.12,NULL,61337.14,162524.16,'2008-02-29',-9181.32,10222.86,NULL,NULL,NULL,NULL,0,NULL),(303,49,'200801',5,16.97185,477725.93,NULL,143317.78,349055.46,'2008-03-31',9238.99,23886.30,NULL,NULL,NULL,NULL,0,NULL),(304,49,'200808',6,9.22508,259668.99,NULL,77900.70,194751.74,'2008-10-30',NULL,12983.45,NULL,NULL,NULL,NULL,0,NULL),(305,49,'200809',7,0.00000,0.00,NULL,0.00,6604.61,'2008-12-30',-6604.61,0.00,NULL,NULL,NULL,NULL,0,NULL),(306,49,'200811',8,10.44865,294109.96,NULL,88232.99,216189.38,'2009-01-29',4393.09,14705.50,NULL,NULL,NULL,NULL,0,NULL),(307,49,'200812',9,19.95369,561659.33,NULL,168497.80,421244.50,'2009-03-01',NULL,28082.97,NULL,NULL,NULL,NULL,0,NULL),(308,49,'200901',10,0.35631,10029.48,NULL,3008.84,7522.11,'2009-04-01',NULL,501.47,NULL,NULL,NULL,NULL,0,NULL),(309,50,'201007',1,9.95960,88323.56,NULL,NULL,92739.74,'2010-09-29',NULL,4416.18,NULL,NULL,NULL,NULL,0,NULL),(310,50,'201008',2,18.37855,162984.43,NULL,NULL,171133.65,'2010-10-29',NULL,8149.22,NULL,NULL,NULL,NULL,0,NULL),(311,50,'201009',3,16.27989,144373.12,NULL,NULL,151616.29,'2010-11-29',-24.51,7218.66,NULL,NULL,NULL,NULL,0,NULL),(312,50,'201010',4,13.59495,120562.51,NULL,NULL,127079.32,'2011-12-30',-488.68,6028.13,NULL,NULL,NULL,NULL,0,NULL),(313,50,'201011',5,22.18882,196774.54,NULL,NULL,206142.59,'2011-01-29',470.68,9838.73,NULL,NULL,NULL,NULL,0,NULL),(314,50,'201012',6,19.59819,173800.41,NULL,NULL,182447.92,'2011-03-01',42.51,8690.02,NULL,NULL,NULL,NULL,0,NULL),(315,51,'201102',1,30.00000,384094.80,NULL,NULL,403299.54,'2011-04-29',NULL,19204.74,NULL,NULL,NULL,NULL,0,NULL),(316,51,'201103',2,20.00000,256063.20,NULL,NULL,268866.36,'2011-05-30',NULL,12803.16,NULL,NULL,NULL,NULL,0,NULL),(317,51,'201104',3,16.66667,213386.00,NULL,NULL,224055.30,'2011-06-29',NULL,10669.30,NULL,NULL,NULL,NULL,0,NULL),(318,51,'201105',4,16.65000,213172.61,NULL,NULL,223831.24,'2011-07-30',NULL,10658.63,NULL,NULL,NULL,NULL,0,NULL),(319,52,'201105',1,36.18748,14440.00,NULL,NULL,15162.00,'2012-07-30',NULL,722.00,NULL,NULL,NULL,NULL,0,NULL),(320,52,'201212',2,63.81252,25463.30,NULL,NULL,26736.47,'2012-07-29',NULL,1273.17,NULL,NULL,NULL,NULL,0,NULL),(321,53,'201212',1,7.16636,81136.13,NULL,NULL,85192.94,'2013-03-01',NULL,4056.81,NULL,NULL,NULL,NULL,0,NULL),(322,53,'201301',2,29.39781,332836.31,NULL,NULL,349478.13,'2013-04-01',NULL,16641.82,NULL,NULL,NULL,NULL,0,NULL),(323,53,'201302',3,18.76013,212398.50,NULL,NULL,212398.50,'2013-04-29',NULL,0.00,NULL,NULL,NULL,NULL,0,NULL),(324,53,'201303',4,18.49843,209435.67,NULL,NULL,209435.67,'2013-05-30',NULL,0.00,NULL,NULL,NULL,NULL,0,NULL),(325,53,'201304',5,8.52783,96550.48,NULL,NULL,96550.48,'2013-06-30',NULL,0.00,NULL,NULL,NULL,NULL,0,NULL),(326,53,'201305',6,0.18842,2133.22,NULL,NULL,2133.22,'2013-07-30',NULL,0.00,NULL,NULL,NULL,NULL,0,NULL),(327,53,'1306',7,17.72600,200690.28,NULL,NULL,210724.79,'2013-08-29',NULL,10034.51,NULL,NULL,NULL,NULL,0,NULL),(328,54,'201302',0,0.00000,0.00,569912.67,NULL,569912.67,'2013-10-31',NULL,NULL,NULL,NULL,NULL,NULL,0,NULL),(329,54,'201302',1,0.00000,0.00,NULL,0.00,5739.40,'2013-04-29',-5739.40,0.00,NULL,NULL,NULL,NULL,0,NULL),(330,54,'201303',2,26.07807,495407.50,NULL,148622.25,366650.87,'2013-05-30',4904.76,24770.38,NULL,NULL,NULL,NULL,0,NULL),(331,54,'201304',3,30.75803,584312.97,NULL,175293.89,443220.32,'2013-06-29',-4985.59,29215.65,NULL,NULL,NULL,NULL,0,NULL),(332,54,'201305',4,34.16423,649021.00,NULL,194706.30,480945.52,'2013-07-30',5820.23,32451.05,NULL,NULL,NULL,NULL,0,NULL),(333,54,'201306',5,8.99966,170967.43,NULL,51290.23,128225.57,'2013-08-29',NULL,8548.37,NULL,NULL,NULL,NULL,0,NULL),(334,55,'201210',0,0.00000,0.00,24061.72,NULL,24061.72,'2013-10-31',NULL,NULL,NULL,NULL,NULL,NULL,0,NULL),(335,55,'201210',1,53.07602,42570.00,NULL,12771.00,31927.50,'2012-12-30',NULL,2128.50,NULL,NULL,NULL,NULL,0,NULL),(336,55,'201211',2,46.92398,37635.72,NULL,11290.72,28226.79,'2013-01-29',NULL,1881.79,NULL,NULL,NULL,NULL,0,NULL),(337,56,'201210',0,0.00000,0.00,20984.51,NULL,20984.51,'2013-10-31',NULL,NULL,NULL,NULL,NULL,NULL,0,NULL),(338,56,'201211',1,100.00000,254922.56,NULL,50984.51,216684.18,'2012-01-29',NULL,12746.13,NULL,NULL,NULL,NULL,0,NULL),(339,57,'201211',1,40.40404,333360.00,NULL,NULL,350028.00,'2013-01-29',NULL,16668.00,NULL,NULL,NULL,NULL,0,NULL),(340,57,'201212',2,27.14646,223976.25,NULL,NULL,235175.06,'2013-03-01',NULL,11198.81,NULL,NULL,NULL,NULL,0,NULL),(341,57,'201301',3,12.62626,104175.00,NULL,NULL,109383.75,'2013-04-01',NULL,5208.75,NULL,NULL,NULL,NULL,0,NULL),(342,57,'201301',4,19.82323,163554.75,NULL,NULL,171732.49,'2013-04-01',NULL,8177.74,NULL,NULL,NULL,NULL,0,NULL),(343,58,'201301',1,33.97817,143594.38,NULL,NULL,150774.09,'2013-04-01',NULL,7179.71,NULL,NULL,NULL,NULL,0,NULL),(344,58,'201302',2,45.07977,190510.64,NULL,NULL,200036.17,'2013-04-29',NULL,9525.53,NULL,NULL,NULL,NULL,0,NULL),(345,58,'201303',3,20.46147,86471.78,NULL,NULL,87795.37,'2013-05-30',NULL,1323.59,NULL,NULL,NULL,NULL,0,NULL),(346,58,'201304',4,0.48061,2031.10,NULL,NULL,2132.65,'2013-06-29',NULL,101.55,NULL,NULL,NULL,NULL,0,NULL),(347,59,'201210',1,33.33333,331333.33,NULL,NULL,347900.00,'2012-12-30',NULL,16566.67,NULL,NULL,NULL,NULL,0,NULL),(348,59,'201211',2,33.33333,331333.33,NULL,NULL,347900.00,'2013-01-29',NULL,16566.67,NULL,NULL,NULL,NULL,0,NULL),(349,59,'201212',3,33.33333,331333.34,NULL,NULL,347900.01,'2013-03-01',NULL,16566.67,NULL,NULL,NULL,NULL,0,NULL),(350,60,'201301',1,16.66667,157500.00,NULL,NULL,165375.00,'2013-04-01',NULL,7875.00,NULL,NULL,NULL,NULL,0,NULL),(351,60,'201302',2,33.33333,315000.00,NULL,NULL,330750.00,'2013-04-29',NULL,15750.00,NULL,NULL,NULL,NULL,0,NULL),(352,60,'201303',3,33.33333,315000.00,NULL,NULL,330750.00,'2013-05-30',NULL,15750.00,NULL,NULL,NULL,NULL,0,NULL),(353,60,'201304',4,16.66667,157500.00,NULL,NULL,165375.00,'2013-06-29',NULL,7875.00,NULL,NULL,NULL,NULL,0,NULL),(354,61,'201111',0,0.00000,0.00,391910.71,NULL,391910.71,'2013-10-31',NULL,NULL,NULL,NULL,NULL,NULL,0,NULL),(355,61,'201203',1,56.33168,1103849.45,NULL,220769.89,938272.03,'2012-05-30',NULL,55192.47,NULL,NULL,NULL,NULL,0,NULL),(356,61,'201204',2,11.77357,230709.38,NULL,46141.88,184567.50,'2012-06-29',NULL,NULL,NULL,NULL,NULL,NULL,0,NULL),(357,61,'201205',3,0.50242,9845.22,NULL,1969.04,7973.67,'2012-07-30',-97.49,NULL,NULL,NULL,NULL,NULL,0,NULL),(358,61,'201208',4,13.95514,273458.41,NULL,54691.68,218766.73,'2012-01-30',NULL,NULL,NULL,NULL,NULL,NULL,0,NULL),(359,61,'201209',5,8.04710,157687.27,NULL,31537.45,126149.82,'2012-11-29',NULL,NULL,NULL,NULL,NULL,NULL,0,NULL),(360,61,'201210',6,8.41668,164929.35,NULL,32985.87,131943.48,'2012-12-30',NULL,NULL,NULL,NULL,NULL,NULL,0,NULL),(361,61,'201211',7,0.97341,19074.48,NULL,3814.90,15162.09,'2013-01-29',97.49,NULL,NULL,NULL,NULL,NULL,0,NULL),(362,62,'201208',0,0.00000,0.00,544079.91,NULL,544079.91,'2013-10-31',NULL,NULL,NULL,NULL,NULL,NULL,0,NULL),(363,62,'201208',1,13.46906,366412.15,NULL,73282.43,311450.33,'2012-10-30',NULL,18320.61,NULL,NULL,NULL,NULL,0,NULL),(364,62,'201209',2,31.91506,868217.07,NULL,173643.41,748624.06,'2012-11-29',-10639.55,43410.85,NULL,NULL,NULL,NULL,0,NULL),(365,62,'201210',3,54.61589,1485770.31,NULL,297154.07,1252265.21,'2012-12-30',10639.55,74288.52,NULL,NULL,NULL,NULL,0,NULL),(366,63,'201110',0,0.00000,0.00,355851.34,NULL,355851.34,'2013-10-31',NULL,NULL,NULL,NULL,NULL,NULL,0,NULL),(367,63,'201111',1,8.86625,157753.40,NULL,31550.68,134090.39,'2012-01-29',NULL,7887.67,NULL,NULL,NULL,NULL,0,NULL),(368,63,'201112',2,21.19653,377140.62,NULL,75428.12,301712.50,'2012-02-29',NULL,0.00,NULL,NULL,NULL,NULL,0,NULL),(369,63,'201201',3,36.82050,655131.19,NULL,131026.24,524104.95,'2012-03-31',NULL,0.00,NULL,NULL,NULL,NULL,0,NULL),(370,63,'201202',4,33.11672,589231.48,NULL,117846.30,471385.18,'2012-04-29',NULL,0.00,NULL,NULL,NULL,NULL,0,NULL),(371,64,'201110',0,0.00000,0.00,538403.09,NULL,538403.09,'2013-10-31',NULL,NULL,NULL,NULL,NULL,NULL,0,NULL),(372,64,'201201',1,12.25609,224358.44,NULL,67307.53,168268.83,'2012-03-31',NULL,11217.92,NULL,NULL,NULL,NULL,0,NULL),(373,64,'201202',2,3.98012,72859.46,NULL,21857.84,59332.60,'2012-04-29',-4688.01,3642.97,NULL,NULL,NULL,NULL,0,NULL),(374,64,'201203',3,1.63577,29944.10,NULL,8983.23,22458.08,'2012-05-30',NULL,1497.21,NULL,NULL,NULL,NULL,0,NULL),(375,64,'201207',4,9.12551,167050.40,NULL,50115.12,120599.79,'2012-09-29',4688.01,8352.52,NULL,NULL,NULL,NULL,0,NULL),(376,64,'201208',5,25.55415,467790.90,NULL,140337.27,350843.18,'2012-10-30',NULL,23389.55,NULL,NULL,NULL,NULL,0,NULL),(377,64,'201209',6,26.62471,487388.40,NULL,146216.52,365541.30,'2012-11-29',NULL,24369.42,NULL,NULL,NULL,NULL,0,NULL),(378,64,'201210',7,13.81538,252902.50,NULL,103585.58,161962.05,'2012-12-30',NULL,12645.13,NULL,NULL,NULL,NULL,0,NULL),(379,65,'201103',0,0.00000,0.00,120423.00,NULL,120423.00,'2013-10-31',NULL,NULL,NULL,NULL,NULL,NULL,0,NULL),(380,65,'201107',1,63.24069,295680.00,NULL,88704.00,221760.00,'2011-09-29',NULL,14784.00,NULL,NULL,NULL,NULL,0,NULL),(381,65,'201108',2,0.91713,4288.00,NULL,1286.40,3512.02,'2011-10-30',-296.02,214.40,NULL,NULL,NULL,NULL,0,NULL),(382,65,'201109',3,6.56223,30681.50,NULL,9204.45,24511.85,'2011-11-29',-1500.72,1534.08,NULL,NULL,NULL,NULL,0,NULL),(383,65,'201302',4,29.27996,136897.60,NULL,21228.15,181966.26,'2013-04-29',-59451.93,6844.88,NULL,NULL,NULL,NULL,0,NULL),(384,66,'201202',0,0.00000,0.00,69071.76,NULL,69071.76,'2013-10-31',NULL,NULL,NULL,NULL,NULL,NULL,0,NULL),(385,66,'201207',1,11.87251,41002.76,NULL,8200.55,34852.35,'2012-09-29',NULL,2050.14,NULL,NULL,NULL,NULL,0,NULL),(386,66,'201208',2,23.59313,81480.94,NULL,16296.19,69420.52,'2012-10-30',-161.72,4074.05,NULL,NULL,NULL,NULL,0,NULL),(387,66,'201209',3,64.53436,222875.10,NULL,44575.02,189282.12,'2012-11-29',161.72,11143.76,NULL,NULL,NULL,NULL,0,NULL),(388,67,'201208',0,0.00000,0.00,336083.58,NULL,336083.58,'2013-10-31',NULL,NULL,NULL,NULL,NULL,NULL,0,NULL),(389,67,'201210',1,28.15929,315462.55,NULL,94638.77,236596.91,'2012-12-30',NULL,15773.13,NULL,NULL,NULL,NULL,0,NULL),(390,67,'201211',2,29.40659,329435.72,NULL,98830.72,247211.45,'2013-01-09',-134.66,16471.79,NULL,NULL,NULL,NULL,0,NULL),(391,67,'201212',3,26.28619,294478.55,NULL,88343.57,221906.13,'2013-03-01',-1047.22,14723.93,NULL,NULL,NULL,NULL,0,NULL),(392,67,'201301',4,16.14793,180901.77,NULL,54270.52,125449.37,'2013-04-01',1181.88,0.00,NULL,NULL,NULL,NULL,0,NULL),(393,68,'201202',1,24.45000,143046.81,NULL,NULL,150199.15,'2013-04-29',NULL,7152.34,NULL,NULL,NULL,NULL,0,NULL),(394,68,'201203',2,34.44000,201494.16,NULL,NULL,211568.87,'2013-05-30',NULL,10074.71,NULL,NULL,NULL,NULL,0,NULL),(395,68,'201304',3,33.33000,195000.01,NULL,NULL,204750.01,'2013-06-29',NULL,9750.00,NULL,NULL,NULL,NULL,0,NULL),(396,68,'201305',4,7.78000,45517.55,NULL,NULL,45517.55,'2013-07-30',NULL,0.00,NULL,NULL,NULL,NULL,0,NULL),(397,69,'201305',1,10.00000,156015.61,NULL,NULL,148214.83,'2013-07-30',NULL,NULL,NULL,'',NULL,7800.78,0,NULL),(398,69,'201306',2,12.50000,195019.51,NULL,NULL,185268.73,'2013-08-29',NULL,NULL,NULL,'',NULL,9750.78,0,NULL),(399,69,'201307',3,12.92000,201572.16,NULL,NULL,201572.16,'2013-09-29',NULL,0.00,NULL,NULL,NULL,NULL,0,NULL),(400,69,'201308',4,12.92000,201572.17,NULL,NULL,201572.17,'2013-10-30',NULL,0.00,NULL,NULL,NULL,NULL,0,NULL),(401,70,'201304',1,30.33693,264029.33,NULL,NULL,250827.86,'2013-06-29',NULL,NULL,NULL,'',NULL,13201.47,0,NULL),(402,70,'201305',2,33.05713,287703.87,NULL,NULL,273318.68,'2013-07-30',NULL,NULL,NULL,'',NULL,14385.19,0,NULL),(403,70,'201306',3,18.84103,163977.86,NULL,NULL,155778.97,'2013-08-29',NULL,NULL,NULL,'',NULL,8198.89,0,NULL),(404,70,'201307',4,16.41134,142831.66,NULL,NULL,135690.08,'2013-09-29',NULL,NULL,NULL,'',NULL,7141.58,0,NULL),(405,71,'201302',1,10.61000,72922.50,NULL,NULL,69276.37,'2013-04-29',NULL,NULL,NULL,'',NULL,3646.13,0,NULL),(406,71,'201303',2,39.24051,322942.50,NULL,NULL,306795.37,'2013-05-30',NULL,NULL,NULL,'',NULL,16147.13,0,NULL),(407,71,'201304',3,25.31646,208350.00,NULL,NULL,197932.50,'2013-06-29',NULL,NULL,NULL,'',NULL,10417.50,0,NULL),(408,71,'201305',4,8.86076,72922.50,NULL,NULL,72922.50,'2013-07-30',NULL,0.00,NULL,NULL,NULL,NULL,0,NULL),(409,71,'201305',5,17.72152,145845.00,NULL,NULL,145845.00,'2013-07-30',NULL,0.00,NULL,NULL,NULL,NULL,0,NULL),(410,72,'201304',1,250.00000,157500.00,NULL,NULL,165375.00,'2013-06-29',NULL,7875.00,NULL,NULL,NULL,NULL,0,NULL),(411,72,'201305',2,500.00000,315000.00,NULL,NULL,330750.00,'2013-07-30',NULL,15750.00,NULL,NULL,NULL,NULL,0,NULL),(412,72,'201306',3,250.00000,157500.00,NULL,NULL,165375.00,'2013-08-29',NULL,7875.00,NULL,NULL,NULL,NULL,0,NULL),(413,73,'201306',1,21.18892,665491.26,NULL,NULL,632216.70,'2013-08-29',NULL,NULL,NULL,'',NULL,33274.56,0,NULL),(414,73,'201307',2,21.15170,664322.30,NULL,NULL,664322.30,'2013-09-29',NULL,NULL,NULL,NULL,NULL,NULL,0,NULL),(415,73,'201308',3,20.20945,634728.60,NULL,NULL,634728.60,'2013-10-30',NULL,NULL,NULL,NULL,NULL,NULL,0,NULL),(416,74,'201308',0,0.00000,0.00,48702.20,NULL,48702.20,'2013-10-31',NULL,NULL,NULL,NULL,NULL,NULL,0,NULL),(417,75,'201305',1,10.00000,20835.00,NULL,NULL,19793.25,'2013-07-30',NULL,NULL,NULL,'',NULL,1041.75,0,NULL),(418,75,'201306',2,90.00000,187515.00,NULL,NULL,178139.25,'2013-08-29',NULL,NULL,NULL,'',NULL,9375.75,0,NULL),(419,76,'201309',1,100.00000,1182126.40,NULL,236425.28,886594.80,'2013-11-29',NULL,NULL,NULL,'',NULL,59106.32,0,NULL),(420,77,'201308',1,8.83333,140636.88,NULL,NULL,133605.04,'2013-10-30',NULL,NULL,NULL,'',NULL,7031.84,0,NULL),(421,78,'201308',1,13.83333,209077.34,NULL,NULL,198623.47,'2013-10-30',NULL,NULL,NULL,'',NULL,10453.87,0,NULL),(422,79,'201308',1,5.00000,75457.77,NULL,NULL,79230.66,'2013-10-30',NULL,3772.89,NULL,NULL,NULL,NULL,0,NULL),(423,80,'201308',1,16.66000,111346.05,NULL,NULL,116913.35,'2013-10-30',NULL,5567.30,NULL,NULL,NULL,NULL,0,NULL),(424,81,'201308',1,246.19338,101988.07,NULL,NULL,107087.47,'2013-10-30',NULL,5099.40,NULL,NULL,NULL,NULL,0,NULL),(425,82,'201306',1,5.28579,51813.24,NULL,NULL,54403.90,'2013-08-29',NULL,2590.66,NULL,NULL,NULL,NULL,0,NULL),(426,82,'201307',2,54.61978,535403.48,NULL,NULL,562173.65,'2013-09-29',NULL,26770.17,NULL,NULL,NULL,NULL,0,NULL),(427,82,'201308',3,40.09443,393020.60,NULL,NULL,412671.63,'2013-10-30',NULL,19651.03,NULL,NULL,NULL,NULL,0,NULL),(428,107,'201310',1,98.84634,57502428.87,NULL,NULL,57502428.87,'2013-10-31',NULL,NULL,40,NULL,NULL,NULL,0,NULL),(429,108,'201310',47,98.97066,48561786.31,NULL,NULL,48561786.31,'2013-10-31',NULL,NULL,40,NULL,NULL,NULL,0,NULL),(430,109,'201304',53,97.20286,13578801.57,NULL,NULL,13578801.57,'2013-10-31',NULL,NULL,40,NULL,NULL,NULL,0,NULL),(431,110,'201305',42,84.56589,45934931.45,NULL,NULL,45934931.45,'2013-10-31',NULL,NULL,20,NULL,NULL,NULL,0,NULL),(432,111,'201310',42,68.71076,16643460.07,NULL,NULL,16643460.07,'2013-10-31',NULL,NULL,NULL,NULL,NULL,NULL,0,NULL),(433,112,'201303',9,91.10535,3071129.28,NULL,NULL,3071129.28,'2013-10-31',NULL,NULL,15,NULL,NULL,NULL,0,NULL),(434,113,'201310',1,99.99465,20513163.78,NULL,NULL,20513163.78,'2013-10-31',NULL,NULL,30,NULL,NULL,NULL,0,NULL),(435,114,'201306',13,100.00000,1252000.00,NULL,NULL,1252000.00,'2013-10-31',NULL,NULL,10,NULL,NULL,NULL,0,NULL),(436,115,'201308',15,82.14487,3247131.83,NULL,NULL,3247131.83,'2013-10-31',NULL,NULL,10,NULL,NULL,NULL,0,NULL),(437,116,'201301',5,100.00000,1298324.56,NULL,NULL,1298324.56,'2013-10-31',NULL,NULL,15,NULL,NULL,NULL,0,NULL),(438,117,'201303',15,100.00000,756899.87,NULL,NULL,756899.87,'2013-10-31',NULL,NULL,10,NULL,NULL,NULL,0,NULL),(439,118,'201306',7,100.00000,3998880.00,NULL,NULL,3998880.00,'2013-10-31',NULL,NULL,5,NULL,NULL,NULL,0,NULL),(440,119,'201308',9,63.99537,2264525.66,NULL,NULL,2264525.66,'2013-10-31',NULL,NULL,15,NULL,NULL,NULL,0,NULL),(441,120,'201308',9,71.33424,1194793.75,NULL,NULL,1194793.75,'2013-10-31',NULL,NULL,15,NULL,NULL,NULL,0,NULL),(442,121,'201304',3,100.00000,2248214.87,NULL,NULL,2248214.87,'2013-10-31',NULL,NULL,10,NULL,NULL,NULL,0,NULL),(443,122,'201308',6,81.94805,482715.00,NULL,NULL,482715.00,'2013-10-31',NULL,NULL,NULL,NULL,NULL,NULL,0,NULL),(444,123,'201307',5,62.20779,349670.00,NULL,NULL,349670.00,'2013-10-31',NULL,NULL,NULL,NULL,NULL,NULL,0,NULL),(445,124,'201308',4,20.92211,1133270.69,NULL,NULL,1133270.69,'2013-10-31',NULL,NULL,20,NULL,NULL,NULL,0,NULL),(446,125,'201308',3,100.00000,921166.68,NULL,NULL,921166.68,'2013-10-31',NULL,NULL,10,NULL,NULL,NULL,0,NULL),(447,126,'201308',1,19.98342,96400.00,NULL,NULL,96400.00,'2013-10-31',NULL,NULL,NULL,NULL,NULL,NULL,0,NULL),(448,127,'201308',1,33.33333,264800.00,NULL,NULL,264800.00,'2013-10-31',NULL,NULL,NULL,NULL,NULL,NULL,0,NULL),(449,132,'201307',4,36.81348,249595.40,NULL,NULL,249595.40,'2013-10-31',NULL,NULL,5,NULL,NULL,NULL,0,NULL),(450,133,'201205',5,76.61538,149400.00,NULL,NULL,149400.00,'2013-10-31',NULL,NULL,NULL,NULL,NULL,NULL,0,NULL),(451,134,'201201',1,17.53235,43618.20,NULL,NULL,43618.20,'2013-10-31',NULL,NULL,5,NULL,NULL,NULL,0,NULL),(452,135,'201308',3,100.00000,22000.00,NULL,NULL,22000.00,'2013-10-31',NULL,NULL,NULL,NULL,NULL,NULL,0,NULL),(453,136,'201309',1,5.00000,14300.00,NULL,NULL,14300.00,'2013-10-31',NULL,NULL,NULL,NULL,NULL,NULL,0,NULL),(454,141,'201306',1,0.00000,0.00,221958.84,NULL,221958.84,'2013-06-30',NULL,NULL,NULL,NULL,NULL,NULL,0,NULL),(455,141,'201307',3,22.47000,249370.76,NULL,49874.15,199496.61,'2013-10-05',NULL,NULL,NULL,NULL,NULL,NULL,0,NULL),(456,141,'201308',4,15.51000,172084.69,NULL,34416.94,136181.06,'2013-10-01',1486.69,NULL,NULL,NULL,NULL,NULL,0,NULL),(457,142,'201301',1,100.00000,81580.84,NULL,NULL,85659.88,'2013-04-10',NULL,4079.04,NULL,NULL,NULL,NULL,0,NULL),(458,143,'201304',1,0.00000,0.00,107615.71,NULL,107615.71,'2013-05-30',NULL,NULL,NULL,NULL,NULL,NULL,0,NULL),(459,143,'201305',2,33.15000,178349.37,NULL,35669.87,142679.50,'2013-08-04',NULL,NULL,NULL,NULL,NULL,NULL,0,NULL),(460,143,'201306',3,38.55000,207445.43,NULL,41489.09,165956.34,'2013-09-03',NULL,NULL,NULL,NULL,NULL,NULL,0,NULL),(461,143,'201307',4,28.30000,152283.77,NULL,30456.75,121827.02,'2013-10-06',NULL,NULL,NULL,NULL,NULL,NULL,0,NULL),(462,144,'201304',1,0.00000,0.00,117297.85,NULL,117297.85,'2013-06-04',NULL,NULL,NULL,NULL,NULL,NULL,0,NULL),(463,144,'201305',2,18.33000,107515.21,NULL,21503.04,86012.17,'2013-08-03',NULL,NULL,NULL,NULL,NULL,NULL,0,NULL),(464,144,'201306',3,48.23000,282866.70,NULL,56573.34,226293.36,'2013-09-03',NULL,NULL,NULL,NULL,NULL,NULL,0,NULL),(465,144,'201307',4,33.44000,196107.34,NULL,39221.47,156885.87,'2013-09-29',NULL,NULL,NULL,NULL,NULL,NULL,0,NULL),(466,145,'201304',1,0.00000,0.00,144839.82,NULL,144839.82,'2013-06-04',NULL,NULL,NULL,NULL,NULL,NULL,0,NULL),(467,145,'201305',2,18.30000,132564.64,NULL,26512.93,106051.71,'2013-08-03',NULL,NULL,NULL,NULL,NULL,NULL,0,NULL),(468,145,'201306',3,81.70000,591634.45,NULL,118326.89,473307.56,'2013-09-03',NULL,NULL,NULL,NULL,NULL,NULL,0,NULL),(469,146,'201304',1,0.00000,0.00,113355.60,NULL,113355.60,'2013-06-07',NULL,NULL,NULL,NULL,NULL,NULL,0,NULL),(470,146,'201305',2,73.23000,415074.20,NULL,83014.84,352813.07,'2013-08-05',NULL,20753.71,NULL,NULL,NULL,NULL,0,NULL),(471,146,'201306',3,26.77000,151703.80,NULL,30340.76,128948.23,'2013-09-03',NULL,7585.19,NULL,NULL,NULL,NULL,0,NULL),(472,147,'201309',1,0.00000,0.00,518557.82,NULL,518557.82,'2013-10-21',NULL,NULL,NULL,NULL,NULL,NULL,0,NULL),(473,148,'201304',1,100.00000,323881.64,NULL,NULL,340075.72,'2013-07-01',NULL,16194.08,NULL,NULL,NULL,NULL,0,NULL),(474,149,'201302',1,0.00000,0.00,144147.44,NULL,144147.44,'2013-04-14',NULL,NULL,NULL,NULL,NULL,NULL,0,NULL),(475,149,'201303',2,29.13000,209965.22,NULL,41993.04,178470.44,'2013-06-02',NULL,10498.26,NULL,NULL,NULL,NULL,0,NULL),(476,149,'201304',4,62.95000,453689.96,NULL,90737.99,362951.97,'2013-06-29',NULL,NULL,NULL,NULL,NULL,NULL,0,NULL),(477,149,'201305',5,7.92000,57082.02,NULL,11416.41,45665.61,'2013-07-30',NULL,NULL,NULL,NULL,NULL,NULL,0,NULL),(478,150,'201305',1,0.00000,0.00,99930.81,NULL,99930.81,'2013-07-15',NULL,NULL,NULL,NULL,NULL,NULL,0,NULL),(479,150,'201306',2,16.83000,84090.78,NULL,16818.16,70734.77,'2013-08-29',742.39,4204.54,NULL,NULL,NULL,NULL,0,NULL),(480,150,'201307',3,39.56000,197689.12,NULL,39537.82,165672.84,'2013-10-05',2362.92,9884.46,NULL,NULL,NULL,NULL,0,NULL),(481,150,'201308',4,43.61000,217874.15,NULL,43574.83,185193.03,'2013-10-30',NULL,10893.71,NULL,NULL,NULL,NULL,0,NULL),(482,152,'201305',1,0.00000,0.00,61288.70,NULL,61288.70,'2013-07-09',NULL,NULL,NULL,NULL,NULL,NULL,0,NULL),(483,152,'201306',3,32.18000,197236.23,NULL,19723.62,177512.61,'2013-09-14',NULL,NULL,NULL,NULL,NULL,NULL,0,NULL),(484,152,'201307',4,67.82000,415650.77,NULL,41565.08,374085.69,'2013-10-08',NULL,NULL,NULL,NULL,NULL,NULL,0,NULL),(485,153,'201303',1,0.00000,0.00,403440.99,NULL,403440.99,'2013-04-24',NULL,NULL,NULL,NULL,NULL,NULL,0,NULL),(486,153,'201304',2,44.51920,598695.41,NULL,179608.62,449021.56,'2013-07-01',NULL,29934.77,NULL,NULL,NULL,NULL,0,NULL),(487,153,'201305',3,55.48080,746107.90,NULL,223832.37,559580.93,'2013-08-03',NULL,37305.40,NULL,NULL,NULL,NULL,0,NULL),(488,154,'201305',1,0.00000,0.00,166404.60,NULL,166404.60,'2013-06-06',NULL,NULL,NULL,NULL,NULL,NULL,0,NULL),(489,154,'201306',2,16.90000,93741.26,NULL,28122.38,69793.78,'2013-08-15',512.16,4687.06,NULL,NULL,NULL,NULL,0,NULL),(490,154,'201307',4,32.60000,180826.33,NULL,54247.90,126001.56,'2013-10-12',576.87,NULL,NULL,NULL,NULL,NULL,0,NULL),(491,154,'201308',5,17.20000,95405.30,NULL,28621.59,65419.19,'2013-11-12',1364.52,NULL,NULL,NULL,NULL,NULL,0,NULL),(492,155,'201308',46,94.79000,7065152.89,NULL,NULL,7065152.89,'2013-10-31',NULL,NULL,NULL,NULL,NULL,NULL,0,NULL),(493,156,'201310',0,0.00000,0.00,135815.70,NULL,135815.70,'2013-10-31',NULL,NULL,NULL,NULL,NULL,NULL,0,NULL),(494,157,'201310',0,0.00000,0.00,210656.08,NULL,210656.08,'2013-10-31',NULL,NULL,NULL,NULL,NULL,NULL,0,NULL),(495,158,'201303',24,93.19000,95781159.26,6788817.54,6788817.54,95781159.26,'2013-10-31',NULL,NULL,NULL,NULL,NULL,NULL,0,NULL),(496,159,'201308',9,69.78181,3164470.54,NULL,NULL,3164470.54,'2013-10-31',NULL,NULL,NULL,NULL,NULL,NULL,0,NULL),(497,161,'201308',5,21.05432,3787686.24,1799007.07,378768.63,5207924.68,'2013-10-31',NULL,NULL,NULL,NULL,NULL,NULL,0,NULL),(498,162,'201308',11,64.24000,11447322.46,998497.22,842513.53,11603306.15,'2013-10-31',NULL,NULL,NULL,NULL,NULL,NULL,0,NULL),(499,163,'201302',30,99.41372,16878381.45,1379808.86,1371719.34,16886470.97,'2013-10-31',NULL,NULL,NULL,NULL,NULL,NULL,0,NULL),(500,27,'201309',3,0.35335,67345.56,NULL,20203.67,47141.89,'2013-11-08',0.00,0.00,14,'',0.00,0.00,0,NULL),(501,20,'201307',1,0.49396,29778.28,0.00,5955.66,23822.62,'2013-11-30',0.00,0.00,NULL,'Certificado nº 1 en trámite.-',0.00,0.00,0,NULL),(502,20,'201308',2,3.76712,227099.47,0.00,45419.89,181679.58,'2013-11-30',0.00,0.00,NULL,'Certificado nº 2 en Trámite.',0.00,0.00,0,NULL),(503,20,'201309',3,4.17793,251864.78,0.00,50372.96,201491.82,'2013-11-30',0.00,0.00,NULL,'Certificado nº 3 en Trámite.',0.00,0.00,0,NULL),(504,25,'201309',2,1.78131,605792.61,0.00,181737.78,424054.83,'2013-11-14',0.00,30289.63,7,'Otros conceptos: Devolución Fdo. Reparo por encontrarse cubierto con Póliza Nº 156.922 Cosena Seguros S.A. por el monto $ 30.289,63',0.00,30289.63,0,NULL),(505,69,'201309',5,12.92000,201572.16,NULL,NULL,201572.16,'2013-11-29',NULL,NULL,NULL,'',NULL,NULL,0,NULL),(506,70,'201308',5,21.35278,185838.20,NULL,NULL,176546.29,'2013-08-30',NULL,NULL,NULL,'',NULL,9291.91,0,NULL),(507,24,'201307',1,2.78342,36373.69,0.00,9093.42,27280.27,'2013-11-30',0.00,1818.68,NULL,'Otros Conceptos: Devolución Fdo. de Reparo por encontrarse cubierto con Póliza de Seguros Caución Cia. Allianz Argentina S.A. Nº 130240111890.\r\nCertificado nº 1 en Trámite.',0.00,1818.68,0,NULL),(508,73,'201309',4,18.23374,572676.60,NULL,NULL,572676.60,'2013-11-29',NULL,NULL,NULL,'',NULL,NULL,0,NULL),(509,74,'201308',1,79.42432,128937.95,NULL,38681.39,83809.66,'2013-10-30',NULL,NULL,NULL,'',NULL,6446.90,0,NULL),(510,77,'201309',2,16.66667,265352.61,NULL,NULL,265352.61,'2013-11-29',NULL,NULL,NULL,'',NULL,NULL,0,NULL),(511,69,'201310',6,12.92000,201572.17,NULL,NULL,201572.17,'2013-12-30',NULL,NULL,5,'',NULL,NULL,0,NULL),(512,24,'201308',2,2.59871,33959.99,0.00,8490.00,21385.73,'2013-11-30',4084.26,1698.00,NULL,'Otros Conceptos: Devolución Fdo. de Reparo por encontrarse cubierto con Póliza de Seguros Caución Cia. Allianz Argentina S.A. Nº 130240111890.\r\nCertificado nº 2 en Trámite.',0.00,1698.00,0,NULL),(513,24,'201309',3,12.87856,168296.96,0.00,42074.24,126742.86,'2013-11-30',-520.14,8414.85,NULL,'Otros Conceptos: Devolución Fdo. de Reparo por encontrarse cubierto con Póliza de Seguros Caución Cia. Allianz Argentina S.A. Nº 130240111890.\r\nCertificado nº 3 en Trámite.',0.00,8414.85,0,NULL),(514,15,'201309',4,30.27084,904322.81,0.00,271296.84,606041.81,'2013-11-30',-18231.98,0.00,NULL,'Certificado nº 4 en Trámite.',0.00,45216.14,0,NULL),(515,14,'201308',12,4.55562,200288.88,0.00,60086.66,175909.43,'2013-10-31',-35707.21,10014.44,7,'Otros conceptos: Devolución Fondo de Reparo por encontrarse cubierto con Póliza nº 150.223 Cia. Cosena Seguros S.A. correspondiente a monto retenido en el presente Certificado de Obra nº 12.',0.00,10014.44,0,NULL),(516,14,'201309',13,3.93148,172848.50,0.00,51854.55,116552.28,'2013-11-30',4441.67,8642.43,NULL,'Otros conceptos: Devolución Fondo de Reparo por encontrarse cubierto con Póliza nº 150.223 Cia. Cosena Seguros S.A. correspondiente a monto retenido en el presente Certificado de Obra nº 13.\r\nCertifica en trámite.',0.00,8642.43,0,NULL),(517,14,'201310',1,0.00000,101900.61,0.00,30570.18,61140.37,'2013-11-07',0.00,-5095.03,NULL,'Otros conceptos: Retención Garantía Ejecución de Contrato del 5% en presente Certificado.\r\nCertificado de Redeterminación de Precios sobre los certificados de obra nº 1 al nº 7 periodo de Sep-12 a Mar-13.',0.00,5095.03,2,NULL),(518,14,'201310',2,0.00000,442728.90,0.00,132818.67,265637.33,'2013-11-07',0.00,-22136.45,NULL,'Otros conceptos: Retención Garantía Ejecución de Contrato del 5% en presente Certificado.\r\nCertificado de Redeterminación de Precios sobre los certificados de obra nº 8 al nº 13 periodo de Abr-13 a Sep-13.',0.00,22136.45,2,NULL),(519,164,'201304',1,100.00000,131126.50,NULL,NULL,131126.50,'2013-10-31',NULL,NULL,NULL,NULL,NULL,NULL,0,NULL),(520,165,'201304',1,100.00000,206975.00,NULL,NULL,206975.00,'2013-10-31',NULL,NULL,NULL,NULL,NULL,NULL,0,NULL),(521,166,'201304',1,100.00000,1694932.25,NULL,NULL,1694932.25,'2013-10-31',NULL,NULL,NULL,NULL,NULL,NULL,0,NULL),(522,167,'201306',1,63.75000,1272081.26,NULL,NULL,1272081.26,'2013-10-31',NULL,NULL,NULL,NULL,NULL,NULL,0,NULL),(523,168,'201304',1,100.00000,1266501.60,NULL,NULL,1266501.60,'2013-10-31',NULL,NULL,NULL,NULL,NULL,NULL,0,NULL),(524,169,'201309',1,100.00000,548800.00,NULL,NULL,458800.00,'2013-10-31',NULL,NULL,NULL,NULL,NULL,NULL,0,NULL),(525,170,'201307',1,100.00000,638415.46,NULL,NULL,638415.46,'2013-10-31',NULL,NULL,NULL,NULL,NULL,NULL,0,NULL),(526,171,'201305',1,36.75000,564424.50,NULL,NULL,564424.50,'2013-10-31',NULL,NULL,NULL,NULL,NULL,NULL,0,NULL),(527,172,'201308',1,100.00000,2237450.00,NULL,NULL,2237450.00,'2013-10-31',NULL,NULL,NULL,NULL,NULL,NULL,0,NULL),(528,173,'201306',1,100.00000,1479520.68,NULL,NULL,1479520.68,'2013-10-31',NULL,NULL,NULL,NULL,NULL,NULL,0,NULL),(529,174,'201308',1,100.00000,942289.71,NULL,NULL,942289.71,'2013-10-31',NULL,NULL,NULL,NULL,NULL,NULL,0,NULL),(530,175,'201307',1,100.00000,824204.79,NULL,NULL,824204.79,'2013-10-31',NULL,NULL,NULL,NULL,NULL,NULL,0,NULL),(531,176,'201304',1,100.00000,338291.60,NULL,NULL,338291.60,'2013-10-31',NULL,NULL,NULL,NULL,NULL,NULL,0,NULL),(532,177,'201309',1,100.00000,1108859.99,NULL,NULL,928953.09,'2013-10-31',NULL,NULL,NULL,NULL,NULL,NULL,0,NULL),(533,178,'201304',1,100.00000,92206.40,NULL,NULL,92206.40,'2013-10-31',NULL,NULL,NULL,NULL,NULL,NULL,0,NULL),(534,179,'201307',1,100.00000,1900155.98,NULL,NULL,1900155.98,'2013-10-31',NULL,NULL,NULL,NULL,NULL,NULL,0,NULL),(535,180,'201307',1,100.00000,2201151.00,NULL,NULL,2201151.00,'2013-10-31',NULL,NULL,NULL,NULL,NULL,NULL,0,NULL),(536,181,'201308',1,100.00000,1996322.96,NULL,NULL,1996322.96,'2013-10-31',NULL,NULL,NULL,NULL,NULL,NULL,0,NULL),(537,182,'201307',1,61.58000,1052901.68,NULL,NULL,1052901.68,'2013-10-31',NULL,NULL,NULL,NULL,NULL,NULL,0,NULL),(538,183,'201307',1,100.00000,788536.90,NULL,NULL,788536.90,'2013-10-31',NULL,NULL,NULL,NULL,NULL,NULL,0,NULL),(539,184,'201309',1,98.45000,1133478.51,NULL,NULL,1133478.51,'2013-10-31',NULL,NULL,NULL,NULL,NULL,NULL,0,NULL),(540,185,'201309',1,100.00000,123977.19,NULL,NULL,123977.19,'2013-10-31',NULL,NULL,NULL,NULL,NULL,NULL,0,NULL),(541,186,'201309',1,100.00000,1158667.67,NULL,NULL,1158667.67,'2013-10-31',NULL,NULL,NULL,NULL,NULL,NULL,0,NULL),(542,187,'201309',1,100.00000,1111958.37,NULL,NULL,1111958.37,'2013-10-31',NULL,NULL,NULL,NULL,NULL,NULL,0,NULL),(543,188,'201306',1,100.00000,647455.58,NULL,NULL,647455.58,'2013-10-31',NULL,NULL,NULL,NULL,NULL,NULL,0,NULL),(544,189,'201309',1,100.00000,289363.72,NULL,NULL,289363.72,'2013-10-31',NULL,NULL,NULL,NULL,NULL,NULL,0,NULL),(545,190,'201309',1,100.00000,2167820.37,NULL,NULL,2167820.37,'2013-10-31',NULL,NULL,NULL,NULL,NULL,NULL,0,NULL),(546,191,'201310',1,97.46000,2603616.34,NULL,NULL,2603616.34,'2013-10-31',NULL,NULL,NULL,NULL,NULL,NULL,0,NULL),(547,192,'201308',1,65.05000,453104.24,NULL,NULL,453104.24,'2013-10-31',NULL,NULL,NULL,NULL,NULL,NULL,0,NULL),(548,193,'201309',1,80.64000,1179404.76,NULL,NULL,1179404.76,'2013-10-31',NULL,NULL,NULL,NULL,NULL,NULL,0,NULL),(549,194,'201309',1,83.13000,3151132.51,NULL,NULL,3151132.51,'2013-10-31',NULL,NULL,NULL,NULL,NULL,NULL,0,NULL),(550,195,'201310',1,100.00000,2959947.18,NULL,NULL,2959947.18,'2013-10-31',NULL,NULL,NULL,NULL,NULL,NULL,0,NULL),(551,196,'201308',1,100.00000,849819.00,NULL,NULL,849819.00,'2013-10-31',NULL,NULL,NULL,NULL,NULL,NULL,0,NULL),(552,197,'201309',1,94.76000,3270767.81,NULL,NULL,3270767.81,'2013-10-31',NULL,NULL,NULL,NULL,NULL,NULL,0,NULL),(553,198,'201309',1,100.00000,1998160.00,NULL,NULL,1998160.00,'2013-10-31',NULL,NULL,NULL,NULL,NULL,NULL,0,NULL),(554,199,'201309',1,82.48000,1137999.31,NULL,NULL,1137999.31,'2013-10-31',NULL,NULL,NULL,NULL,NULL,NULL,0,NULL),(555,200,'201309',1,95.21000,426255.17,NULL,NULL,426255.17,'2013-10-31',NULL,NULL,NULL,NULL,NULL,NULL,0,NULL),(556,201,'201309',1,0.00000,0.00,NULL,NULL,0.00,'2013-10-31',NULL,NULL,NULL,NULL,NULL,NULL,0,NULL),(557,202,'201309',1,60.32000,550105.76,NULL,NULL,550105.76,'2013-10-31',NULL,NULL,NULL,NULL,NULL,NULL,0,NULL),(558,203,'201310',1,100.00000,2323750.52,NULL,NULL,2323750.52,'2013-10-31',NULL,NULL,NULL,NULL,NULL,NULL,0,NULL),(559,204,'201309',1,19.88010,396464.46,NULL,NULL,396464.46,'2013-10-31',NULL,NULL,NULL,NULL,NULL,NULL,0,NULL),(560,205,'201309',1,100.00000,247378.00,NULL,NULL,247378.00,'2013-10-31',NULL,NULL,NULL,NULL,NULL,NULL,0,NULL),(561,206,'201309',1,61.98150,59125.72,NULL,NULL,59125.72,'2013-10-31',NULL,NULL,NULL,NULL,NULL,NULL,0,NULL),(562,207,'201310',1,35.27000,605240.57,NULL,NULL,605240.57,'2013-10-31',NULL,NULL,NULL,NULL,NULL,NULL,0,NULL),(563,209,'201309',1,70.42000,332825.17,NULL,NULL,332825.17,'2013-10-31',NULL,NULL,NULL,NULL,NULL,NULL,0,NULL),(564,210,'201309',1,66.73000,1111971.72,NULL,NULL,1111971.72,'2013-10-31',NULL,NULL,NULL,NULL,NULL,NULL,0,NULL),(565,211,'201310',1,87.61000,21924086.07,NULL,NULL,21924086.07,'2013-10-31',NULL,NULL,NULL,NULL,NULL,NULL,0,NULL),(566,212,'201310',1,88.08000,13071105.88,NULL,NULL,10493529.80,'2013-10-31',NULL,NULL,NULL,NULL,NULL,NULL,0,NULL),(567,213,'201310',1,88.18000,46279736.02,NULL,NULL,46279736.02,'2013-10-31',NULL,NULL,NULL,NULL,NULL,NULL,0,NULL),(568,214,'201302',1,97.52000,1481761.84,NULL,NULL,1481761.84,'2013-10-31',NULL,NULL,NULL,NULL,NULL,NULL,0,NULL),(569,215,'201310',1,63.35000,29325510.11,NULL,NULL,29325510.11,'2013-10-31',NULL,NULL,NULL,NULL,NULL,NULL,0,NULL),(570,216,'201310',1,80.30000,30526848.00,NULL,NULL,30526848.00,'2013-10-31',NULL,NULL,NULL,NULL,NULL,NULL,0,NULL),(571,217,'201310',1,93.75000,7138963.63,NULL,NULL,6695022.66,'2013-10-31',NULL,NULL,NULL,NULL,NULL,NULL,0,NULL),(572,218,'201310',1,14.77000,1434097.18,NULL,NULL,1434097.18,'2013-10-31',NULL,NULL,NULL,NULL,NULL,NULL,0,NULL),(573,219,'201310',1,25.92000,3949182.62,NULL,NULL,3949182.62,'2013-10-31',NULL,NULL,NULL,NULL,NULL,NULL,0,NULL),(574,220,'201310',1,76.02000,7556810.34,NULL,NULL,7556810.34,'2013-10-31',NULL,NULL,NULL,NULL,NULL,NULL,0,NULL),(575,221,'201310',1,34.39000,4246508.54,NULL,NULL,4246508.54,'2013-10-31',NULL,NULL,NULL,NULL,NULL,NULL,0,NULL),(576,222,'201310',1,90.23000,1049978.90,NULL,NULL,1049978.90,'2013-10-31',NULL,NULL,NULL,NULL,NULL,NULL,0,NULL),(577,223,'201310',1,48.12000,5963906.33,NULL,NULL,5963906.33,'2013-10-31',NULL,NULL,NULL,NULL,NULL,NULL,0,NULL),(578,78,'201309',2,16.66667,251900.41,NULL,NULL,239305.39,'2013-11-29',NULL,NULL,NULL,'',NULL,12595.02,0,NULL),(579,28,'201303',5,0.00000,0.00,NULL,NULL,0.00,NULL,NULL,NULL,NULL,'',NULL,NULL,0,NULL),(580,28,'201304',6,7.39659,150000.00,NULL,NULL,150000.00,NULL,NULL,NULL,NULL,'',NULL,NULL,0,NULL);
/*!40000 ALTER TABLE `certificacion` ENABLE KEYS */;
UNLOCK TABLES;

--
-- Table structure for table `contrato`
--

DROP TABLE IF EXISTS `contrato`;
/*!40101 SET @saved_cs_client     = @@character_set_client */;
/*!40101 SET character_set_client = utf8 */;
CREATE TABLE `contrato` (
  `IdContrato` int(10) unsigned NOT NULL AUTO_INCREMENT,
  `IdObra` int(10) unsigned NOT NULL,
  `IdProveedor` int(10) unsigned NOT NULL,
  `Numero` varchar(10) COLLATE utf8_spanish_ci NOT NULL,
  `Fecha` date NOT NULL,
  `Monto` decimal(14,2) unsigned NOT NULL,
  `FechaBaseMonto` date NOT NULL,
  `NormaLegalAutorizacion` varchar(10) COLLATE utf8_spanish_ci NOT NULL,
  `NormaLegalAdjudicacion` varchar(10) COLLATE utf8_spanish_ci NOT NULL,
  `PlazoEjecucion` int(5) unsigned NOT NULL,
  `FechaInicio` date NOT NULL,
  `FechaFinalizacion` date NOT NULL,
  PRIMARY KEY (`IdContrato`),
  KEY `fk_contrato_obra` (`IdObra`),
  KEY `fk_contrato_proveedor` (`IdProveedor`),
  CONSTRAINT `fk_contrato_obra` FOREIGN KEY (`IdObra`) REFERENCES `obra` (`IdObra`) ON DELETE NO ACTION ON UPDATE NO ACTION,
  CONSTRAINT `fk_contrato_proveedor` FOREIGN KEY (`IdProveedor`) REFERENCES `proveedor` (`IdProveedor`) ON DELETE NO ACTION ON UPDATE NO ACTION
) ENGINE=InnoDB AUTO_INCREMENT=224 DEFAULT CHARSET=utf8 COLLATE=utf8_spanish_ci;
/*!40101 SET character_set_client = @saved_cs_client */;

--
-- Dumping data for table `contrato`
--

LOCK TABLES `contrato` WRITE;
/*!40000 ALTER TABLE `contrato` DISABLE KEYS */;
INSERT INTO `contrato` VALUES (1,1,1,'1','2010-04-20',220277.00,'2009-02-01','','206/10',60,'2011-01-05','2011-03-05'),(2,2,2,'2','2013-04-05',1210000.00,'2010-04-01','','454/12',365,'2013-04-05','2014-04-04'),(3,3,2,'3','2013-04-05',1210000.00,'2010-04-01','','009/13',365,'2013-04-05','2014-04-04'),(4,4,3,'4','2013-02-27',1210000.00,'2010-04-01','','607/12',365,'2013-02-27','2014-02-26'),(5,5,3,'5','2013-02-27',1754500.00,'2010-04-01','','008/13',365,'2013-02-27','2014-02-26'),(6,6,2,'6','2011-09-02',1167307.36,'2011-02-01','','286/11',730,'2011-12-15','2013-12-13'),(7,7,3,'7','2011-07-29',2223768.38,'2011-02-01','','286/11',730,'2011-09-05','2013-09-03'),(8,8,2,'8','2011-09-02',758277.89,'2011-02-01','','286/11',730,'2011-11-15','2013-11-13'),(9,9,2,'9','2011-09-02',548782.43,'2011-02-01','','286/11',730,'2011-11-15','2013-11-13'),(10,10,4,'10','2012-05-22',340494.00,'2012-02-01','','0210/12',90,'2012-09-25','2012-12-23'),(11,11,4,'11','2013-01-11',1752076.00,'2012-11-01','','0610/12',210,'2013-04-08','2013-11-03'),(12,12,5,'12','2013-03-27',387200.00,'2013-03-01','','0021/13',45,'2013-04-01','2013-05-15'),(13,13,6,'13','2011-11-14',6341312.00,'2010-11-01','','0494/11',180,'2012-03-01','2012-08-27'),(14,14,7,'14','2012-06-21',4396524.00,'2011-11-01','','0272/12',210,'2012-09-28','2013-04-25'),(15,15,8,'15','2011-04-18',2987439.00,'2011-03-01','','0159/11',120,'2013-06-06','2013-10-03'),(16,16,9,'16','2013-05-06',22614329.00,'2012-10-01','','0098/13',365,'2013-05-06','2014-05-07'),(17,17,10,'17','2012-01-31',12019043.00,'2011-03-11','','017/12',360,'2012-01-31','2013-01-24'),(18,18,11,'18','2012-09-04',1348138.00,'2012-09-04','','',180,'2012-09-04','2013-03-02'),(19,19,12,'19','2012-09-04',21724800.00,'2012-02-01','','415/12',180,'2012-09-04','2013-03-02'),(20,20,13,'20','2013-07-23',6028461.00,'2012-08-01','','0594/12',540,'2013-07-25','2015-01-15'),(21,21,14,'21','2012-08-29',3538917.86,'2012-01-01','','388/12',180,'2012-08-29','2013-02-24'),(22,22,15,'22','2012-09-17',1835172.67,'2012-01-01','','388/12',180,'2012-09-17','2013-03-15'),(23,23,16,'23','2012-09-07',1997213.54,'2012-01-01','','388/12',180,'2012-09-07','2013-03-05'),(24,24,17,'24','2013-01-24',1306800.00,'2012-10-01','','0609/12',180,'2013-01-24','2013-07-24'),(25,25,9,'25','2012-11-27',34008171.00,'2012-07-01','','0592/12',365,'2012-11-27','2013-11-28'),(26,26,18,'26','2013-03-13',49990284.00,'2012-08-01','','0593/12',540,'2013-03-13','2014-09-05'),(27,27,19,'27','2012-09-28',19059101.00,'2012-05-01','','0489/12',270,'2013-07-11','2014-04-06'),(28,28,20,'64/11','2011-10-13',1877962.71,'2011-07-01','678/11','862/11',90,'2012-02-17','2012-05-18'),(29,29,21,'61/11','2011-09-08',4531215.94,'2011-05-01','514/11','766/11',270,'2011-11-14','2012-08-11'),(30,30,22,'72/11','2011-12-05',13801488.64,'2011-09-01','858/11','986/11',240,'2012-04-03','2012-11-30'),(31,31,97,'26/10','2010-11-18',1499989.59,'2010-09-01','633/10','761/10',150,'2011-04-18','2011-09-16'),(32,32,24,'24/11','2011-03-11',863824.97,'2010-12-01','22/11','155/11',150,'2011-11-23','2012-04-22'),(33,33,25,'06/09','2009-01-20',400985.00,'2008-10-01','1120/08','001/09',90,'2009-02-10','2009-05-12'),(34,34,22,'upefe','2010-09-13',13798088.58,'2010-09-13','','',695,'2010-09-13','2012-08-09'),(35,35,26,'02/12','2012-01-30',665100.00,'2011-11-01','1102/11','37/12',30,'2012-02-22','2012-03-24'),(36,36,27,'03/11','2011-01-19',598718.84,'2010-11-01','619/10','34/11',120,'2011-11-14','2012-03-14'),(37,37,28,'69/11','2011-11-29',1963273.10,'2011-07-01','679/11','956/11',120,'2012-08-22','2012-12-21'),(38,38,5,'27/11','2011-03-10',649987.38,'2010-12-01','893/10','127/11',90,'2011-03-10','2011-06-09'),(39,39,27,'29/09','2009-06-05',572448.12,'2009-02-01','287/09','407/09',90,'2010-03-03','2010-06-02'),(40,40,29,'','2011-04-18',1966667.54,'2011-04-18','','',150,'2011-04-18','2011-09-16'),(41,41,27,'28/11','2011-04-25',348850.00,'2010-11-01','820/10','154/11',120,'2011-11-24','2012-03-24'),(42,42,28,'***','2012-10-26',9984972.15,'2012-10-26','','',240,'2012-10-26','2013-06-24'),(43,43,5,'02/11','2011-01-13',549228.79,'2010-10-01','742/10','940/10',60,'2011-03-04','2011-05-04'),(44,44,5,'71/11','2011-11-25',4334400.00,'2011-10-01','919/11','972/11',540,'2011-11-25','2013-05-19'),(45,45,27,'10/11','2011-05-30',59550.00,'2010-11-01','743/10','52/11',90,'2011-10-24','2012-01-23'),(46,46,30,'***','2011-06-09',12950095.95,'2011-06-09','','',210,'2011-06-09','2012-01-06'),(47,47,31,'09/12','2012-07-16',224737.65,'2012-06-01','444/12','444/12',90,'2012-07-16','2012-10-15'),(48,48,5,'12/12','2012-08-07',435161.55,'2012-06-01','485/12','485/12',90,'2012-08-10','2012-11-09'),(49,49,25,'47/07','2007-09-21',2814814.11,'2007-09-21','','',180,'2007-09-21','2008-03-20'),(50,50,31,'14/10','2010-06-18',886818.57,'2010-04-01','205/10','421/10',180,'2010-07-01','2010-12-29'),(51,51,25,'15/11','2011-02-24',1280316.00,'2010-12-01','892/10','12//11',180,'2011-02-11','2011-08-11'),(52,52,32,'07/12','2012-04-24',39903.30,'2012-02-01','194/12','194/12',30,'2012-05-07','2012-06-07'),(53,53,31,'15/12','2012-10-16',943486.12,'2012-09-01','638/12','638/12',180,'2012-12-12','2013-06-11'),(54,54,33,'03/13','2013-02-01',1899708.90,'2012-07-01','457/12','53/13',90,'2013-08-08','2013-11-07'),(55,55,26,'14/12','2012-10-16',80205.72,'2012-09-01','654/12','654/12',60,'2012-10-26','2012-12-26'),(56,56,26,'16/12','2012-11-07',254922.56,'2012-09-01','496/12','688/12',30,'2012-11-14','2012-12-15'),(57,57,34,'13/12','2012-10-16',687555.00,'2012-09-01','639/12','639/12',90,'2012-11-01','2013-01-31'),(58,58,5,'02/13','2013-01-16',422607.80,'2012-11-01','863/12','863/12',90,'2013-01-16','2013-04-17'),(59,59,32,'17/12','2013-01-03',994000.00,'2012-07-01','544/12','544/12',92,'2012-10-01','2013-01-02'),(60,60,32,'07/13','2013-04-03',945000.00,'2012-12-01','34/13','34/13',90,'2013-01-15','2013-04-16'),(61,61,22,'66/11','2012-03-01',1959553.56,'2011-07-01','716/11','861/11',120,'2012-03-01','2012-06-30'),(62,62,33,'10/12','2012-07-31',2720399.53,'2012-04-01','209/12','455/12',60,'2012-08-08','2012-10-08'),(63,63,31,'63/11','2011-10-13',1779256.69,'2011-07-01','730/11','860/11',90,'2011-11-22','2012-02-21'),(64,64,35,'62/11','2011-09-09',1794676.96,'2011-06-01','701/11','701/11',90,'2012-01-16','2012-04-16'),(65,65,25,'25/11','2011-03-01',401410.00,'2010-12-01','775/10','153/11',90,'2011-07-06','2011-10-05'),(66,66,24,'03/12','2012-01-30',345358.80,'2011-11-01','973/11','036/12',90,'2012-07-23','2012-10-22'),(67,67,36,'11/12','2012-08-09',1120278.59,'2012-05-01','210/12','487/12',90,'2012-10-19','2013-01-18'),(68,68,37,'06/13','2013-04-04',585058.53,'2013-01-01','81/13','81/13',90,'2013-02-07','2013-05-09'),(69,69,37,'10/13','2013-04-24',1560156.08,'2013-01-01','108/13','166/13',240,'2013-05-08','2014-01-04'),(70,70,5,'05/13','2013-04-03',870323.10,'2013-01-01','134/13','134/13',180,'2013-04-03','2013-10-01'),(71,71,34,'09/13','2013-03-13',687555.00,'2013-01-01','120/13','120/13',90,'2013-02-22','2013-05-24'),(72,72,32,'12/13','2013-06-04',63000.00,'2013-03-01','222/13','222/13',60,'2013-04-18','2013-06-18'),(73,73,34,'14/13','2013-07-04',3140751.62,'2013-04-01','165/13','314/13',180,'2013-06-12','2013-12-10'),(74,74,95,'13/13','2013-07-04',162340.65,'2013-04-01','263/13','263/13',60,'2013-08-01','2013-10-01'),(75,75,34,'19/13','2013-06-07',208350.00,'2013-04-01','257/13','257/13',20,'2013-05-23','2013-06-13'),(76,76,95,'18/13','2013-07-26',1182126.40,'2013-05-01','274/13','360/13',30,'2013-09-09','2013-10-10'),(77,77,96,'20/13','2013-08-20',1592115.65,'2013-06-01','393/13','400/13',180,'2013-08-16','2014-02-13'),(78,78,40,'22/13','2013-08-22',1511402.46,'2013-06-01','395/13','402/13',180,'2013-08-08','2014-02-05'),(79,79,5,'21/13','2013-08-22',1509155.34,'2013-06-01','394/13','401/13',180,'2013-08-22','2014-02-19'),(80,80,32,'24/13','2013-09-04',668343.63,'2013-07-01','462/13','462/13',30,'2013-08-27','2013-09-27'),(81,81,31,'23/11','2013-08-19',41426.00,'2013-06-01','403/13','',180,'2013-08-20','2014-02-17'),(82,82,32,'17/13','2013-08-02',980237.32,'2013-05-01','359/13','359/13',60,'2013-06-28','2013-08-28'),(83,83,41,'1','2013-01-01',68558.00,'2013-01-01','','',60,'2013-08-06','2013-10-05'),(84,84,42,'2','2013-01-01',2819849.50,'2013-01-01','','',210,'2013-05-27','2013-12-23'),(85,85,43,'3','2013-01-01',514295.00,'2013-01-01','','',90,'2013-08-08','2013-06-11'),(86,86,44,'4','2013-01-01',538805.00,'2013-01-01','','',150,'2013-05-22','2013-10-19'),(87,87,45,'5','2013-01-01',3805584.00,'2013-01-01','','',300,'2013-03-14','2014-01-08'),(88,88,46,'6','2013-01-01',3244635.19,'2013-01-01','','',210,'2012-09-20','2013-06-02'),(89,89,47,'7','2013-01-01',1771141.00,'2013-01-01','','',210,'2013-06-10','2014-01-06'),(90,90,36,'8','2013-01-01',4549900.00,'2013-01-01','','',270,'2013-04-15','2014-01-10'),(91,91,48,'9','2013-01-01',5873479.00,'2013-01-01','','',330,'2013-06-10','2014-05-06'),(92,92,42,'10','2013-01-01',9161337.00,'2013-01-01','','',420,'0000-00-00','0000-00-00'),(93,93,49,'11','2013-01-01',11590000.00,'2013-01-01','','',360,'2013-07-12','2014-07-07'),(94,94,50,'12','2013-01-01',102890.00,'2013-01-01','','',60,'2013-09-02','2013-11-01'),(95,95,49,'13','2013-01-01',2315804.00,'2013-01-01','','',300,'2013-03-12','2014-01-06'),(96,96,51,'14','2013-01-01',4050000.00,'2013-01-01','','',270,'2013-01-02','2013-09-29'),(97,97,48,'15','2013-01-01',9955204.49,'2013-01-01','','',360,'2013-06-14','2014-06-09'),(98,98,52,'16','2013-01-01',3370640.97,'2013-01-01','','',315,'2012-10-05','2013-10-01'),(99,99,53,'17','2013-01-01',7197781.55,'2013-01-01','','',240,'2013-05-17','2014-01-12'),(100,100,54,'18','2013-01-01',4331488.00,'2013-01-01','','',240,'2013-03-14','2013-11-09'),(101,101,54,'19','2013-01-01',6096260.00,'2013-01-01','','',300,'2013-04-25','2014-02-19'),(102,102,55,'20','2013-01-01',326900.00,'2013-01-01','','',60,'2013-09-11','2013-11-10'),(103,103,56,'21','2013-01-01',223900.00,'2013-01-01','','',60,'2013-09-05','2013-11-04'),(104,104,20,'22','2013-01-01',6913766.55,'2013-01-01','','',240,'2013-01-01','2013-08-30'),(105,105,57,'23','2013-01-01',135980.00,'2013-01-01','','',60,'2013-09-16','2013-11-15'),(106,106,58,'','2011-01-01',67888175.43,'2011-01-01','','',540,'2011-01-01','2012-06-25'),(107,107,59,'056/07','2007-03-30',50750065.60,'2006-08-01','957/06','166/07',730,'2007-06-21','2009-06-20'),(108,108,60,'150/08','2008-12-02',42609783.40,'2007-05-01','0671/07','0751/08',540,'2009-01-15','2010-07-14'),(109,109,61,'095/07','2007-07-13',12919101.02,'2006-12-01','','518/07',540,'2007-09-24','2009-01-04'),(110,110,62,'075/08','2008-06-03',49891768.67,'2007-09-01','076/08','076/08',720,'2008-10-01','2010-10-01'),(111,111,30,'096/07','2007-02-01',23642954.72,'2007-02-01','0361/07','0539/07',670,'2007-09-24','2010-01-04'),(112,112,63,'0140/11','2011-11-18',3540503.37,'2011-01-01','0246/11','1108/11',180,'2012-01-03','2012-07-03'),(113,113,64,'050/12','2010-08-01',20459017.33,'2010-08-01','1045/10','036/12',270,'2012-04-01','2012-12-31'),(114,114,5,'093/12','2012-06-12',1252000.00,'2012-04-01','0353/12','0417/12',360,'2012-06-22','2013-06-21'),(115,115,30,'0091/12','2012-05-31',3950248.67,'2012-02-01','0255/12','0375/12',540,'2012-06-16','2013-12-17'),(116,116,34,'0089/12','2012-02-01',1298324.56,'2012-02-01','0347/12','0446/12',120,'2012-06-11','2012-10-08'),(117,117,24,'0136/12','2012-10-24',756899.87,'2012-02-01','0423/12','0760/12',120,'2012-11-02','2013-03-02'),(118,118,65,'0137/12','2012-10-23',3998880.00,'2012-06-01','0574/12','0761/12',210,'2012-12-01','2013-06-29'),(119,119,5,'0002/13','2012-09-01',3538577.49,'2012-09-01','0713/12','0913/12',365,'2012-12-17','2013-12-16'),(120,120,5,'0001/13','2012-09-01',1674923.28,'2012-09-01','0714/12','0917/12',365,'2012-12-17','2013-12-16'),(121,121,26,'0030/13','2013-01-21',2248214.87,'2012-07-01','0751/12','0997/12',120,'2013-02-01','2013-05-31'),(122,122,34,'0046/13','2012-11-01',589050.00,'2012-11-01','0971/12','0090/13',210,'2013-03-15','2013-10-17'),(123,123,26,'0047/13','2013-03-11',562100.00,'2012-11-01','0972/12','0089/13',210,'2013-03-14','2013-10-13'),(124,124,66,'054/13','2013-03-20',5416618.87,'2010-06-01','','127/13',240,'2013-05-06','2013-01-06'),(125,125,67,'0073/13','2013-05-30',921166.68,'2013-02-01','0230/13','0344/13',90,'2013-06-10','2013-09-10'),(126,126,26,'093/13','2013-07-23',482400.00,'2013-03-01','0396/13','0528/13',150,'2013-08-01','2013-10-31'),(127,127,65,'092/13','2013-07-24',794400.00,'2013-07-24','','0530/13',90,'2013-08-01','2013-10-31'),(128,128,68,'0109/13','2013-09-11',15919972.09,'2013-09-11','0346/13','0603/13',180,'2013-09-11','2014-03-11'),(129,129,5,'','2014-01-01',3958997.40,'2013-03-01','0467/13','0773/13',180,'2014-01-01','2014-07-01'),(130,130,67,'','2014-01-01',0.00,'2014-01-01','','',180,'2014-01-01','2014-07-01'),(131,131,69,'','2014-01-01',0.00,'2014-01-01','','',240,'2014-01-01','2014-08-30'),(132,132,70,'','2010-08-01',678000.00,'2010-08-01','','',180,'2011-03-10','2011-01-29'),(133,133,71,'','2010-10-01',195000.00,'2010-10-01','','',150,'2010-10-29','2011-03-01'),(134,134,72,'','2011-03-01',248787.00,'2011-03-01','','',90,'2012-01-19','2011-05-31'),(135,135,73,'','2013-03-01',22000.00,'2013-03-01','','',45,'2013-04-22','2013-04-16'),(136,136,74,'','2013-04-01',286000.00,'2013-04-01','','',540,'2013-04-01','2014-09-24'),(137,137,75,'','2013-08-01',0.00,'2013-08-01','','',240,'2013-08-01','2014-03-30'),(138,138,76,'','2013-06-01',0.00,'2013-06-01','','',180,'2013-06-01','2013-11-29'),(139,139,94,'178','2006-12-14',129989035.41,'2005-11-01','2181/05','2154/06',720,'2007-01-08','2014-01-28'),(140,140,95,'197','2012-07-10',4595469.72,'2011-10-01','232/11','1219/12',300,'2012-08-22','2013-06-17'),(141,141,95,'213','2013-05-28',1109794.20,'2013-01-01','007/13','0054/13',90,'2013-07-16','2013-10-13'),(142,142,96,'204','2012-12-26',81580.84,'2012-09-01','0056/12','0072/12',30,'2013-01-02','2013-01-31'),(143,143,97,'210','2013-04-30',538078.57,'2012-11-01','0074/12','0031/13',60,'2013-05-23','2013-07-21'),(144,144,32,'211','2012-05-03',586489.25,'2013-01-01','006/13','0032/13',60,'2013-05-22','2013-07-20'),(145,145,32,'212','2013-05-03',724199.09,'2013-01-01','008/13','0033/13',60,'2013-05-22','2013-07-20'),(146,146,5,'208','2013-04-23',566778.00,'2012-12-01','0067/12','0016/13',60,'2013-05-02','2013-06-30'),(147,147,26,'216','2013-09-19',2592789.08,'2013-06-01','65/13','1601/13',150,'2013-09-25','2014-02-21'),(148,148,96,'207','2013-03-25',323881.64,'2012-11-01','064/12','0013/13',30,'2013-04-12','2013-05-11'),(149,149,97,'206','2013-03-13',720737.20,'2012-11-01','068/12','014/13',60,'2013-03-25','2013-05-23'),(150,150,98,'214','2013-06-06',499654.05,'2013-02-01','011/13','061/13',60,'2013-06-12','2013-08-10'),(151,151,99,'196','2012-03-21',1889785.40,'2011-03-01','051/11','282/11',300,'2012-05-02','2013-02-25'),(152,152,100,'215','2013-06-17',612887.00,'2013-02-01','12/13','0071/13',60,'2013-06-20','2013-08-18'),(153,153,96,'205','2013-03-14',1344803.31,'2012-09-01','0058/12','017/13',60,'2013-04-05','2013-06-03'),(154,154,101,'209','2013-04-25',554682.00,'2012-11-01','060/12','0023/13',120,'2013-06-03','2013-09-30'),(155,167,103,'1','2009-10-15',5695181.67,'2009-10-15','','',300,'2009-11-11','2010-09-07'),(156,168,104,'2','2013-08-23',1358156.99,'2013-08-23','','',365,'2013-09-05','2014-09-05'),(157,169,104,'3','2013-08-23',2106560.77,'2013-08-23','','',365,'2013-09-05','2014-09-05'),(158,170,58,'4','2011-01-12',67888175.43,'2011-01-12','','',540,'2011-02-01','2012-07-25'),(159,171,105,'5','2012-10-15',4534804.64,'2012-10-15','','',300,'2012-12-03','2013-09-29'),(160,172,105,'6','1900-01-00',6385179.71,'1900-01-00','','',210,'2013-09-09','2014-04-06'),(161,173,106,'7','2013-03-13',17990070.72,'2013-03-13','','',540,'2013-04-10','2014-10-01'),(162,174,28,'8','2010-03-09',9984972.15,'2010-03-09','','',240,'2012-10-26','2013-06-22'),(163,175,107,'9','2010-07-08',13798088.58,'2010-07-08','','',365,'2010-09-13','2011-09-12'),(164,178,108,'1','2013-01-04',131126.50,'2013-01-04','','',0,'2013-01-15','2013-04-03'),(165,179,54,'2','2013-01-17',206975.00,'2013-01-17','','',0,'2013-01-25','2013-04-25'),(166,180,109,'3','2013-01-24',1694932.25,'2013-01-24','','',0,'2013-02-04','2013-04-30'),(167,181,110,'4','2013-02-04',1995421.59,'2013-02-04','','',0,'2013-04-12','2013-06-30'),(168,182,111,'5','2013-02-04',1266501.60,'2013-02-04','','',0,'2013-02-25','2013-04-26'),(169,183,112,'6','2013-02-21',458800.00,'2013-02-21','','',120,'2013-03-08','2013-10-04'),(170,184,32,'7','2013-03-07',638415.46,'2013-03-07','','',0,'2013-03-22','2013-07-20'),(171,185,110,'8','2013-02-27',1535848.99,'2013-02-27','','',0,'2013-04-14','2013-07-11'),(172,186,98,'9','2013-03-18',2237450.00,'2013-03-18','','',0,'2013-04-22','2013-08-20'),(173,187,113,'10','2013-03-20',1479520.68,'2013-03-20','','',0,'2013-03-20','2013-06-18'),(174,188,4,'11','2013-03-20',942289.71,'2013-03-20','','',0,'2013-05-10','2013-08-08'),(175,189,114,'12','2013-04-10',824204.79,'2013-04-10','','',0,'2013-04-15','2013-07-14'),(176,190,42,'13','2013-04-03',338291.60,'2013-04-03','','',0,'2013-04-04','2013-05-04'),(177,191,115,'14','2013-04-10',928953.09,'2013-04-10','','',60,'2013-04-24','2013-09-24'),(178,192,116,'15','2013-03-20',92206.40,'2013-03-20','','',35,'2013-03-20','2013-04-24'),(179,193,109,'16','2013-04-26',1900155.98,'2013-04-26','','',90,'2013-05-03','2013-08-01'),(180,194,98,'17','2013-05-20',2201151.00,'2013-05-20','','',60,'2013-05-21','2013-07-20'),(181,195,110,'18','2013-05-23',1996322.96,'2013-05-23','','',90,'2013-05-29','2013-08-27'),(182,196,110,'19','2013-05-23',1709811.10,'2013-05-23','','',90,'2013-05-29','2013-08-27'),(183,197,98,'20','2013-05-30',788536.90,'2013-05-30','','',60,'2013-06-19','2013-08-18'),(184,198,105,'21','2013-05-27',1151324.03,'2013-05-27','','',90,'2013-06-10','2013-09-08'),(185,199,117,'22','2013-05-30',123977.19,'2013-05-30','','',90,'2013-05-30','2013-08-28'),(186,200,98,'23','2013-07-30',1158667.67,'2013-07-30','','',60,'2013-07-30','2013-09-28'),(187,201,98,'24','2013-06-23',1111958.37,'2013-06-23','','',60,'2013-07-30','2013-09-28'),(188,202,42,'25','2013-05-13',647455.58,'2013-05-13','','',30,'2013-05-13','2013-06-12'),(189,203,118,'26','2013-05-31',289363.72,'2013-05-31','','',60,'1900-01-00','1900-01-00'),(190,204,97,'27','2013-07-04',2167820.37,'2013-07-04','','',90,'2013-07-10','2013-10-08'),(191,205,98,'28','2013-07-05',2671471.72,'2013-07-05','','',90,'2013-08-20','2013-11-18'),(192,206,119,'29','2013-07-04',696547.64,'2013-07-04','','',90,'2013-07-10','2013-10-08'),(193,207,21,'30','2013-07-04',1462555.50,'2013-07-04','','',90,'2013-08-16','2013-11-14'),(194,208,111,'31','2013-07-11',3790608.09,'2013-07-11','','',120,'2013-07-11','2013-11-08'),(195,209,98,'32','2013-07-12',2959947.18,'2013-07-12','','',120,'2013-07-25','0000-00-00'),(196,210,110,'33','2013-07-24',849819.00,'2013-07-24','','',45,'2013-07-10','2013-08-24'),(197,211,110,'34','2013-08-02',3451633.40,'2013-08-02','','',90,'2013-08-20','2013-11-18'),(198,212,110,'35','2013-08-02',1998160.00,'2013-08-02','','',45,'2013-08-16','2013-09-30'),(199,213,42,'36','2013-08-05',1379727.58,'2013-08-05','','',90,'2013-08-07','2013-11-05'),(200,214,120,'37','2013-06-28',447700.00,'2013-06-28','','',150,'2013-06-28','2013-11-25'),(201,215,21,'38','2013-08-12',933516.00,'2013-08-12','','',30,'2013-08-20','2013-09-19'),(202,216,114,'39','2013-08-14',911979.04,'2013-08-14','','',90,'2013-08-15','2013-11-13'),(203,217,110,'40','2013-08-20',2323750.52,'2013-08-20','','',90,'2013-08-20','2013-11-18'),(204,218,45,'41','2013-08-16',1994278.00,'2013-08-16','','',180,'2013-08-21','2013-02-17'),(205,219,116,'42','2013-08-30',247378.00,'2013-08-30','','',45,'2013-09-26','2013-10-14'),(206,220,121,'43','2013-09-12',95392.53,'2013-09-12','','',60,'2013-09-18','2013-11-18'),(207,221,113,'44','2013-09-25',1716020.90,'2013-09-25','','',90,'2013-09-30','2013-12-29'),(208,222,122,'45','2013-09-26',202067.82,'2013-09-26','','',60,'1900-01-00','1900-01-00'),(209,223,123,'46','2013-08-12',472628.75,'2013-08-12','','',90,'2013-08-15','2013-11-13'),(210,224,109,'47','2013-08-09',1666374.52,'2013-08-09','','',90,'2013-08-09','2013-11-13'),(211,239,124,'1','2012-02-01',25024638.82,'2012-02-01','','',450,'2012-02-01','2013-04-26'),(212,240,125,'2','2012-03-01',11913635.10,'2011-11-01','','',0,'2012-03-01','2012-03-01'),(213,241,28,'3','2012-06-01',52483257.00,'2012-06-01','','',540,'2012-06-01','2013-12-31'),(214,242,126,'4','2012-05-01',1519444.05,'2012-05-01','','',270,'2012-05-01','2013-01-26'),(215,243,48,'5','2013-01-01',46291255.10,'2013-01-01','','',0,'2013-01-01','2013-01-01'),(216,244,28,'6','2012-08-01',38016000.00,'2012-08-01','','',540,'2012-08-01','2014-01-23'),(217,245,45,'7','2012-08-01',7141357.50,'2012-08-01','','',360,'2012-08-01','2013-07-27'),(218,246,20,'8','2013-06-01',9709527.29,'2013-06-01','','',360,'2013-06-01','2014-05-27'),(219,247,48,'9','2013-07-01',15236044.05,'2013-07-01','','',360,'2013-07-01','2014-06-26'),(220,248,127,'10','2013-01-01',9940555.56,'2013-01-01','','',360,'2013-01-01','2013-12-27'),(221,249,128,'11','2013-05-01',12348091.12,'2013-05-01','','',360,'2013-05-01','2014-04-26'),(222,250,126,'12','1900-01-00',1163669.40,'1900-01-00','','',0,'1900-01-00','1900-01-00'),(223,251,129,'13','2012-01-01',12393820.31,'2011-06-01','','',365,'2012-01-01','2012-12-31');
/*!40000 ALTER TABLE `contrato` ENABLE KEYS */;
UNLOCK TABLES;

--
-- Table structure for table `contratoplazo`
--

DROP TABLE IF EXISTS `contratoplazo`;
/*!40101 SET @saved_cs_client     = @@character_set_client */;
/*!40101 SET character_set_client = utf8 */;
CREATE TABLE `contratoplazo` (
  `IdContratoPlazo` int(10) unsigned NOT NULL AUTO_INCREMENT,
  `IdContrato` int(10) unsigned NOT NULL,
  `CantidadDias` int(5) unsigned NOT NULL,
  `NuevaFechaFinalizacion` date NOT NULL,
  `NormaLegalAprobacion` varchar(10) COLLATE utf8_spanish_ci NOT NULL,
  PRIMARY KEY (`IdContratoPlazo`),
  KEY `fk_contratoplazo_contrato` (`IdContrato`),
  CONSTRAINT `fk_contratoplazo_contrato` FOREIGN KEY (`IdContrato`) REFERENCES `contrato` (`IdContrato`) ON DELETE NO ACTION ON UPDATE NO ACTION
) ENGINE=InnoDB AUTO_INCREMENT=78 DEFAULT CHARSET=utf8 COLLATE=utf8_spanish_ci;
/*!40101 SET character_set_client = @saved_cs_client */;

--
-- Dumping data for table `contratoplazo`
--

LOCK TABLES `contratoplazo` WRITE;
/*!40000 ALTER TABLE `contratoplazo` DISABLE KEYS */;
INSERT INTO `contratoplazo` VALUES (1,1,54,'2011-04-28','444/11'),(2,13,256,'2013-05-10','056/13'),(3,28,0,'2012-05-28',''),(4,29,0,'2012-08-09',''),(5,30,0,'2012-04-02',''),(6,31,60,'2012-01-08','162/12'),(7,32,45,'2012-01-06',''),(8,33,0,'2013-04-30',''),(9,34,510,'2013-02-05',''),(10,35,0,'2012-02-21',''),(11,36,0,'2012-03-12',''),(12,37,60,'2012-08-21',''),(13,39,145,'2011-12-03','641/11'),(14,40,90,'2012-06-02',''),(15,41,45,'2012-10-20',''),(16,42,165,'2013-12-05',''),(17,43,105,'2011-06-16',''),(18,45,0,'2012-01-21',''),(19,46,552,'2013-07-10',''),(20,47,0,'2012-07-15',''),(21,48,0,'2012-08-09',''),(22,49,0,'2009-02-22',''),(23,50,0,'2010-12-27',''),(24,51,0,'2011-08-09',''),(25,52,0,'2012-06-05',''),(26,54,30,'2013-05-10',''),(27,57,0,'2013-01-29',''),(28,58,0,'2013-04-15',''),(29,59,0,'2012-12-31',''),(30,60,0,'2013-04-14',''),(31,61,60,'2012-11-12',''),(32,62,0,'2012-08-07',''),(33,63,0,'2012-02-19',''),(34,64,45,'2012-10-11',''),(35,65,45,'2012-10-20','659/12'),(36,66,0,'2012-10-20',''),(37,67,0,'2013-01-16',''),(38,68,0,'2013-05-07',''),(39,69,0,'2014-01-02',''),(40,70,0,'2013-09-29',''),(41,71,0,'2013-05-22',''),(42,72,0,'2013-06-16',''),(43,73,0,'2013-12-08',''),(44,74,0,'2013-09-29',''),(45,75,0,'2013-06-11',''),(46,76,0,'2013-10-08',''),(47,77,0,'2014-02-11',''),(48,78,0,'2014-02-03',''),(49,79,0,'2014-02-17',''),(50,80,0,'2013-09-25',''),(51,81,0,'2014-02-15',''),(52,107,120,'2009-10-21','0557/08'),(53,108,16,'2010-07-31','0850/09'),(54,109,60,'2012-05-14','128/12'),(55,110,240,'2011-08-11','0690/10'),(56,111,90,'2012-07-15','0338/12'),(57,112,90,'2013-09-06','0744/13'),(58,113,60,'2013-03-01','0047/13'),(59,116,0,'2013-01-22','0866/12'),(60,107,60,'2009-12-21','0675/09'),(61,108,60,'2010-09-30','0201/10'),(62,109,90,'2013-03-22','028/13'),(63,110,120,'2012-07-27','496/12'),(64,107,90,'2010-03-21','1157/09'),(65,108,30,'2010-10-30','0432/10'),(66,110,120,'2013-07-02','0044/13'),(67,107,90,'2010-06-19','0267/10'),(68,108,90,'2011-01-31','1230/10'),(69,110,90,'2013-09-17','0623/13'),(70,107,120,'2012-02-28','0964/11'),(71,108,60,'2011-03-31','0243/10'),(72,107,120,'2012-06-30','0135/12'),(73,108,100,'2012-03-31','0245/12'),(74,14,120,'2013-08-23','174/13'),(75,14,90,'2013-11-21','404/13'),(76,169,90,'2013-10-04',''),(77,223,365,'2012-12-31','');
/*!40000 ALTER TABLE `contratoplazo` ENABLE KEYS */;
UNLOCK TABLES;

--
-- Table structure for table `estadoobra`
--

DROP TABLE IF EXISTS `estadoobra`;
/*!40101 SET @saved_cs_client     = @@character_set_client */;
/*!40101 SET character_set_client = utf8 */;
CREATE TABLE `estadoobra` (
  `IdEstadoObra` int(10) unsigned NOT NULL AUTO_INCREMENT,
  `Descripcion` varchar(50) COLLATE utf8_spanish_ci NOT NULL,
  PRIMARY KEY (`IdEstadoObra`)
) ENGINE=InnoDB AUTO_INCREMENT=14 DEFAULT CHARSET=utf8 COLLATE=utf8_spanish_ci;
/*!40101 SET character_set_client = @saved_cs_client */;

--
-- Dumping data for table `estadoobra`
--

LOCK TABLES `estadoobra` WRITE;
/*!40000 ALTER TABLE `estadoobra` DISABLE KEYS */;
INSERT INTO `estadoobra` VALUES (1,'EN PROYECTO'),(2,'A LICITAR'),(3,'EN TRÁMITE DE LICITACIÓN'),(4,'EN TRÁMITE DE ADJUDICACIÓN'),(5,'A INICIAR'),(6,'EN EJECUCIÓN'),(7,'PARALIZADA'),(8,'FINALIZADA'),(9,'EN TRÁMITE DE RECEPCIÓN PROVISORIA'),(10,'EN GARANTÍA'),(11,'EN TRÁMITE DE RECEPCIÓN DEFINITIVA'),(12,'CON RECEPCIÓN DEFINITIVA'),(13,'RESCINDIDA');
/*!40000 ALTER TABLE `estadoobra` ENABLE KEYS */;
UNLOCK TABLES;

--
-- Table structure for table `fuentefinanciamiento`
--

DROP TABLE IF EXISTS `fuentefinanciamiento`;
/*!40101 SET @saved_cs_client     = @@character_set_client */;
/*!40101 SET character_set_client = utf8 */;
CREATE TABLE `fuentefinanciamiento` (
  `IdFuenteFinanciamiento` int(10) unsigned NOT NULL AUTO_INCREMENT,
  `CodigoFufi` varchar(4) COLLATE utf8_spanish_ci NOT NULL,
  `Descripcion` varchar(255) COLLATE utf8_spanish_ci NOT NULL,
  PRIMARY KEY (`IdFuenteFinanciamiento`)
) ENGINE=InnoDB AUTO_INCREMENT=27 DEFAULT CHARSET=utf8 COLLATE=utf8_spanish_ci;
/*!40101 SET character_set_client = @saved_cs_client */;

--
-- Dumping data for table `fuentefinanciamiento`
--

LOCK TABLES `fuentefinanciamiento` WRITE;
/*!40000 ALTER TABLE `fuentefinanciamiento` DISABLE KEYS */;
INSERT INTO `fuentefinanciamiento` VALUES (1,'2112','RECURSOS PROPIOS DE ORGANISMOS DESCENTRALIZADOS'),(2,'4650','FONDO ESPECIAL DESARROLLO ELECTRICO DEL INTERIOR - FEDEI - LEY 23966'),(3,'3615','LEY 2615 - CTA. CANON RENEGOCIACION 85%'),(4,'6120','TICAP - OBRAS FINANCIADAS'),(5,'5381','PRO.A.R.SA. - ENHOSA - PROGRAMA DE ASISTENCIA EN AREAS CON RIESGO SANITARIO'),(6,'4373','LEY 24073 - NBI GANANCIAS - OBRAS INFRAESTRUCTURA B. SOCIAL'),(7,'UPEF','FUFI SIN DESCRIPCION'),(8,'5454','CONVENIO SEC. DE RECURSOS HIDRICOS DE LA NACION - PROV. NQN'),(9,'5456','FONDO FEDERAL SOLIDARIO - DECRETO P.E.N. N° 206/09'),(10,'1111','RENTAS GENERALES - T.G.P.'),(11,'3484','CONVENIO INSTITUTO PROVINCIAL DE JUEGOS DE AZAR'),(12,'6134','TICAFO'),(13,'5471','FUFI SIN DESCRIPCION'),(14,'3613','LEY 2613 -  FONDO HIDRICO PROVINCIAL'),(15,'6105','BONOS LEY 2105 - REMANENTE DE EJERCICIOS ANTERIORES'),(16,'5360','FONDOS PROMEDU - PROGRAMA DE APOYO A LA POLITICA DE MEJORAMIENTO DE LA EQUIDAD EDUCATIVA'),(17,'8117','BID 1956 OC-AR Y BIRF 7597/AR - PROSAP II'),(18,'1115','CONTRAPARTE PROVINCIAL - T.G.P.'),(19,'8109','PROGRAMA DE INFRAESTRUCTURA VIAL PROVINCIAL (PINVIP) - BIRF 7301-AR'),(20,'5344','PIIE - PROGRAMA INTEGRAL PARA LA IGUALDAD EDUCATIVA'),(21,'8108','PROGRAMA SERVICIOS BASICOS MUNICIPALES BIRF 7385/AR'),(22,'5113','PROGRAMA DE OBRAS MENORES DE SANEAMIENTO - PROAS'),(23,'8113','BID 1895 OC/AR PROGRAMA DE OBRAS MENORES DE SANEAMIENTO - PROAS'),(24,'4372','FO.NA.VI. - LEY 23966 y 24464'),(25,'5375','PROGRAMA TECHO DIGNO'),(26,'5376','PROGRAMA MEJOR VIVIR');
/*!40000 ALTER TABLE `fuentefinanciamiento` ENABLE KEYS */;
UNLOCK TABLES;

--
-- Table structure for table `ingreso`
--

DROP TABLE IF EXISTS `ingreso`;
/*!40101 SET @saved_cs_client     = @@character_set_client */;
/*!40101 SET character_set_client = utf8 */;
CREATE TABLE `ingreso` (
  `IdIngreso` int(10) unsigned NOT NULL AUTO_INCREMENT,
  `IdUsuario` int(10) unsigned NOT NULL,
  `Ip` varchar(20) COLLATE utf8_spanish_ci NOT NULL,
  `FechaHoraLogin` datetime NOT NULL,
  `FechaHoraLogout` datetime DEFAULT NULL,
  PRIMARY KEY (`IdIngreso`),
  KEY `fk_ingreso_usuario` (`IdUsuario`),
  CONSTRAINT `fk_ingreso_usuario` FOREIGN KEY (`IdUsuario`) REFERENCES `usuario` (`IdUsuario`) ON DELETE NO ACTION ON UPDATE NO ACTION
) ENGINE=InnoDB AUTO_INCREMENT=33 DEFAULT CHARSET=utf8 COLLATE=utf8_spanish_ci;
/*!40101 SET character_set_client = @saved_cs_client */;

--
-- Dumping data for table `ingreso`
--

LOCK TABLES `ingreso` WRITE;
/*!40000 ALTER TABLE `ingreso` DISABLE KEYS */;
INSERT INTO `ingreso` VALUES (1,5,'127.0.0.1','2013-11-07 14:22:07','2013-11-07 14:26:53'),(2,5,'127.0.0.1','2013-11-07 14:26:53','2013-11-07 14:28:33'),(3,5,'127.0.0.1','2013-11-07 14:43:57','2013-11-07 16:27:28'),(4,5,'127.0.0.1','2013-11-07 16:27:29','2013-11-13 18:47:21'),(5,5,'127.0.0.1','2013-11-13 18:47:21',NULL),(6,1,'127.0.0.1','2013-11-14 18:41:56','2013-11-15 12:17:37'),(7,2,'127.0.0.1','2013-11-20 13:50:38','2013-11-21 15:12:22'),(8,1,'127.0.0.1','2013-11-20 17:21:18','2013-11-20 19:20:53'),(9,9,'127.0.0.1','2013-11-20 19:21:00','2013-11-20 19:21:28'),(10,1,'127.0.0.1','2013-11-20 19:21:42','2013-11-20 19:35:04'),(11,9,'127.0.0.1','2013-11-20 19:35:11','2013-11-21 14:15:07'),(12,2,'127.0.0.1','2013-11-21 15:12:22','2013-11-21 15:12:27'),(13,9,'127.0.0.1','2013-11-21 15:12:33','2013-11-21 15:29:50'),(14,2,'127.0.0.1','2013-11-21 15:29:54','2013-11-21 16:59:12'),(15,1,'127.0.0.1','2013-11-21 16:59:24','2013-11-21 17:10:46'),(16,9,'127.0.0.1','2013-11-21 17:10:53','2013-11-21 17:12:53'),(17,1,'127.0.0.1','2013-11-21 17:15:59','2013-11-21 17:17:25'),(18,9,'127.0.0.1','2013-11-21 17:17:30','2013-11-21 17:18:08'),(19,1,'127.0.0.1','2013-11-21 17:18:16','2013-11-26 12:51:58'),(20,2,'127.0.0.1','2013-11-22 12:52:20','2013-12-02 14:13:42'),(21,1,'127.0.0.1','2013-11-26 12:51:58','2013-11-27 13:25:19'),(22,1,'127.0.0.1','2013-11-27 13:25:19','2013-11-27 13:51:58'),(23,1,'127.0.0.1','2013-11-27 16:35:22','2013-11-28 16:23:25'),(24,1,'127.0.0.1','2013-11-28 16:23:25','2013-11-29 14:10:03'),(25,1,'127.0.0.1','2013-11-29 14:10:03','2013-11-29 15:39:08'),(26,1,'127.0.0.1','2013-11-29 16:16:10','2013-11-29 16:20:17'),(27,1,'127.0.0.1','2013-11-29 16:20:25','2013-11-29 18:53:22'),(28,1,'127.0.0.1','2013-11-29 19:34:29','2013-12-02 12:50:14'),(29,1,'127.0.0.1','2013-12-02 12:50:14','2013-12-02 14:13:37'),(30,2,'127.0.0.1','2013-12-02 14:13:42','2013-12-02 14:14:28'),(31,28,'127.0.0.1','2013-12-02 14:14:38','2013-12-02 14:15:47'),(32,28,'127.0.0.1','2013-12-02 14:15:52',NULL);
/*!40000 ALTER TABLE `ingreso` ENABLE KEYS */;
UNLOCK TABLES;

--
-- Table structure for table `localidad`
--

DROP TABLE IF EXISTS `localidad`;
/*!40101 SET @saved_cs_client     = @@character_set_client */;
/*!40101 SET character_set_client = utf8 */;
CREATE TABLE `localidad` (
  `IdLocalidad` int(10) unsigned NOT NULL AUTO_INCREMENT,
  `Nombre` varchar(100) COLLATE utf8_spanish_ci NOT NULL,
  `CodigoPostal` varchar(8) COLLATE utf8_spanish_ci NOT NULL,
  `Aniversario` date DEFAULT NULL,
  PRIMARY KEY (`IdLocalidad`)
) ENGINE=InnoDB AUTO_INCREMENT=425 DEFAULT CHARSET=utf8 COLLATE=utf8_spanish_ci;
/*!40101 SET character_set_client = @saved_cs_client */;

--
-- Dumping data for table `localidad`
--

LOCK TABLES `localidad` WRITE;
/*!40000 ALTER TABLE `localidad` DISABLE KEYS */;
INSERT INTO `localidad` VALUES (1,'ACHICO','8315',NULL),(2,'AGRIO BALSA','8351',NULL),(3,'AGUADA CHACAY CO','8353',NULL),(4,'AGUADA FLORENCIO','8340',NULL),(5,'AGUADA SAN ROQUE','8305',NULL),(6,'AGUAS DE LAS MULAS','8349',NULL),(7,'ALIANZA','8373',NULL),(8,'ALICURA','8403',NULL),(9,'ALUMINE','8345',NULL),(10,'ANDACOLLO','8353',NULL),(11,'AÑELO','8305',NULL),(12,'ANQUINCO','8353',NULL),(13,'ARROYITO','8313',NULL),(14,'ARROYITO CHALLACO','8313',NULL),(15,'ARROYO BLANCO','8353',NULL),(16,'ARROYO CAHUNCO','8347',NULL),(17,'ARROYO QUILLEN','8341',NULL),(18,'ARROYO RANQUILCO','8347',NULL),(19,'ATREUCO','8371',NULL),(20,'AUCA MAHUIDA','8305',NULL),(21,'AUCA PAN','8373',NULL),(22,'BAJADA COLORADA','8315',NULL),(23,'BAJADA DE LOS MOLLES','8340',NULL),(24,'BAJADA DEL AGRIO','8351',NULL),(25,'BAJADA DEL MARUCHO','8340',NULL),(26,'BALNEARIO DEL RIO AGRIO','8351',NULL),(27,'BALSA DEL RIO AGRIO','8351',NULL),(28,'BALSA SENILLOSA','8316',NULL),(29,'BARDA ANGUIL','8340',NULL),(30,'BARDA NEGRA','8340',NULL),(31,'BARRANCAS','8353',NULL),(32,'BATRE LAUQUEN','8353',NULL),(33,'BELLA VISTA','8353',NULL),(34,'BUENA ESPERANZA','8360',NULL),(35,'BUTA CO','8353',NULL),(36,'BUTA MALLIN','8353',NULL),(37,'BUTA RANQUIL','8353',NULL),(38,'BUTALON','8353',NULL),(39,'CAEPE MALAL','8353',NULL),(40,'CAICHIHUE','8340',NULL),(41,'CAJON DE ALMAZA','8349',NULL),(42,'CAJON DE LOS PATOS','8349',NULL),(43,'CAJON DE MANZANO','8349',NULL),(44,'CAJON DEL TORO','8347',NULL),(45,'CAJON GRANDE','8353',NULL),(46,'CALEUFU','8373',NULL),(47,'CALIHUE','8347',NULL),(48,'CAMALEONES','8353',NULL),(49,'CAMINERA','8370',NULL),(50,'CAMINERA TRAFUL','8403',NULL),(51,'CAMPAMENTO SOL','8319',NULL),(52,'CAÑADA SECA','8353',NULL),(53,'CAÑADON DE LOS INDIOS','8375',NULL),(54,'CAÑADON DEL INDIO','8375',NULL),(55,'CANCHA HUINGANCO','8353',NULL),(56,'CARRAN CURA','8315',NULL),(57,'CARRERI','8347',NULL),(58,'CARRI LAUQUEN','8315',NULL),(59,'CARRI LIL','8345',NULL),(60,'CASA DE PIEDRA','8353',NULL),(61,'CATAN LIL','8341',NULL),(62,'CAVIAHUE','8349','1986-04-08'),(63,'CAYANTA','8353',NULL),(64,'CENTENARIO','8309',NULL),(65,'CERRO COLORADO','8347',NULL),(66,'CERRO DE LA GRASA','8347',NULL),(67,'CERRO DE LA PARVA','8349',NULL),(68,'CERRO DE LOS PINOS','8373',NULL),(69,'CERRO DEL LEON','8313',NULL),(70,'CERRO GATO','8375',NULL),(71,'CERRO NEGRO CHAPUA','8353',NULL),(72,'CERRO NEGRO TRICAO','8353',NULL),(73,'CHACABUCO','8373',NULL),(74,'CHACAY','8347',NULL),(75,'CHACAY CO','8353',NULL),(76,'CHACAY MELEHUE','8353',NULL),(77,'CHACAYCO','8340',NULL),(78,'CHACOYAL','8373',NULL),(79,'CHALLACO','8318',NULL),(80,'CHANQUIL QUILLA','8345',NULL),(81,'CHAPELCO','8370',NULL),(82,'CHAPUA','8353',NULL),(83,'CHAPUA ABAJO','8353',NULL),(84,'CHARAHUILLA','8341',NULL),(85,'CHENQUECURA','8349',NULL),(86,'CHICHIGUAY','8373',NULL),(87,'CHIMEHUIN','8373',NULL),(88,'CHINA MUERTA','8316',NULL),(89,'CHINCHINA','8373',NULL),(90,'CHIUQUILLIHUIN','8371',NULL),(91,'CHOCHOY MALLIN','8349',NULL),(92,'CHORRIACA','8351',NULL),(93,'CHOS MALAL','8353',NULL),(94,'COCHICO','8347',NULL),(95,'CODIHUE','8347',NULL),(96,'COIHUECO','8351',NULL),(97,'COLI MALAL','8351',NULL),(98,'COLIPILI','8349',NULL),(99,'COLLON CURA','8375',NULL),(100,'COLLUN CO','8371',NULL),(101,'CONFLUENCIA DEL AGUIJON','8351',NULL),(102,'COPAHUE','8349','1986-04-08'),(103,'CORRAL DE PIEDRA','8347',NULL),(104,'CORRENTOSO','8407',NULL),(105,'COSTA DEL ARROYO SALADO','8351',NULL),(106,'COSTA LIMAY','8315',NULL),(107,'COVUNCO','8340',NULL),(108,'COVUNCO ABAJO','8351',NULL),(109,'COVUNCO ARRIBA','8340',NULL),(110,'COVUNCO CENTRO','8351',NULL),(111,'COYUCO COCHICO','8353',NULL),(112,'CUCHILLO CURA','8347',NULL),(113,'CULLIN MANZANO','8401',NULL),(114,'CURA CO','8353',NULL),(115,'CURU  LEUVU','8353',NULL),(116,'CUTRAL CO','8322',NULL),(117,'EL ALAMITO','8353',NULL),(118,'EL ARBOLITO','8407',NULL),(119,'EL ATRAVESADO','8347',NULL),(120,'EL BOSQUE','8349',NULL),(121,'EL CERRITO','8370',NULL),(122,'EL CHINGUE','8353',NULL),(123,'EL CHOLAR','8353',NULL),(124,'EL CURILEO','8353',NULL),(125,'EL DORMIDO','8341',NULL),(126,'EL DURAZNO','8353',NULL),(127,'EL ESCORIAL','8347',NULL),(128,'EL GATO','8341',NULL),(129,'EL HUECU','8349','1933-02-01'),(130,'EL MACHETE','8407',NULL),(131,'EL MANZANO','8403',NULL),(132,'EL OASIS','8370',NULL),(133,'EL OVERO','8340',NULL),(134,'EL PALAO','8347',NULL),(135,'EL PERALITO','8351',NULL),(136,'EL PINO ANDINO','8349',NULL),(137,'EL PORTON','8353',NULL),(138,'EL PORVENIR','8370',NULL),(139,'EL SALADO','8351',NULL),(140,'EL SALITRAL','8375',NULL),(141,'EL SAUCE','8313',NULL),(142,'EL TROMEN','8353',NULL),(143,'EL TROPEZON','8340',NULL),(144,'ESPINAZO DEL ZORRO','8341',NULL),(145,'ESTANCIA LA PRIMAVERA','8403',NULL),(146,'ESTANCIA NEWBERY','8401',NULL),(147,'ESTANCIA TEQUEL MALAL','8401',NULL),(148,'FILMATUE','8353',NULL),(149,'FILO HUA HUM','8370',NULL),(150,'FLORES','8353',NULL),(151,'FORTIN 1 DE MAYO','8341',NULL),(152,'FORTIN GUAÑACOS','8353',NULL),(153,'FRANHUCURA','8351',NULL),(154,'GENTE GRANDE','8379',NULL),(155,'GOÑI CO','8340',NULL),(156,'GUAÑACOS','8353','1988-04-21'),(157,'HAICHOL','8347',NULL),(158,'HARAS PATRIA','8345',NULL),(159,'HAYCU','8349',NULL),(160,'HUA HUM','8370',NULL),(161,'HUALCUPEN','8349',NULL),(162,'HUANTRAICO','8353',NULL),(163,'HUARACO','8353',NULL),(164,'HUARENCHENQUE','8349',NULL),(165,'HUECHAHUE','8375',NULL),(166,'HUECHULAFQUEN','8371',NULL),(167,'HUILLILON','8347',NULL),(168,'HUINCA LU','8403',NULL),(169,'HUINGANCO','8353','1964-04-16'),(170,'HUITRIN','8353',NULL),(171,'HUMIGAMIO','8353',NULL),(172,'HUNCAL','8351',NULL),(173,'INVERNADA VIEJA','8353',NULL),(174,'ISLA VICTORIA','8400',NULL),(175,'JECANASCO','8353',NULL),(176,'JUARANCO','8353',NULL),(177,'JUNIN DE LOS ANDES','8371','1883-02-15'),(178,'KILCA CASA','8345',NULL),(179,'LA ANGOSTURA DE ICALMA','8345',NULL),(180,'LA ARAUCARIA','8401',NULL),(181,'LA ARBOLEDA','8341',NULL),(182,'LA ARGENTINA','8349',NULL),(183,'LA ATALAYA','8371',NULL),(184,'LA BUITRERA','8347',NULL),(185,'LA CIENAGA','8353',NULL),(186,'LA CIENEGUITA','8353',NULL),(187,'LA ESTACADA','8401',NULL),(188,'LA FORTUNA','8370',NULL),(189,'LA FRIA','8340',NULL),(190,'LA ISABEL','8340',NULL),(191,'LA LIPELA','8401',NULL),(192,'LA NEGRA','8375',NULL),(193,'LA OFELIA','8341',NULL),(194,'LA PATAGONIA','8340',NULL),(195,'LA PATRIA','8340',NULL),(196,'LA PICAZA','8340',NULL),(197,'LA PINTADA','8315',NULL),(198,'LA POCHOLA','8340',NULL),(199,'LA PORTEÑA','8347',NULL),(200,'LA PRIMAVERA','8353',NULL),(201,'LA RINCONADA','8375',NULL),(202,'LA SALADA','8353',NULL),(203,'LA SUSANA','8340',NULL),(204,'LA TERESA','8315',NULL),(205,'LA TERESA','8340',NULL),(206,'LA UNION','8371',NULL),(207,'LA VERDAD','8347',NULL),(208,'LAGO LOLOG','8370',NULL),(209,'LAGO ÑORQUINCO','8345',NULL),(210,'LAGO PULMARI','8345',NULL),(211,'LAGOTERA','8345',NULL),(212,'LAGUNA BLANCA','8340',NULL),(213,'LAGUNA MIRANDA','8340',NULL),(214,'LAJA','8341',NULL),(215,'LAPA','8341',NULL),(216,'LAPACHAL','8341',NULL),(217,'LAS ABEJAS','8353',NULL),(218,'LAS BANDURRIAS','8370',NULL),(219,'LAS BARDITAS','8340',NULL),(220,'LAS CHACRAS','8353',NULL),(221,'LAS COLORADAS','8341',NULL),(222,'LAS CORTADERAS','8340',NULL),(223,'LAS CORTADERAS','8353',NULL),(224,'LAS LAGUNAS','8353',NULL),(225,'LAS LAJAS','8347','1897-02-08'),(226,'LAS LAJITAS','8347',NULL),(227,'LAS MERCEDES','8373',NULL),(228,'LAS OVEJAS','8353',NULL),(229,'LAS PERLAS','8300',NULL),(230,'LAS SALADAS','8353',NULL),(231,'LAS TOSCAS','8347',NULL),(232,'LAS TRES LAGUNAS','8347',NULL),(233,'LASCAR','8370',NULL),(234,'LEUTO CABALLO','8353',NULL),(235,'LILEO','8353',NULL),(236,'LIMAY CENTRO','8313',NULL),(237,'LITRAN','8345',NULL),(238,'LIU CULLIN','8347',NULL),(239,'LLAMUCO','8347',NULL),(240,'LOLOG','8370',NULL),(241,'LOMA DE LA LATA','8300',NULL),(242,'LONCO LUAN','8345',NULL),(243,'LONCO MULA','8345',NULL),(244,'LONCOPUE','8349',NULL),(245,'LOS BOLILLOS','8353',NULL),(246,'LOS CARRIZOS','8353',NULL),(247,'LOS CATUTOS','8340',NULL),(248,'LOS CHACALES','8353',NULL),(249,'LOS CHIHUIDOS','8305',NULL),(250,'LOS CHINITOS','8305',NULL),(251,'LOS CISNES','8353',NULL),(252,'LOS ENTIERROS','8353',NULL),(253,'LOS GALPONES','8347',NULL),(254,'LOS MENUCOS','8353',NULL),(255,'LOS MICHES','8353','1973-04-18'),(256,'LOS MOLLES','8353',NULL),(257,'LOS MUCHACHOS','8340',NULL),(258,'LOS RODILLOS','8341',NULL),(259,'LOS SAUCES','8313',NULL),(260,'LOS TRES CHORROS','8353',NULL),(261,'LUBECA','8371',NULL),(262,'LUICOCO','8353',NULL),(263,'LUIN COCO','8353',NULL),(264,'MACHICO','8353',NULL),(265,'MALALCO','8341',NULL),(266,'MALLIN BLANCO','8347',NULL),(267,'MALLIN CHILENO','8347',NULL),(268,'MALLIN DE LA CUEVA','8347',NULL),(269,'MALLIN DE LAS YEGUAS','8375',NULL),(270,'MALLIN DE LOS CABALLOS','8340',NULL),(271,'MALLIN DE MENA','8347',NULL),(272,'MALLIN DEL RUBIO','8347',NULL),(273,'MALLIN DEL TORO','8349',NULL),(274,'MALLIN QUEMADO','8347',NULL),(275,'MAMUL MALAL','8371',NULL),(276,'MANZANO AMARGO','8353','1988-04-21'),(277,'MARI MENUCO','8300',NULL),(278,'MARIANO MORENO','8351',NULL),(279,'MAYAN MAHUIDA','8353',NULL),(280,'MEDIA LUNA','8341',NULL),(281,'MILLA','8353',NULL),(282,'MINA CARRASCOSA','8353',NULL),(283,'MINA LILEO','8353',NULL),(284,'MOQUEHUE','8345',NULL),(285,'MULICHINCO','8349',NULL),(286,'NAHUEL HUAPI','8401',NULL),(287,'NAHUEL MAPE','8371',NULL),(288,'NAHUEVE','8353','1989-04-17'),(289,'NALAY CULLIN','8349',NULL),(290,'NAU NAUCO','8351',NULL),(291,'NERECO NORTE','8353',NULL),(292,'NEUQUEN','8300',NULL),(293,'NIRECO','8353',NULL),(294,'ÑIRECO SUD','8340',NULL),(295,'NOGUEIRA','8315',NULL),(296,'ÑORQUIN','8349',NULL),(297,'OCTAVIO PICO','8319',NULL),(298,'OJO DE AGUA','8340',NULL),(299,'OJO DE AGUA','8341',NULL),(300,'PALAU','8353',NULL),(301,'PALITUE','8371',NULL),(302,'PAMPA COLLON CURA','8375',NULL),(303,'PAMPA DE LONCO LUAN','8345',NULL),(304,'PAMPA DE TRIL','8353',NULL),(305,'PAMPA DEL MALLEO','8373',NULL),(306,'PAMPA DEL SALADO','8351',NULL),(307,'PAMPA FERREIRA','8353',NULL),(308,'PANTANITOS','8313',NULL),(309,'PASO AGUERRE','8313',NULL),(310,'PASO ANCHO','8347',NULL),(311,'PASO BARDA','8353',NULL),(312,'PASO CATA TUN','8341',NULL),(313,'PASO COIHUE','8401',NULL),(314,'PASO DE LOS INDIOS','8318',NULL),(315,'PASO DE SAN IGNACIO','8375',NULL),(316,'PEÑA COLORADA','8373',NULL),(317,'PENINSULA HUEMUL','8400',NULL),(318,'PICHAIHUE','8351',NULL),(319,'PICHE PONON','8347',NULL),(320,'PICHI NEUQUEN','8351',NULL),(321,'PICUN LEUFU','8313',NULL),(322,'PIEDRA DEL AGUILA','8315','1897-04-08'),(323,'PIEDRA MALA','8371',NULL),(324,'PIEDRA PINTADA','8315',NULL),(325,'PIEDRAS BAYAS','8347',NULL),(326,'PILMATUE','8351',NULL),(327,'PILO LIL','8373','1998-04-07'),(328,'PINO HACHADO','8347',NULL),(329,'PINO SOLO','8347',NULL),(330,'PLANICIE BANDERITA','8301',NULL),(331,'PLAZA HUINCUL','8318','1966-04-24'),(332,'PLOTTIER','8316','1935-03-26'),(333,'PORTADA COVUNCO','8340',NULL),(334,'PORTEZUELO GRANDE','8300',NULL),(335,'POZO HUALICHES','8347',NULL),(336,'PRIMEROS PINOS','8347',NULL),(337,'PUEBLO NUEVO','8322',NULL),(338,'PUENTE PICUN LEUFU','8340',NULL),(339,'PUERTO ANCHORENA','8400',NULL),(340,'PUERTO MANZANO','8407',NULL),(341,'PUESTO HERNANDEZ  BATERIAS','8319',NULL),(342,'PUNTA DE SIERRA','8305',NULL),(343,'QUEBRADA HONDA','8347',NULL),(344,'QUEMPU LEUFU','8353',NULL),(345,'QUEMQUEMTREU','8375',NULL),(346,'QUENTRENQUEN','8373',NULL),(347,'QUILA QUEHUE','8371',NULL),(348,'QUILA QUINA','8370',NULL),(349,'QUILCA','8345',NULL),(350,'QUILI MALAL','8351',NULL),(351,'QUILLEN','8341',NULL),(352,'QUILQUIHUE','8371',NULL),(353,'QUININELIU','8341',NULL),(354,'QUINQUIMITREO','8373',NULL),(355,'QUINTUCO','8351',NULL),(356,'QUITA QUINA','8370',NULL),(357,'RAHUE','8341',NULL),(358,'RAMICHAL','8347',NULL),(359,'RAMON M CASTRO','8340','1998-02-27'),(360,'RANQUELES','8349',NULL),(361,'RANQUIL VEGA','8353',NULL),(362,'RANQUILCO','8349',NULL),(363,'RANQUILON','8349',NULL),(364,'REÑILEO','8353',NULL),(365,'RICHOIQUE','8349',NULL),(366,'RINCON CHICO','8401',NULL),(367,'RINCON DE EMILIO','8300',NULL),(368,'RINCON DE LOS SAUCES','8319',NULL),(369,'RINCON GRANDE','8401',NULL),(370,'RIO AGRIO','8351',NULL),(371,'RIO BARRANCAS','8353',NULL),(372,'RUCA CHOROY ARRIBA','8345',NULL),(373,'SAINUCO','8345',NULL),(374,'SALQUICO','8347',NULL),(375,'SAN BERNARDO','8315',NULL),(376,'SAN DEMETRIO','8347',NULL),(377,'SAN EDUARDO','8353',NULL),(378,'SAN IGNACIO','8375',NULL),(379,'SAN JUAN JUNIN DE LOS ANDES','8371',NULL),(380,'SAN JUAN RAHUE','8341',NULL),(381,'SAN MARTIN DE LOS ANDES','8370','1898-02-04'),(382,'SAN PATRICIO DEL CHAÑAR','8305',NULL),(383,'SAÑICO','8315',NULL),(384,'SANTA ISABEL','8315',NULL),(385,'SANTA ISABEL','8349',NULL),(386,'SANTA ISABEL','8375',NULL),(387,'SANTA MARIA','8401',NULL),(388,'SANTO DOMINGO','8340',NULL),(389,'SANTO TOMAS','8315',NULL),(390,'SAUZAL BONITO','8319','1989-04-01'),(391,'SENILLOSA','8316',NULL),(392,'TAQUI NILEU','8340',NULL),(393,'TAQUIMILAN','8351',NULL),(394,'TAQUIMILLAN ABAJO','8353',NULL),(395,'TIERRAS BLANCAS','8353',NULL),(396,'TIHUE','8353',NULL),(397,'TIPILIUKE','8373',NULL),(398,'TRAHUNCURA','8351',NULL),(399,'TRALAITUE','8349',NULL),(400,'TRATAYEN','8305',NULL),(401,'TRES CHORROS','8353',NULL),(402,'TRES PICOS','8371',NULL),(403,'TRES PIEDRAS','8340',NULL),(404,'TRICAO MALAL','8353','1911-03-10'),(405,'TRILI','8353',NULL),(406,'TROMEN','8371',NULL),(407,'TROMPUL','8370',NULL),(408,'VACA MUERTA','8351',NULL),(409,'VARVARCO','8353',NULL),(410,'VILLA CURI LEUVU','8353','1988-03-11'),(411,'VILLA EL CHOCON','8311',NULL),(412,'VILLA LA ANGOSTURA','8407',NULL),(413,'VILLA LAGO MELIQUINA','8370',NULL),(414,'VILLA PEHUENIA','8345','1989-01-18'),(415,'VILLA RAUR','8370',NULL),(416,'VILLA RINCON CHICO','8315',NULL),(417,'VILLA TRAFUL','8403',NULL),(418,'VILU MALLIN','8349',NULL),(419,'VISTA ALEGRE NORTE','8309',NULL),(420,'VISTA ALEGRE SUR','8309',NULL),(421,'ZAINA YEGUA','8315',NULL),(422,'ZAPALA','8340',NULL),(423,'ZINGONE Y CIA M','8375',NULL),(424,'ZULEMITA','8375',NULL);
/*!40000 ALTER TABLE `localidad` ENABLE KEYS */;
UNLOCK TABLES;

--
-- Table structure for table `menu`
--

DROP TABLE IF EXISTS `menu`;
/*!40101 SET @saved_cs_client     = @@character_set_client */;
/*!40101 SET character_set_client = utf8 */;
CREATE TABLE `menu` (
  `IdMenu` int(10) unsigned NOT NULL AUTO_INCREMENT,
  `IdMenuContenedor` int(10) unsigned DEFAULT NULL,
  `IdPagina` int(10) unsigned DEFAULT NULL,
  `Nombre` varchar(100) COLLATE utf8_spanish_ci NOT NULL,
  `Orden` smallint(5) unsigned DEFAULT NULL,
  `Target` varchar(20) COLLATE utf8_spanish_ci NOT NULL DEFAULT '_self',
  `Activo` tinyint(1) unsigned NOT NULL DEFAULT '1',
  PRIMARY KEY (`IdMenu`),
  KEY `fk_menu_pagina` (`IdPagina`),
  KEY `fk_menu_menu` (`IdMenuContenedor`),
  CONSTRAINT `fk_menu_menu` FOREIGN KEY (`IdMenuContenedor`) REFERENCES `menu` (`IdMenu`) ON DELETE NO ACTION ON UPDATE NO ACTION,
  CONSTRAINT `fk_menu_pagina` FOREIGN KEY (`IdPagina`) REFERENCES `pagina` (`IdPagina`) ON DELETE NO ACTION ON UPDATE NO ACTION
) ENGINE=InnoDB AUTO_INCREMENT=24 DEFAULT CHARSET=utf8 COLLATE=utf8_spanish_ci;
/*!40101 SET character_set_client = @saved_cs_client */;

--
-- Dumping data for table `menu`
--

LOCK TABLES `menu` WRITE;
/*!40000 ALTER TABLE `menu` DISABLE KEYS */;
INSERT INTO `menu` VALUES (1,NULL,NULL,'Inicio',1,'_self',1),(2,1,3,'Página Inicial',1,'_self',1),(3,1,4,'Cambio Contraseña',2,'_self',1),(6,1,2,'Salir',3,'_self',1),(7,NULL,NULL,'Obras',3,'_self',1),(8,NULL,NULL,'Tesorería',4,'_self',1),(9,8,12,'Pagos',1,'_self',1),(11,7,5,'Registro de Obras',1,'_self',1),(12,7,11,'Certificación por Periodo',2,'_self',1),(13,NULL,NULL,'Administración',2,'_self',1),(14,13,14,'Usuarios',NULL,'_self',1),(15,13,16,'Organismos',NULL,'_self',1),(16,13,18,'Fuentes de Financiamiento',NULL,'_self',1),(17,13,20,'Tipos de Obra',NULL,'_self',1),(18,13,22,'Estados de Obra',NULL,'_self',1),(19,13,29,'Proveedores',NULL,'_self',1),(20,NULL,NULL,'Reportes',6,'_self',1),(21,20,33,'Obras',NULL,'_self',1),(22,NULL,NULL,'Prensa',5,'_self',1),(23,22,34,'Aniversarios',NULL,'_self',1);
/*!40000 ALTER TABLE `menu` ENABLE KEYS */;
UNLOCK TABLES;

--
-- Table structure for table `obra`
--

DROP TABLE IF EXISTS `obra`;
/*!40101 SET @saved_cs_client     = @@character_set_client */;
/*!40101 SET character_set_client = utf8 */;
CREATE TABLE `obra` (
  `IdObra` int(10) unsigned NOT NULL AUTO_INCREMENT,
  `Codigo` varchar(4) COLLATE utf8_spanish_ci NOT NULL,
  `Denominacion` varchar(255) COLLATE utf8_spanish_ci NOT NULL,
  `IdOrganismo` int(10) unsigned NOT NULL,
  `CreditoPresupuestarioAprobado` decimal(14,2) unsigned DEFAULT NULL,
  `Expediente` varchar(50) COLLATE utf8_spanish_ci DEFAULT NULL,
  `MemoriaDescriptiva` text COLLATE utf8_spanish_ci,
  `CantidadBeneficiarios` int(10) unsigned DEFAULT NULL,
  `PresupuestoOficial` decimal(14,2) DEFAULT NULL,
  `FechaPresupuestoOficial` date DEFAULT NULL,
  `IdTipoObra` int(10) unsigned DEFAULT NULL,
  `Latitud` varchar(20) COLLATE utf8_spanish_ci DEFAULT NULL,
  `Longitud` varchar(20) COLLATE utf8_spanish_ci DEFAULT NULL,
  `IdEstadoObra` int(10) unsigned NOT NULL,
  `DetalleEstado` text COLLATE utf8_spanish_ci,
  `IdComitente` int(10) unsigned NOT NULL,
  PRIMARY KEY (`IdObra`),
  KEY `fk_obra_organismo` (`IdOrganismo`),
  KEY `fk_obra_tipoobra` (`IdTipoObra`),
  KEY `fk_obra_estadoobra` (`IdEstadoObra`),
  KEY `fk_obra_organismo_com` (`IdComitente`),
  CONSTRAINT `fk_obra_estadoobra` FOREIGN KEY (`IdEstadoObra`) REFERENCES `estadoobra` (`IdEstadoObra`) ON DELETE NO ACTION ON UPDATE NO ACTION,
  CONSTRAINT `fk_obra_organismo` FOREIGN KEY (`IdOrganismo`) REFERENCES `organismo` (`IdOrganismo`) ON DELETE NO ACTION ON UPDATE NO ACTION,
  CONSTRAINT `fk_obra_organismo_com` FOREIGN KEY (`IdComitente`) REFERENCES `organismo` (`IdOrganismo`) ON DELETE NO ACTION ON UPDATE NO ACTION,
  CONSTRAINT `fk_obra_tipoobra` FOREIGN KEY (`IdTipoObra`) REFERENCES `tipoobra` (`IdTipoObra`) ON DELETE NO ACTION ON UPDATE NO ACTION
) ENGINE=InnoDB AUTO_INCREMENT=252 DEFAULT CHARSET=utf8 COLLATE=utf8_spanish_ci;
/*!40101 SET character_set_client = @saved_cs_client */;

--
-- Dumping data for table `obra`
--

LOCK TABLES `obra` WRITE;
/*!40000 ALTER TABLE `obra` DISABLE KEYS */;
INSERT INTO `obra` VALUES (1,'0001','CONTRATACIÓN DE MANO DE OBRA PARA LA EJECUCIÓN DE ZANJEO EN VEREDAS, CALLES Y CRUCE SUBTERRÁNEO DEL ARROYO TRABUNCO EN SAN MARTÍN DE LOS ANDES',2,280000.00,'3862-10610/006',NULL,27956,185130.00,'2010-04-01',NULL,NULL,NULL,7,NULL,2),(2,'0002','CONTRATACIÓN DE M.O PARA OBRAS DE DISTRIBUCION Y Aº Pº - CONVENIO MARCO 2011/2012  (2º PERIODO) - ZONA NORTE',2,1990000.00,'4864-03600',NULL,48540,1121000.00,'2010-04-01',NULL,NULL,NULL,6,NULL,2),(3,'0003','CONTRATACIÓN DE M.O PARA OBRAS DE DISTRIBUCION Y Aº Pº - CONVENIO MARCO 2011/2012  (2º PERIODO) - ZONA OESTE',2,1990000.00,'4864-03600',NULL,58826,1121000.00,'2010-04-01',NULL,NULL,NULL,6,NULL,2),(4,'0004','CONTRATACIÓN DE M.O PARA OBRAS DE DISTRIBUCION Y Aº Pº - CONVENIO MARCO 2011/2012  (2º PERIODO) - ZONA ESTE',2,1990000.00,'4864-03600',NULL,10151,1121000.00,'2010-04-01',NULL,NULL,NULL,6,NULL,2),(5,'0005','CONTRATACIÓN DE M.O PARA OBRAS DE DISTRIBUCION Y Aº Pº - CONVENIO MARCO 2011/2012  (2º PERIODO) - ZONA SUR',2,1990000.00,'4864-03600',NULL,62447,1754500.00,'2010-04-01',NULL,NULL,NULL,6,NULL,2),(6,'0006','MANTENIMIENTO SISTEMA FOTOVOLTAICO (1º PERIODO) - ZONA NORTE',2,1500000.00,'4864-05135',NULL,893,1015049.88,'2010-09-01',NULL,NULL,NULL,6,NULL,2),(7,'0007','MANTENIMIENTO SISTEMA FOTOVOLTAICO (1º PERIODO) - ZONA OESTE',2,1500000.00,'4864-05135',NULL,1795,1887424.55,'2010-09-01',NULL,NULL,NULL,6,NULL,2),(8,'0008','MANTENIMIENTO SISTEMA FOTOVOLTAICO (1º PERIODO) - ZONA SUR',2,1500000.00,'4864-05135',NULL,556,659372.08,'2010-09-01',NULL,NULL,NULL,6,NULL,2),(9,'0009','MANTENIMIENTO SISTEMA FOTOVOLTAICO (1º PERIODO) - ZONA ESTE',2,1500000.00,'4864-05135',NULL,426,481388.09,'2010-09-01',NULL,NULL,NULL,6,NULL,2),(10,'0010','ADECUACIONES SEDE CENTRAL EPEN AÑO 2012',2,850000.00,'4864-09405','Las tareas a ejecutar consisten en optimizar los ingresos al edificio de manera de tener un mayor control en el ingreso y salida tanto del personal del organismo como el del público. Para ello se anuló el ingreso sobre calle Belgrano y se definieron dos ingresos sobre calle Rioja, uno principal y el otro público y para el personal de la empresa.\r\n\r\nPara ello hubo que realizar una ampliación en el ingreso del personal que albergará la mesa de entradas y un control de seguridad, redistribuyéndose los diferentes espacios en el resto de las oficinas.\r\n\r\nLa ampliación nueva de aproximadamente 30 m² será del tipo tradicional siguiendo las mismas líneas que la construcciones aledañas.\r\n\r\nEntre las obras menores habrá que cerrar y abrir vanos, cambiar cielorrasos, carpinterías, trabajos de revoques y pinturas, veredas exteriores, etc..',NULL,324280.00,'2011-12-01',NULL,NULL,NULL,7,NULL,2),(11,'0011','SERVICIO ELÉCTRICO CAVIAHUE',2,300000.00,'4764-01083/003','El proyecto a desarrollar, consiste en un nuevo edificio para la delegación del Servicio Eléctrico en la localidad de Caviahue,  que se ubicará en un lote céntrico en esquina entre calles Las Lengas y Piñoneros. Cabe aclarar que en este lote ya hay una construcción existente en la que funcionan las oficinas del mencionado Servicio Eléctrico, el cual llegado el momento será demolido.\r\n\r\nLa idea del proyecto consiste en dos volúmenes unidos por uno  central de menor altura que corresponde al sector de guardia. El primero de ellos, que da al Oeste, tiene  un  techo con pendiente a dos aguas, bajo el cual se desarrollan todas las actividades administrativas y de atención al público en general. \r\n\r\nEste, a su vez se conecta al sector de guardia por medio de un techo, también a dos aguas a través de dos limahoyas. El nivel de cumbrera de este conector es como ya se dijo anteriormente de menor altura.\r\n\r\nA continuación se desarrolla el último volumen que se diferencia de los otros dos porque presenta mayor altura. Esto se debe a que en el mismo se alojan los vehículos pertenecientes a la institución. Este volumen se encuentra totalmente revestido en piedra en la fachada principal, mientras que en la posterior, el revestimiento llega hasta el nivel de antepechos. Esta altura del revestimiento es la misma para todo el edificio dando una lectura de conjunto. ',NULL,1644857.37,'2012-05-01',NULL,NULL,NULL,7,NULL,2),(12,'0012','LINEA DE MEDIA TENSION 13.2 KV VINCULACIÓN MCH - GG SISTEMA HIBRIDO COCHICO',2,850000.00,'4864-05734',NULL,200,404467.58,'2013-02-01',NULL,NULL,NULL,8,NULL,2),(13,'0013','2º LINEA 33 KV ET PIO PROTTO  - SET SMA - CONST. TRAMO SUBTERRANEO ZONA CURVA PIO PROTTO',2,2794655.00,'3862-02387','Esta obra estará ubicada en el ejido de la Ciudad de San Martín de los Andes, en la Provincia de Neuquén. Tiene por objeto construir un tramo principal de conducción enterrada con cañeros de PVC protegidos con hormigón pobre, cámaras intermedias de paso, de empalmes y  terminales con tapas de hormigón armado, para tendido subterráneo de conductores de  33 Kv y conductores de 13.2 Kv con una longitud aproximada de 1400 m en la zona de  curva Pío Protto. Además se construirán tres tramos de línea subterránea dos con cañeros  Próximos a la curva de Pío Protto y uno enterrado próximo a la SET San Martín de los Andes, de relativa corta longitud, también en 33 Kv y 13.2 Kv. Esta obra forma parte de una línea aérea de media tensión que vinculará la ET Pío Protto con la SET San Martín de los Andes.',27956,4713571.08,'2009-11-01',NULL,NULL,NULL,7,NULL,2),(14,'0014','SUMINISTRO DE ENERGIA ELECTRICA \"PLAN 900 VIVIENDAS\" JUNIN DE LOS ANDES',2,4405524.84,'4864-06011','INTRODUCCIÓN\r\nLa presente Memoria Descriptiva  desarrolla someramente las características de la obra a Licitar.\r\nEn las siguientes secciones del Pliego se brinda la información detallada de las provisiones y montajes a llevar a cabo por el Contratista.\r\n\r\nUBICACIÓN DE LA OBRA\r\nLa localidad de Junín de los Andes, se encuentra ubicada 41 km al norte de la ciudad de San Martín de los Andes, sobre la vera de la Ruta provincial Nº 234. \r\n\r\nCARACTERISTICAS BASICAS DE LA OBRA LICITADA\r\nEl presente proyecto contempla la infraestructura eléctrica en Media y Baja Tensión para el suministro de energía eléctrica del Loteo Social “Plan 900 viviendas” ubicado en la ciudad de Junín de los Andes.\r\nEl punto de conexión, definido por el EPEN, es la estructura terminal de la LMT de 13.2 kV que abastece de energía eléctrica al Loteo de 101 viviendas de la Ciudad. Dicha Línea se encuentra vinculada a la ET 33 / 13.2 kV Junín de los Andes ubicada en la margen Norte de la RN Nº 234 a 2 km del respectivo Loteo.\r\nPara la elaboración del proyecto se contemplaron las siguientes partes:\r\n1.  Distribución en Media Tensión (LMT 13.2 kV)\r\n2. Subestaciones Transformadoras (S.E.T)\r\n3. Distribución en Baja Tensión y Alumbrado Público residencial (LBT 0.4 kV y Aº Pº)\r\n\r\nDISTRIBUCION EN MEDIA TENSION \r\nTramo I  \r\nLínea de MT, disposición coplanar, con conductores Al/Al sección 3 x 70 mm2, que vincula las redes de distribución de la ciudad con el área de emplazamiento de las 900 viviendas. Longitud estimada del tramo 500  mts.\r\nLos soportes de suspensión serán columnas de hormigón Armado de 12 m, con cruceta coplanar de Hº Gº, fundadas en bases de hormigón simple. La estructura Terminal de llegada será biposte  2 x 13 o 12 R1800. El vano adoptado será de 65 m. La línea se aislara con aisladores orgánicos tipo MN3a.\r\n\r\nTramos II\r\nLíneas de MT, de acometida a la carga, este alimentador preverá el 85% de la potencia del loteo,  es decir, abastecerá a 765 viviendas, a través de conductores Al/Al 3 x 50 mm2.\r\n\r\nTramos III\r\nLíneas de MT, de acometida a la carga, correspondiente al 15 % restante del loteo “plan 900 viviendas” y prevé alimentación para el loteo a futuro de 600 viviendas,  es decir, abastecerá a 135 viviendas del plan 900 y a 600 viviendas del loteo de las próximas etapas, a través de conductores Al/Al 3 x 50 mm2.\r\n\r\nLos tramos II y III, serán líneas de MT, coplanares, soportadas por postes de suspensión de eucalipto creosotados de 12 m para el Tramo II y 11 m para el Tramo III. En los puntos singulares de las líneas se instalaran estructuras de Hº Aº monoposte o bisposte según corresponda.',12621,3998241.50,'2011-01-01',NULL,NULL,NULL,6,NULL,2),(15,'0015','OBRAS COMPLEMENTARIAS DE GAS EN CENTRAL TÉRMICA VLA',2,2091207.43,'4864-05679',NULL,11063,2987439.18,'2011-03-01',NULL,NULL,NULL,6,NULL,2),(16,'0016','CONTRATO Nº 1: LINEA DE ALTA TENSIÓN 132 KV ESTACIÓN TRANSFORMADORA PASO COIHUE (ET PC) – LIMITE INTERPROVINCIAL',2,62883176.00,'5901-01286','ALCANCE Y UBICACIÓN\r\nLa presente Memoria Descriptiva detalla las obras a realizar para la alimentación eléctrica\r\nen Alta Tensión a la ET Paso Coihue.\r\nContempla la construcción de una línea de alta tensión en 132 kV, desde El Cruce (Ruta\r\nNacional 40 y Ruta Nacional 231), Prov. de Neuquén hasta la Estación Transformadora (a\r\nconstruir en otro contrato) Paso Coihue 132/33/13.2 kV.\r\n\r\nCARACTERISTICAS DE LAS OBRAS\r\nLínea de 132 kV\r\nSe desarrolla dentro de la Jurisdicción de Parques Nacionales.\r\nLa traza sigue sensiblemente el trazado de la Ruta Nacional existente RN 231, con\r\ntramos dentro de la jurisdicción de la Dirección Nacional de Vialidad.\r\nEl cable de guardia, a colocar sobre la cuarta ménsula -en la cima de la estructura en\r\nambos tramos- será del tipo OPGW, provisto con fibras ópticas.',11063,16223266.18,'2012-06-01',NULL,NULL,NULL,6,NULL,2),(17,'0017','CONTRATO Nº 2: ADQUISICIÓN DE TRANSFORMADORES DE POTENCIA',2,62883176.00,'4864-06267/11',NULL,11063,11206289.16,NULL,NULL,NULL,NULL,6,NULL,2),(18,'0018','CONTRATO Nº 3: ADQUISICIÓN DE CONDUCTORES DE 132 KV ',2,62883176.00,'4864-06268/000',NULL,11063,1479769.50,NULL,NULL,NULL,NULL,6,NULL,2),(19,'0019','CONTRATO Nº 3 - B:  ADQUISICIÓN DE CABLES MEDIA TENSIÓN SUBTERRÁNEOS DE 33 KV ',2,62883176.00,'4864-06268/003',NULL,11063,33299111.70,NULL,NULL,NULL,NULL,6,NULL,2),(20,'0020','CONTRATO Nº 4: SERVICIO DE ASISTENCIA TÉCNICA E INSPECCIÓN DE LAS OBRAS DE INTERCONEXIÓN ELÉCTRICA VILLA LA ANGOSTURA',2,62883176.00,'4864-06269',NULL,11063,6279900.00,'2012-04-01',NULL,NULL,NULL,6,NULL,2),(21,'0021','CONTRATO Nº 5: EQUIPOS DE 132 KV',2,62883176.00,'4864-05563/015',NULL,11063,9537410.88,NULL,NULL,NULL,NULL,6,NULL,2),(22,'0022','CONTRATO Nº 5: EQUIPOS DE 132 KV',2,62883176.00,'4864-05563/015',NULL,11063,NULL,NULL,NULL,NULL,NULL,6,NULL,2),(23,'0023','CONTRATO Nº 5: EQUIPOS DE 132 KV',2,62883176.00,'4864-05563/015',NULL,11063,NULL,NULL,NULL,NULL,NULL,6,NULL,2),(24,'0024','CONTRATO Nº 6: PROYECTO DE LA OBRA VINCULACIÓN EN 132 PILCANIYEU – PASO COIHUE – BARILOCHE',2,62883176.00,'5901-01714',NULL,11063,1196690.00,'2012-02-01',NULL,NULL,NULL,6,NULL,2),(25,'0025','CONTRATO Nº 7: ESTACIÓN TRANSFORMADORA PASO COIHUE (ET PC) 132/33/13,2 KV - 30 MVA',2,62883176.00,'5901-00735','LA INTERCONEXIÓN ELÉCTRICA VILLA LA ANGOSTURA ESTARÁ INTEGRADA POR LOS SIGUIENTES SUBSISTEMAS (VER PLANOS IVA-GE-EL-01 E IVA-GE-EL-02): \r\n- SUBSISTEMA NORTE \r\n-SUBSISTEMA SUR \r\n\r\nLAS OBRAS MENCIONADAS SE COMPLETARÁN CON UN SISTEMA DE COMUNICACIONES QUE PERMITIRÁ INTEGRARLAS AL SISTEMA EXISTENTE EN EL EPEN Y LA OPERACIÓN DE LAS ESTACIONES PROPIAS DESDE EL CENTRO DE CONTROL UBICADO EN LA CIUDAD DE NEUQUÉN.\r\n\r\n2.1 SUBSISTEMA NORTE \r\nEL SUBSISTEMA NORTE ESTARÁ INTEGRADO POR UNA LÍNEA AÉREA DE 132 KV QUE, PARTIENDO DE LA  E.T. ALICURÁ DE TRANSENER ALIMENTARÁ LA NUEVA E.T. PAMPA ALICURÁ. ESTARÁ DESTINADO A SERVIR EMPRENDIMIENTOS LOCALES Y, MEDIANTE UNA LÍNEA DE 33 KV, LAS NUEVAS SUBESTACIONES TRANSFORMADORAS 33/13,2 KV CONFLUENCIA TRAFUL Y VILLA TRAFUL.\r\n\r\n2.2 SUBSISTEMA SUR \r\nEL OBJETIVO PRINCIPAL DEL SUBSISTEMA SUR SERÁ LA INTEGRACIÓN DE LA LOCALIDAD DE VILLA LA ANGOSTURA AL SISTEMA ARGENTINO DE INTERCONEXIÓN, PERMITIENDO LA DESACTIVACIÓN PARCIAL DE LA CENTRAL GENERADORA DIESEL QUE LA ALIMENTA ACTUALMENTE.  \r\nA TAL EFECTO SE CONSTRUIRÁ UNA NUEVA ESTACIÓN DE MANIOBRAS SOBRE LA LÍNEA AÉREA DE 132 KV QUE VINCULA LA E.T. ALICURÁ CON LA E.T. BARILOCHE (LA PALOMA). LA ESTACIÓN MENCIONADA SE UBICARÁ EN LA LOCALIDAD DEL MISMO NOMBRE DE LA PROVINCIA DE RÍO NEGRO, A APROXIMADAMENTE 3 KM HACIA EL NORTE DE LA E.T. PILCANIYEU CNEA QUE ALIMENTA LA PLANTA DE INVAP. \r\nDESDE LA NUEVA E.M. PILCANIYEU ANTES MENCIONADA PARTIRÁ UNA LÍNEA AÉREA DE 132 KV HACIA LA E.M DINA HUAPI (RÍO NEGRO). DESDE ÉSTA, MEDIANTE UNA LÍNEA AÉREA QUE CRUZARÁ EL RÍO LIMAY, SE ALIMENTARÁ LA NUEVA E.T. PASO COIHUE, EN LA PROVINCIA DEL NEUQUÉN. LA \r\nE.M. DINA HUAPI PERMITIRÁ DERIVAR UNA SEGUNDA LÍNEA AÉREA DE ALIMENTACIÓN A LA \r\nE.T. BARILOCHE (LA PALOMA).      \r\nLA E.T. PASO COIHUE TENDRÁ POR OBJETO ALIMENTAR, MEDIANTE UNA DOBLE TERNA DE CABLES SUBTERRÁNEOS DE 33 KV, LA NUEVA S.E.T. VILLA LA ANGOSTURA Y, MEDIANTE UN CABLE SUBTERRÁNEO DE 13,2 KV, LA ZONA DE RÍO HUEMUL.',11063,24455274.06,'2012-03-01',NULL,'','',6,'',2),(26,'0026','CONTRATO Nº 8: LÍNEA DE MEDIA TENSIÓN 33 KV SUBTERRÁNEA DOBLE TERNA',2,62883176.00,'5901-00860','ALCANCE Y UBICACIÓN \r\n\r\nLa presente Memoria Descriptiva detalla las obras a realizar para la alimentación eléctrica en Media Tensión a la Ciudad de Villa La Angostura desde la ET Paso Coihue. Contempla la construcción de una línea de media tensión subterránea en 33 Kv en doble terna, con un conductor de reserva, desde la ET Paso Coihue132/33/13.2 Kv (a construir) ubicada en la margen norte de la Ruta Nacional Nº 231 km 20,65, próxima al Brazo Huemul del lago Nahuel Huapi, hasta la SET VLA 33/13.2 Kv, con una longitud de 41,20 km. La traza se prevé a la vera de la Ruta nacional 231. El primer tramo desde ET Paso Coihue en la zona Norte, aproximadamente 1 km y el resto en la margen sur de dicha ruta hasta inmediaciones de la SET Villa La Angostura, donde cruza la Ruta Nacional 237 y acomete a la SET Villa La Angostura por calle Municipal.\r\n\r\nLa alimentación de 33 Kv antedicha, de doble terna y conductor de reserva se ha previsto en su totalidad en trazado subterráneo adecuándose a la escasa disponibilidad de espacio y el valor paisajístico de algunas de las zonas atravesadas.  \r\nSe han previsto para 33 Kv, tendidos directamente enterrado en zanja, así como también canales de hormigón armado para los sitios donde el zanjeo sea impracticable, en bandejas metálicas para el cruce de ríos y arroyos, bandejas de hormigón armado con tapas para cruce de alcantarillas (por arriba), así como también en caños emblocados en hormigón, para cruce de caminos asfaltados o principales y la mayoría de los cruces de agua provenientes de alcantarillas de ruta. \r\nLa geografía del área de implantación de esta obra, bordeando el Brazo Huemul del Lago Nahuel Huapi resulta en un importante condicionamiento para el proyecto y ejecución de la obra. Así mismo el tendido previsto debe compartir espacio disponible con otros servicios como transporte de gas natural y comunicaciones por fibra óptica. Prácticamente toda la traza de 33 Kv, tanto en la margen Norte como luego en la margen sur compartirá el espacio con una fibra Óptica de la compañía Telefónica. Respecto al gasoducto se ha tratado de que esta traza, prácticamente no interfiera con el mismo. \r\nSe destaca la existencia de una gran cantidad de cruces de alcantarillas a lo largo de la Ruta Nacional 231, las que deberán ser sorteadas por la doble terna subterránea (ya sea por encima con canales de hormigón armado o por debajo con caños emblocados). También, aunque en menor cantidad de puentes de mediano y gran porte con bandejas metálicas. \r\nPara esta Obra EPEN entregará a la contratista todo el conductor subterráneo en 33 Kv, convenientemente dispuesto en carretes, el que deberá ser cargado y transportado por este a obra, a su cargo, desde depósitos de EPEN. La sección es 185 mm2 en aluminio con pantalla de cobre de 25 mm2. \r\nPara esta licitación se ha supuesto un tramo promedio aproximado entre cámaras de empalmes de 1400 m entre sí, lo que da una cantidad de 31 cámaras en el recorrido de la LMT. No obstante el contratista tomará el largo máximo real de los carreteles con los que confeccionará el proyecto ejecutivo de montaje, del cual se determinará la cantidad real de cámaras a construir, con la previsión de empalmes correspondientes de acuerdo a esta cantidad de cámaras. \r\nDebido a la reciente erupción del Volcán Puyehue el Municipio de VLA ha depositado cantidades importantes de ceniza volcánica en zonas de la Ruta Nacional 231 a lo largo aproximadamente los primeros 30 Km de la misma desde la Villa, sobre todo en la margen sur de la misma. Esta se encuentra convenientemente distribuida y a nivel con la ruta y será tenida en cuenta a los efectos del proyecto ejecutivo que realice el contratista.\r\n',11063,38498385.90,'2012-03-01',NULL,NULL,NULL,6,NULL,2),(27,'0027','CONTRATO Nº 9:  S.E.T VILLA LA ANGOSTURA',2,62883176.00,'5901-00566','El objetivo principal de la interconexión será la integración de la localidad de Villa La Angostura al Sistema Argentino de Interconexión, permitiendo la desactivación parcial de la central generadora diesel que la alimenta actualmente.\r\n \r\nA tal efecto se construirá una nueva estación de maniobras sobre la línea aérea de 132 kV que vincula la E.T. Alicurá con la E.T. Bariloche (La Paloma). La estación mencionada se ubicará en la localidad del mismo nombre de la provincia de Río Negro, a aproximadamente 3 km hacia el norte de la E.T. Pilcaniyeu CNEA que alimenta la planta de INVAP.\r\n\r\nDesde la nueva E.M. Pilcaniyeu antes mencionada partirá una línea aérea de 132 kV hacia la E.M Dina Huapi (Río Negro). Desde ésta, mediante una línea aérea que cruzará el río Limay, se alimentará la nueva E.T. Paso Coihue, en la provincia del Neuquén. La  E.M. Dina Huapi permitirá derivar una segunda línea aérea de alimentación a la  E.T. Bariloche (La Paloma).\r\n    \r\nLa E.T. Paso Coihue tendrá por objeto alimentar, mediante una doble terna de cables subterráneos de 33 kV, la nueva S.E.T. Villa La Angostura -que es parte del presente contrato- y, mediante un cable subterráneo de 13,2 kV, la zona de Río Huemul.\r\n',11063,17897477.30,'2012-03-01',NULL,NULL,NULL,6,NULL,2),(28,'0001','READECUACION TOMA DE AGUA POTABLE',1,NULL,'4865-13054/11','',NULL,1886811.80,NULL,NULL,'','',8,'',6),(29,'0002','READECUACIÓN SISTEMA DE AGUA POTABLE',1,NULL,'4865-12515/11',NULL,NULL,3992061.16,NULL,NULL,NULL,NULL,8,NULL,1),(30,'0003','READECUACIÓN PLAN DIRECTOR DESAGUES CLOACALES - PRIMERA ETAPA ',1,NULL,'4865-13885/11',NULL,NULL,11520464.33,NULL,NULL,NULL,NULL,7,NULL,1),(31,'0004','SISTEMA DE AGUA POTABLE EN EL PARAJE HUARACOS Y CAÑADA DE LAS CABRAS',1,NULL,'4865-8613/10',NULL,NULL,1489869.15,NULL,NULL,NULL,NULL,8,NULL,1),(32,'0005','AMPLIACION RED DE AGUA CENTRO DE ESQUI',1,NULL,'4865-8535/10',NULL,NULL,869877.08,NULL,NULL,NULL,NULL,8,NULL,1),(33,'0006','MODIFICACION DE RED DE DISTRIBUCION DE AGUA POTABLE',1,400985.00,'4765-007/08','INSTALACIÓN DE 600 ML DE PVC K10 Dº 110 MM EN LUGAR DE OTRA EXISTENTE Y DESINFECCIÓN COMPLETA DE LA RED CON CLORO.-',NULL,350023.00,'2007-12-01',5,'','',10,'RECEPCION PROVISORIA ACTA 22-05-13 RESOLUCIÓN 378/13',1),(34,'0007','REMODELACION Y AMPLIACION PLANTA POTABILIZADORA',1,NULL,'4799-0721/09',NULL,NULL,NULL,NULL,NULL,NULL,NULL,7,NULL,1),(35,'0008','RESTITUCION DE APOYOS EN TRAMO DE ACUEDUCTO DE IMPULSION Ø 500 MM A PLANTA BUENA ESPERANZA',1,NULL,'4865-11766/11',NULL,NULL,577448.00,NULL,NULL,NULL,NULL,8,NULL,1),(36,'0009','SISTEMA DE AGUA POTABLE PARAJE CHARRA RUCA',1,NULL,'4865-8432/10',NULL,NULL,593524.74,NULL,NULL,NULL,NULL,13,NULL,1),(37,'0010','READECUACION DE RED DE AGUA POTABLE',1,NULL,'4865-13051/11',NULL,NULL,1965453.63,NULL,NULL,NULL,NULL,8,NULL,1),(38,'0011','COLOCACION DE MEDIDORES',1,NULL,'4865-8422/10',NULL,NULL,650000.00,NULL,NULL,NULL,NULL,5,NULL,1),(39,'0012','SISTEMA DE CAPTACION - CONSTRUCCION 3° POZO FILTRANTE',1,NULL,'4765-4139/08',NULL,NULL,481480.10,NULL,NULL,NULL,NULL,7,NULL,1),(40,'0013','REMODELACION SISTEMA DE AGUA POTABLE',1,NULL,'4865-14259/11',NULL,NULL,NULL,NULL,NULL,NULL,NULL,8,NULL,1),(41,'0014','PROVISION DE AGUA POTABLE COVUNCO ABAJO',1,NULL,'4865-3865/09',NULL,NULL,350000.00,NULL,NULL,NULL,NULL,13,NULL,1),(42,'0015','SISTEMA CLOACAL BARDAS NORTE I ETAPA',1,NULL,'4865-6983/10',NULL,NULL,NULL,NULL,NULL,NULL,NULL,6,NULL,1),(43,'0016','CAÑERIA CLOACAL DE 400 MM CASILDA Y REPUBLICA DE ITALIA',1,NULL,'4865-1930/09-ALC. 2/10',NULL,NULL,459863.80,NULL,NULL,NULL,NULL,6,NULL,1),(44,'0017','RELEVAMIENTO Y ACTUALIZACIÓN DE BASE DE DATOS AQUASIS - PROVISIÓN E INSTALACIÓN DE MEDIDORES DOMICILIARIOS',1,NULL,'4865-13610/11',NULL,NULL,3870000.00,NULL,NULL,NULL,NULL,13,NULL,1),(45,'0018','ELECTRIFICACIÓN BOMBEO REFUERZO DE CALLE FIGUEROA',1,NULL,'4865-7488/10',NULL,NULL,57584.37,NULL,NULL,NULL,NULL,13,NULL,1),(46,'0019','READECUACIÓN PLANTA DE TRATAMIENTO DE EFLUENTES CLOACALES DEL PARQUE INDUSTRIAL',1,12950095.95,'5902-0064/11',NULL,NULL,10997155.26,NULL,NULL,NULL,NULL,6,NULL,1),(47,'0020','REPARACIÓN DE ROTURAS DE CONEXIONES DOMICILIARIAS EN REDES Y SERVICIOS DE AGUA POTABLE - 3º TRIMESTRE/12',1,NULL,'4865-12257/11',NULL,NULL,224282.70,NULL,NULL,NULL,NULL,8,NULL,1),(48,'0021','REPARACIÓN DE ROTURAS DE CONEXIONES DOMICILIARIAS EN REDES Y SERVICIOS DE AGUA POTABLE - ETAPA II/2012',1,NULL,'5902-2586/12',NULL,NULL,435161.55,NULL,NULL,NULL,NULL,7,NULL,1),(49,'0022','SISTEMA DE IMPULSION TANQUES BARDA',1,NULL,'3865-15745/07',NULL,NULL,2440407.04,NULL,NULL,NULL,NULL,7,NULL,1),(50,'0023','REPOSICION DE PAVIMENTOS Y VEREDAS',1,NULL,'4865-5973/10',NULL,NULL,795326.40,NULL,NULL,NULL,NULL,8,NULL,1),(51,'0024','REPARACION Y CONSERVACION DE REDES DE AGUA Y CLOACAS - ETAPA I - 2011',1,NULL,'4865-9450/10',NULL,NULL,1076581.68,NULL,NULL,NULL,NULL,8,NULL,1),(52,'0025','PROVISIÓN DE AGUA POTABLE MZA. 50 BARRIO TOMA NORTE II',1,NULL,'4865-14354/11',NULL,NULL,40438.50,NULL,NULL,NULL,NULL,8,NULL,1),(53,'0026','REPOSICION DE PAVIMENTOS Y VEREDAS',1,NULL,'5902-1613/12',NULL,NULL,998847.68,NULL,NULL,NULL,NULL,8,NULL,1),(54,'0027','EMISARIO SUBFLUVIAL PLANTA TRONADOR',1,NULL,'5902-195/12',NULL,NULL,1837317.10,NULL,NULL,NULL,NULL,8,NULL,1),(55,'0028','PROVISIÓN DE AGUA POTABLE TOMA 2 DE MAYO',1,NULL,'5902-2250/12',NULL,NULL,70887.45,NULL,NULL,NULL,NULL,8,NULL,1),(56,'0029','RECAMBIO RED CLOACAL CALLE DOMINGO SAVIO - PIN ESTE',1,NULL,'4865-7392/10',NULL,NULL,148995.46,NULL,NULL,NULL,NULL,8,NULL,1),(57,'0030','CONSERVACIÓN Y MANTENIMIENTO DE COLECTORAS MÁXIMAS - ETAPA II/2012',1,NULL,'4865-12254/11',NULL,NULL,687555.00,NULL,NULL,NULL,NULL,8,NULL,1),(58,'0031','REPARACIONES DE ROTURAS Y CONEXIONES DOMICILIARIAS EN REDES Y SERVICIOS DE AGUA POTABLE - NOVIEMBRE/DICIEMBRE 2012',1,422607.80,'5902-3846/12','REALIZACIÓN DE TRABAJOS DE REPARACIÓN EN LAS REDES Y SERVICIOS DE AGUA DE LA CIUDAD.',NULL,422607.80,'2012-05-01',1,'','',9,'',1),(59,'0032','REPARACIÓN Y CONSERVACIÓN DE EQUIPAMIENTO DE PLANTA TRONADOR, PLANTA PIN Y ESTACIONES DE BOMBEO CLOACALES',1,NULL,'5902-3176/12',NULL,NULL,994000.00,NULL,NULL,NULL,NULL,8,NULL,1),(60,'0033','REPARACIÓN Y CONSERVACIÓN DE EQUIPAMIENTO DE PLANTA TRONADOR, PLANTA PIN Y ESTACIONES DE BOMBEO CLOACALES',1,NULL,'5902-4549/13',NULL,NULL,945000.00,NULL,NULL,NULL,NULL,8,NULL,1),(61,'0034','ACUEDUCTO PUNTA BARDITA - ETAPA I',1,NULL,'4865-13055/11',NULL,NULL,1963545.56,NULL,NULL,NULL,NULL,8,NULL,1),(62,'0035','COLECTOR DE DRENAJE ENTUBADO',1,NULL,'4865-12347/11',NULL,NULL,2476818.25,NULL,NULL,NULL,NULL,8,NULL,1),(63,'0036','REHABILIZACION DE LA PLANTA POTABILIZADORA MODULAR',1,NULL,'4865-13052/11',NULL,NULL,1782237.40,NULL,NULL,NULL,NULL,8,NULL,1),(64,'0037','REMODELACION DEL SISTEMA DE AGUA POTABLE COMUNIDAD CURRUHUINCA - ETAPA I',1,NULL,'4865-11901/11',NULL,NULL,1618739.06,NULL,NULL,NULL,NULL,8,NULL,1),(65,'0038','REFUERZO SISTEMA DE AGUA POTABLE NUEVOS LOTES Y REFACCION OFICINAS',1,541410.00,'4865-8697/10','CONSTRUCCIÓN DE OFICINA JEFE DE SERVICIO COMERCIAL, CONSTRUCCION DEK CERCO OLÍMPICO PARA EL CERRAMIENTO DE LA OFICINA COMERCIAL Y CONSRUCCIÓN DE NUEVAS REDES.',NULL,334716.99,'2010-08-01',4,'','',8,'',1),(66,'0039','REPARACION Y MANTENIMIENTO INTEGRAL DE LA PLANTA DE LIQUIDOS CLOACALES',1,NULL,'4865-12467/11',NULL,NULL,288090.00,NULL,NULL,NULL,NULL,8,NULL,1),(67,'0040','EJECUCIÓN DE RESERVA DE AGUA - PARQUE INDUSTRIAL MINERO',1,NULL,'5902-1239/12',NULL,NULL,965758.85,NULL,NULL,NULL,NULL,8,NULL,1),(68,'0041','REPARACIÓN, CONSERVACION Y OPERACIÓN DEL SISTEMA DE AGUA POTABLE DE LAS COMUNIDADES PAYNEMIL-KAXIPAYÑ',1,585058.53,'5902-4797/13','LAS TAREAS INCLUIDAS EN ESTA OBRA CORRESPONDEN A TRABAJOS DE REPARACIÓN, CONSERVACIÓN Y OPERACIÓN NECESARIOS EN EL SISTEMA DE PROVISIÓN DE AGUA POTABLE A LOS EFECTOS DE ASEGURAR LA PROVISIÓN DE AGUA A LA POBLACIÓN.',NULL,585058.53,'2012-11-01',1,'','',8,'',1),(69,'0042','REPARACIÓN, CONSERVACION Y OPERACIÓN DEL SISTEMA DE AGUA POTABLE DE LAS COMUNIDADES PAYNEMIL-KAXIPAYÑ',1,NULL,'5902-3954/12',NULL,NULL,1560156.08,NULL,NULL,NULL,NULL,6,NULL,1),(70,'0043','REPARACION DE ROTURAS Y CONEXIONES DOMICILIARIAS EN REDES Y SERVICIOS DE AGUA POTABLE',1,NULL,'5902-4375/12',NULL,NULL,870323.10,NULL,NULL,NULL,NULL,6,NULL,1),(71,'0044','CONSERVACION Y MANTENIMIENTO DE COLECTORAS MÁXIMAS.',1,687555.00,'5902-4852/13','LAS TAREAS A EJECUTAR CONSISTEN EN LA RESTITUCIÓN, MEDIANTE PASADO DE LANZAS Y MANGUERA DEL EQUIPO DES-OBSTRUCTOR DE HIDRO-LAVADO DE ALTA PRESIÓN, DEL DIÁMETRO ORIGINAL DE LAS COLECTORAS.\r\nSE PREVÉ EFECTUAR LAS TAREAS DE MANTENIMIENTO, REACONDICIONAMIENTO Y REPARACIÓN NECESARIA, EN REDES SECUNDARIAS DE CLOACAS, POZOS DE BOMBEO Y PLANTAS DE TRATAMIENTO DE LIQUIDOS CLOACALES DE LA CIUDAD.',NULL,687555.00,'2012-05-01',3,'','',9,'A LA ESPERA QUE EL INSPECTOR CONFECCIONE EL ACTA DE RECEPCION',1),(72,'0045','REPARACIÓN Y CONSERVACIÓN DE EQUIPAMIENTO DE PLANTA TRONADOR, PLANTA PIN Y ESTACIONES DE BOMBEO CLOACALES',1,630000.00,'5902-005402/13','LOS TRABAJOS A REALIZAR COMPRENDEN LA REPARACIÓN DE EQUIPAMIENTO Y TABLEROS, CAMBIO Y MANTENIMIENTO DE VÁLVULAS EN PLANTA TRONADOR, REPARACIÓN DE TAPAS DE POZOS RECAMBIO DE GUÍAS PARA IZAJE DE BOMBAS Y REJAS CANASTO EN ESTACIONES DE BOMBEO CLOACALES, TRABAJOS DE PINTURA DE PROTECCIÓN A LOS ELEMENTOS METÁLICOS PARA PROTECCIÓN CONTRA EL EFECTO EROSIVO Y CORROSIVO DEL EFLUENTE CLOACAL.',NULL,630000.00,'2013-05-01',3,'','',9,'',1),(73,'0046','LIMPIEZA Y REFACCIÓN DE COLECTORAS MÁXIMAS - ETAPA I/2013',1,NULL,'5902-4376/12',NULL,NULL,2766327.79,NULL,NULL,NULL,NULL,6,NULL,1),(74,'0047','PROVISION DE AGUA PÓTABLE PARA OBRA LOTE DEFENSA CIVIL',1,NULL,'5902-2251/12',NULL,NULL,162489.60,NULL,NULL,NULL,NULL,6,NULL,1),(75,'0048','TRABAJOS COMPLEMENTARIOS DE LA OBRA: CONSERVACION Y MANTENIMIENTO DE COLECTORAS MÁXIMAS',1,208350.00,'5902-5760/13','LAS TAREAS A EJECUTAR CONSISTEN EN LA RESTITUCIÓN, MEDIANTE PASADO DE LANZAS Y MANGUERA DEL EQUIPO DES-OBSTRUCTOR DE HIDRO-LAVADO DE ALTA PRESIÓN, DEL DIÁMETRO ORIGINAL DE LAS COLECTORAS. \r\nSE PREVÉ EFECTUAR LAS TAREAS DE MANTENIMIENTO, REACONDICIONAMIENTO Y REPARACIÓN NECESARIA, EN REDES SECUNDARIAS DE CLOACAS, POZOS DE BOMBEO Y PLANTAS DE TRATAMIENTO DE LIQUIDOS CLOACALES DE LA CIUDAD.',NULL,NULL,'2012-05-01',3,'','',9,'A LA ESPERA QUE EL INSPECTOR CONFECCIONE EL ACTA DE RECEPCION',1),(76,'0049','READECUACIÓN DESCARGA SUR DE AGUA LAVADO DE FILTROS EN PLANTA POTABILIZADORA MARI MENUCO ',1,NULL,'5902-3984/12',NULL,NULL,995379.30,NULL,NULL,NULL,NULL,6,NULL,1),(77,'0050','REPARACIONES EN REDES Y SERVICIOS DE AGUA POTABLE - SECTOR O2',1,NULL,'5902-6345/13',NULL,NULL,1500000.00,NULL,NULL,NULL,NULL,6,NULL,1),(78,'0051','REPARACIONES EN REDES Y SERVICIOS DE AGUA POTABLE - SECTOR E2',1,NULL,'5902-6347/13',NULL,NULL,1500000.00,NULL,NULL,NULL,NULL,6,NULL,1),(79,'0052','REPARACIONES EN REDES Y SERVICIOS DE AGUA POTABLE - SECTOR O1',1,NULL,'5902-6346/13',NULL,NULL,1500000.00,NULL,NULL,NULL,NULL,6,NULL,1),(80,'0053','OPERACIÓN Y MANTENIMIENTO DE INSTALACIONES Y EQUIPOS PARA PLANTA TRONADOR, PLANTA PIN Y ESTACIONES DE BOMBEO DE EFLUENTES CLOACALES',1,NULL,'5902-6593/13',NULL,NULL,668343.63,NULL,NULL,NULL,NULL,6,NULL,1),(81,'0054','REPARACIONES EN REDES Y SERVICIOS DE AGUA POTABLE - SECTOR E1',1,NULL,'5902-6348/13',NULL,NULL,1500000.00,NULL,NULL,NULL,NULL,6,NULL,1),(82,'0055','OPERACIÓN Y MANTENIMIENTO DE INSTALACIONES Y EQUIPOS PARA PLANTA TRONADOR, PLANTA PIN Y ESTACIONES DE BOMBEO DE EFLUENTES CLOACALES - ETAPA I/2013',1,980237.32,'5902-5911/13','LOS TRABAJOS A REALIZAR COMPRENDEN LA REPARACIÓN DE EQUIPAMIENTO Y TABLEROS, CAMBIO Y MANTENIMIENTO DE VÁLVULAS EN PLANTA TRONADOR, REPARACIÓN DE TAPAS DE POZOS, RECAMBIO DE GUÍAS PARA IZAJE DE BOMBAS Y REJAS CANASTO EN ESTACIONES DE BOMBEO CLOACALES, TRABAJOS DE PINTURA DE PROTECCIÓN A LOS ELEMENTOS METÁLICOS PARA PROTECCIÓN CONTRA EL EFECTO EROSIVO Y CORROSIVO DEL EFLUENTE CLOACAL.',NULL,964480.00,'2012-05-01',3,'','',8,'',1),(83,'0001','C.F.P 23 - REPARACION POR INCENDIO',5,NULL,'5844-0361/2013',NULL,NULL,NULL,NULL,NULL,NULL,NULL,6,NULL,5),(84,'0002','E.P.A. NRO 8 - EDIFICIO NUEVO',5,NULL,'5840-0097/2012',NULL,NULL,NULL,NULL,NULL,NULL,NULL,6,NULL,5),(85,'0003','CENTRO DE SALUD COCHICO  - SALA DE REUNION Y COCHERA - REFACCION DE BAÑOS',5,NULL,'5845-0175/2013',NULL,NULL,NULL,NULL,NULL,NULL,NULL,6,NULL,5),(86,'0004','ESCUELA PRIMARIA NRO 63 - REFACCIONES VARIAS',5,NULL,'5844-0143/2012',NULL,NULL,NULL,NULL,NULL,NULL,NULL,6,NULL,5),(87,'0005','ESCUELA ESPECIAL NRO 12 - EDIFICIO NUEVO',5,NULL,'4721-0607/2011',NULL,NULL,NULL,NULL,NULL,NULL,NULL,6,NULL,5),(88,'0006','S.A.F. I  - EDIFICIO NUEVO',5,NULL,'4721-0578/2011',NULL,NULL,NULL,NULL,NULL,NULL,NULL,6,NULL,5),(89,'0007','PUESTO SANITARIO  - CONSULTORIOS Y ACCESO',5,NULL,'5843-0042/2013',NULL,NULL,NULL,NULL,NULL,NULL,NULL,6,NULL,5),(90,'0008','S.A.F. I  - EDIFICIO NUEVO',5,NULL,'4721-0580/2011',NULL,NULL,NULL,NULL,NULL,NULL,NULL,6,NULL,5),(91,'0009','C.P.E.M. NRO 25 - S.U.M.',5,NULL,'3970-0723/2006',NULL,NULL,NULL,NULL,NULL,NULL,NULL,6,NULL,5),(92,'0010','ESCUELA ESPECIAL TAYIL  - EDIFICIO NUEVO - 5 AULAS, GABINETE, ADM, COCINA, COMEDOR, DEPOSITO, SUM',5,NULL,'4721-0308/2012',NULL,NULL,NULL,NULL,NULL,NULL,NULL,6,NULL,5),(93,'0011','ESCUELA PRIMARIA Z1 - EDIFICIO NUEVO',5,NULL,'4721-0600/2011',NULL,NULL,NULL,NULL,NULL,NULL,NULL,6,NULL,5),(94,'0012','HOGAR MALEN MAIHUE  - REPARACIONES VARIAS',5,NULL,'5845-0122/2012',NULL,NULL,NULL,NULL,NULL,NULL,NULL,6,NULL,5),(95,'0013','HOSPITAL BOUQUET ROLDAN  - BANCO DE SANGRE SEGURA',5,NULL,'5844-0082/2012',NULL,NULL,NULL,NULL,NULL,NULL,NULL,6,NULL,5),(96,'0014','E.P.E.T. NRO 10 - ETAPA I - TALLERES',5,NULL,'4721-0611/2011',NULL,NULL,NULL,NULL,NULL,NULL,NULL,6,NULL,5),(97,'0015','E.P.E.T. NRO 16 - AMPLIACION DE TALLERES',5,NULL,'5840-0098/2012',NULL,NULL,NULL,NULL,NULL,NULL,NULL,6,NULL,5),(98,'0016','ESCUELA ESPECIAL NRO 19 - EDIFICIO NUEVO - ETAPA I',5,NULL,'4721-0577/2011',NULL,NULL,NULL,NULL,NULL,NULL,NULL,6,NULL,5),(99,'0017','C.P.E.M. NRO 82 - EDIFICIO NUEVO',5,NULL,'5840-0244/2012',NULL,NULL,NULL,NULL,NULL,NULL,NULL,6,NULL,5),(100,'0018','ESCUELA PRIMARIA NRO 3 - SUM',5,NULL,'4721-0383/2009',NULL,NULL,NULL,NULL,NULL,NULL,NULL,6,NULL,5),(101,'0019','HOGAR AYELEN  - EDIFICIO NUEVO',5,NULL,'4721-0663/2011',NULL,NULL,NULL,NULL,NULL,NULL,NULL,6,NULL,5),(102,'0020','C.P.E.M. NRO 79 - CERCO PERIMETRAL',5,NULL,'5844-0276/2013',NULL,NULL,NULL,NULL,NULL,NULL,NULL,6,NULL,5),(103,'0021','CASA HOGAR ADMISION  - FILTRACIONES EN TECHO - ILUMINACION - REMODELACION DE INSTALACION CLOACAL INTERNA',5,NULL,'5845-0119/2012',NULL,NULL,NULL,NULL,NULL,NULL,NULL,6,NULL,5),(104,'0022','E.P.E.A. 3 - EDIFICIO NUEVO',5,NULL,'5844-0284/2013',NULL,NULL,NULL,NULL,NULL,NULL,NULL,6,NULL,5),(105,'0023','E.P.A. NRO 4 - CERCO PERIMETRAL',5,NULL,'5844-0369/2013',NULL,NULL,NULL,NULL,NULL,NULL,NULL,6,NULL,5),(106,'0001','REHABILITACIÓN Y REPAVIMENTACIÓN RUTA PROVINCIAL Nº17, TRAMO: PICÚN LEUFÚ _ PLAZA HUINCUL – AÑELO',3,67888175.43,'4799-0195/08',NULL,25000,NULL,NULL,NULL,NULL,NULL,5,NULL,3),(107,'0002','AUTOVÍA DE CIRCULACIÓN DE NEUQUÉN, TRAMO: ACCESO P.I.N. OESTE ( KM 9,60) PUNTO D EMPALME RUTA NACIONAL Nº22 ( PLOTTIER), SECCIÓN I (PROGRESIVA 0,00 – PROGRESIVA 14900)',3,NULL,'3866-2765/06',NULL,NULL,46500000.00,'2006-08-01',NULL,NULL,NULL,10,NULL,3),(108,'0003','AUTOVÍA DE CIRCUNVALACIÓN DE NEUQUÉN - PLOTTIER, TRAMO: ACCESO P.I.N. OESTE ( KM 9,60) PUNTO D EMPALME RUTA NACIONAL Nº22 ( PLOTTIER), SECCIÓN I I ( PROGRESIVA 14900)Y ACCESO RUTA NACIONAL Nº22 – PROG.141 (EMPALME ACTUAL TRAZA RUTA NACIONAL Nº22)',3,NULL,'3866-3515/07',NULL,NULL,38782000.00,'2007-05-01',NULL,NULL,NULL,10,NULL,3),(109,'0004','CONSTRUCCIÓN PUENTE S/RÍO NEUQUÉN EN ANDACOLLO Y PUENTE S/RÍO NAHUEVE EN ACCESO A VILLA NAHUEVE',3,NULL,'3866-3230/07',NULL,5000,12919101.02,'2006-12-01',NULL,NULL,NULL,9,NULL,3),(110,'0005','RUTA PROVINCIAL Nº43, TRAMO: PUENTE S/RÍO NEUQUÉN EN ANDACOLLO-LAS OVEJAS, SECCIÓN I: PUENTE S/RÍO NEUQUÉN EN ANDACOLLO – ACCESO PUENTE S/RÍO NAHUEVE',3,NULL,'3866-3734/07',NULL,5000,45443000.00,'2007-09-01',NULL,NULL,NULL,7,NULL,3),(111,'0006','RUTA PROVINCIAL Nº43 TRAMO : LA PRIMAVERA – ANDACOLLO, SECCIÓN II : HUARACO – ANDACOLLO',3,NULL,'3866-3226/07',NULL,5000,21583598.48,'2007-02-01',NULL,NULL,NULL,7,NULL,3),(112,'0007','SEÑALIZACIÓN HORIZONTAL Y VERTICAL TRAVESÍAS URBANAS LOCALIDADES DE ALUMINÉ, LONCOPUÉ, ESCUELA Nº204 EN CENTENARIO Y PUENTE SOBRE RÍO MALLEO EN RUTA PROVINCIAL Nº23',3,NULL,'4862-1629/11',NULL,10000,2892123.90,'2011-01-01',NULL,NULL,NULL,9,NULL,3),(113,'0008','RUTA PRONCIAL Nº7 TRAMO : AÑELO – EMPALME RUTA PROV.Nº5 SECCIÓN PROG. 494828,96 – EMP. RUTA PROV. Nº5 (Aº CARRANZA) RUTA PROV. Nº5 TRAMO: EMPALME RUTA PROV. Nº7 – EMPALME RUTA PROV. Nº6, SECCIÓN: EMPALME RUTA PROV. Nº7 – Aº CARRANZA',3,NULL,'4862-1297/10',NULL,20000,18945841.55,'2010-08-01',NULL,NULL,NULL,8,NULL,3),(114,'0009','MANTENIMIENTO RUTA PROV. Nº7 TRAMO PIN NEUQUÉN – 3ª ROTONDA CENTENARIO – CAMINO JAIME DE NEVARES',3,NULL,'5903-0311/12',NULL,NULL,1141386.52,'2012-04-01',NULL,NULL,NULL,8,NULL,3),(115,'0010','CONSERVACIÓN Y MANTENIMIENTO SISTEMA DE SEÑALIZACIÓN LUMINOSA EN RUTA NACIONAL Nº22 TRAMO NEUQUEN – PLOTTIER SECCIÓN : PAIMÚN – Bº UNIÓN',3,NULL,'5903-0193/12',NULL,NULL,3559791.00,'2012-02-01',NULL,NULL,NULL,6,NULL,3),(116,'0011','READECUACIÓN GALPÓN PARA CAMPAMENTO DPV – AGUA FRÍA',3,NULL,'5903-0337/12',NULL,2500,1190999.10,'2012-02-01',NULL,NULL,NULL,10,NULL,3),(117,'0012','CONSTRUCCIÓN PUENTE S/ARROYO LIMENCO EN CERRO MESA',3,NULL,'5903-0356/12',NULL,NULL,653818.00,'2012-02-01',NULL,NULL,NULL,10,NULL,3),(118,'0013','PROVISIÓN DE MATERIAL PROCESADO DE CANTERA PARA RUTA PROV. Nº43 TRAMO LA PRIMAVERA – ANDACOLLO SECCIÓN I : LA PRIMAVERA – HUARACO ( KM 10 )',3,NULL,'5903-0520/12',NULL,NULL,3761394.00,'2012-06-01',NULL,NULL,NULL,9,NULL,3),(119,'0014','MANTENIMIENTO DE LA LIMPIEZA, DE LA FORESTACION Y SISTEMA DE RIEGO EN RUTA NAC. Nº22, TRAMO NEUQUEN- PLOTTIER, SECCIÓN I Y II: ROTONDA PROS. POBLADORES – CALLE OLASCOAGA(PLOTTIER)',3,3700000.00,'5903-0587/12',NULL,NULL,3088533.00,'2012-09-01',NULL,NULL,NULL,6,NULL,3),(120,'0015','CONSERVACIÓN Y MANTENIMIENTO SISTEMA DE SEÑALIZACIÓN LUMINOSA EN RUTA NAC. Nº22 TR.: NEUQUEN- PLOTTIER SECCIÓN : ESCUELA EX EMETA- CALLE OLASCOAGA (PLOTTIER)',3,1850000.00,'5903-0586/12',NULL,NULL,1528770.00,'2012-09-01',NULL,NULL,NULL,6,NULL,3),(121,'0016','CONSTRUCCIÓN DE ALCANTARILLA S/ARROYO TURBIO EN RUTA PROV. Nº60',3,2500000.00,'5903-0608/12',NULL,NULL,1970546.00,'2012-07-01',NULL,NULL,NULL,9,NULL,3),(122,'0017','ALQUILER DE MOTONIVELADORA, S/OPERARIO PARA LA PAVIMENTACIÓN DE RUTA PROV.Nº43, TRAMO: LA PRIMAVERA – HUARACO',3,600000.00,'5903-0772/12',NULL,NULL,532840.00,'2012-11-01',NULL,NULL,NULL,6,NULL,3),(123,'0018','ALQUILER DE MOTONIVELADORA S/OPERARIO PARA LA PAVIMENTACIÓN DE LA RUTA PROV. Nº61, TRAMO EMPALME RUTA NAC. Nº40 – PTE. S/RIO CHIMEHUIN',3,600000.00,'5903-0773/12',NULL,NULL,532840.00,'2012-11-01',NULL,NULL,NULL,6,NULL,3),(124,'0019','PASARELA COLGANTE PEATONAL – VEHICULAR S/RIO NEUQUÉN EN BUTALÓN NORTE',3,NULL,'4862-1475/11',NULL,NULL,5416618.87,'2010-06-01',NULL,NULL,NULL,6,NULL,3),(125,'0020','RECONSTRUCCIÓN DE PASARELA PEATONAL S/ARROYO CHACAY MELEHUE, PARAJE EL ALAMITO Y CONSTRUCCIÓN DE VIGAS RETICULADA P/PASARELA S/ARROYOP AQUIHUECÓ',3,1100000.00,'5903-1009/13',NULL,1000,913644.27,'2013-02-01',NULL,NULL,NULL,8,NULL,3),(126,'0021','ALQUILER DE MOTONIVELADORA P/REALIZAR TAREAS DE MANTENIMIENTO DE CAMINOS DE ACCESOS A COMUNIDADES INDÍGENAS EN JURISDICCIÓN DISTRITO IV S.M.A.',3,500000.00,'5903-1130/13',NULL,NULL,402000.00,'2013-03-01',NULL,NULL,NULL,6,NULL,3),(127,'0022','ALQUILER DE MOTONIVELADORA Y CARGADORA FRONTAL, PARA REALIZAR TAREAS DE MANTENIMIENTO EN RUTA PROV. Nº23, TR. : LITRAN – PINO HACHADO DISTRITO V – ALUMINÉ',3,800000.00,'5903-1131/13',NULL,NULL,662400.00,NULL,NULL,NULL,NULL,6,NULL,3),(128,'0023','VINCULACIÓN AUTOVÍA NEUQUÉN - PLOTTIER CON RUTA PROVINCIAL Nº 7',3,20000000.00,'5903-1082/13',NULL,NULL,14569419.36,NULL,NULL,NULL,NULL,5,NULL,3),(129,'0024','CALZADA MEJORATIVA RUTA PROV. Nº 48 TR: EMP. RUTA NAC. Nº 234 - LÍMITE CON CHILE, SECCIÓN PROG. 940.00 - PROG. 1455.20',3,4700000.00,'5903-1173/13',NULL,NULL,3671848.00,'2013-03-01',NULL,NULL,NULL,4,NULL,3),(130,'0025','RUTA PROV. Nº62 – RETIRO DE ÁRBOLES Y CONSTRUCCIÓN MUROS DE GAVIONES',3,4750000.00,'',NULL,NULL,3789651.80,NULL,NULL,NULL,NULL,6,NULL,3),(131,'0026','RUTA PROV. Nº65 – TRAVESÍA URBANA DE VILLA TRAFUL',3,33500000.00,'',NULL,NULL,28098061.00,NULL,NULL,NULL,NULL,6,NULL,3),(132,'0027','ESTUDIOS Y PROYECTOS DE :1 BAJADA DESDE AUTOVÍA DE CIRCUNVALACIÓN NEUQUEN-PLOTTIER DESDE PUNTO D POR CALLE CASIMIRO GOMEZ- BAJADA 2 DESDE AUTOVÍA DESDE ROTONDA PROG.1459,00 POR CALLE HUILEN',3,NULL,'4862-1170/11',NULL,NULL,NULL,NULL,NULL,NULL,NULL,6,NULL,3),(133,'0028','ESTUDIO DE IMPACTO AMBIENTAL DE LA RUTA PROV. Nº63 TRAMO EMPALME RUTA NAC. Nº234 – KM 19,00',3,NULL,'4862-1323/10',NULL,NULL,NULL,NULL,NULL,NULL,NULL,7,NULL,3),(134,'0029','EJECUCIÓN DE MENSURAS DE AFECTACIÓN RUTA PROV. Nº63 LOTE C3B- CONFLUENCIA Y RUTA Nº66 LOTES 14 Y 15A VºLA ANGIOSTURA- DPTO. LOS LAGOPS',3,NULL,'4862-1736/11',NULL,NULL,NULL,NULL,NULL,NULL,NULL,7,NULL,3),(135,'0030','ELABORACIÓN Y ANÁLISIS ECONÓMICO DE PAVIMENTACIÓN DE LA RUTA PROV. Nº13 TR.: PRIMEROIS PINOS – LITRÁN, SECCIÓN QUILCA – LITRÁN',3,NULL,'5903-1075/13',NULL,NULL,NULL,NULL,NULL,NULL,NULL,8,NULL,3),(136,'0031','ASISTENCIA TÉCNICA P/ANÁLISIS Y DIAGNÓSTICO SITUACIÓN DOMINIAL DE TIERRAS COLINDANTES CON LA RUTAS DE LA PCIA. NEUQUEN',3,300000.00,'5903-1172/13',NULL,NULL,NULL,NULL,NULL,NULL,NULL,6,NULL,3),(137,'0032','PROYECTO Y OBRA DE SEMAFORIZACIÓN Y SEÑALIZACIÓN EN RUTA PROV. Nº7 TRAMO:NEUQUÉN-CENTENARIO',3,4500000.00,'',NULL,NULL,NULL,NULL,NULL,NULL,NULL,6,NULL,3),(138,'0033','RECONDICIONAR AEROPUERTO DE ZAPALA ( INCLUYE EL BALIZAMIENTO )',3,13000000.00,'',NULL,NULL,NULL,NULL,NULL,NULL,NULL,6,NULL,3),(139,'0001','SAN ISIDRO LABRADOR-PROV AGUA PARA RIEGO MICRO REGION CUTRAL-CO-PLAZA HUINCUL',4,34483277.63,'3300-8658/05',NULL,13000,147671694.00,'2005-11-01',NULL,NULL,NULL,6,NULL,4),(140,'0002','DESCARGA PLUVIOALUVIONAL EN EL RIO NEUQUEN-BARRIOS SARMIENTO, TRAHUN HUE, ELUNEY, LA ESPERANZA Y SAYHUEQUE-CENTENARIO',4,6148639.00,'4807-2790/11',NULL,13700,3996603.32,'2011-03-01',NULL,NULL,NULL,6,NULL,4),(141,'0003','TRABAJOS COMPLEMENTARIOS DESCARGA PLUVIOALUVIONAL - CENTENARIO ETAPA I',4,6148639.00,'5951-00919/2012',NULL,13700,997344.38,'2012-10-01',NULL,NULL,NULL,6,NULL,4),(142,'0004','MANTENIMIENTO DE CANALES PLOTTIER - SENILLOSA',4,7962148.75,'5951-00683/12',NULL,200,74549.16,'2012-07-01',NULL,NULL,NULL,8,NULL,4),(143,'0005','REACONDICIONAMIENTO CANALES DE DESAGÜE SISTEMA DE DRENAJE LIMAY INFERIOR - VALENTINA NORTE',4,7962148.75,'5951-00818/2012','Objetivo: El objetivo de la obra es garantizar el servicio de drenaje agrícola en forma satisfactoria y la evacuación del agua de lluvia. La población beneficiada es la comunidad de regantes del Sistema de Riego Limay Inferior del sector Valentina Norte. Los desagües sirven a una superficie de 1.500 hectáreas de cultivos frutícolas, hortícolas y pastoriles. Además beneficia a la población que habita en esta zona de desarrollo de proyectos urbanísticos.\r\n\r\nDescripción: Los trabajos consisten en el reacondicionamiento de la sección de 5.500 metros de canales de desagües mediante limpieza mecanizada, reacondicionamiento de banquinas, extracción de material embancado y de basura en general y la extracción de árboles desde las raíces. Adicionalmente, se limpiarán manualmente las obras de arte existentes en los canales (puentes, alcantarillas, etc.) y serán extraídas completamente algunas donde resultó necesario a los fines de garantizar el correcto funcionamiento del sistema de drenaje.',200,492766.00,'2012-09-01',NULL,NULL,NULL,8,NULL,4),(144,'0006','REACONDICIONAMIENTO  DE LA SECCIÓN DEL DESAGÜE Y LIMPIEZA DE EMBANQUE SECTOR CHACRAS - MARIANO MORENO',4,7962148.75,'5951-00952/2012',NULL,150,545187.20,'2012-10-01',NULL,NULL,NULL,8,NULL,4),(145,'0007','READECUACIÓN DESAGÜE PLUVIOALUVIONAL - MARIANO MORENO',4,7962148.75,'5951-00945/2012',NULL,150,679056.20,'2012-10-01',NULL,NULL,NULL,8,NULL,4),(146,'0008','REACONDICIONAMIENTO BOCATOMA CANAL PRINCIPAL Y DESCARGADORES RINCÓN COLORADO - OCTAVIO PICO',4,7962148.75,'5951-00794/2012',NULL,100,487845.00,'2012-09-01',NULL,NULL,NULL,8,NULL,4),(147,'0009','BOMBEO PARA RIEGO - COLONIA NUEVA ESPERANZA',4,7962148.75,'5951-1650/13','Objetivo: materializar la infraestructura necesaria para la provisión del agua de riego al área productiva del barrio Colonia Nueva Esperanza, que ronda las 600 familias cuya actividad principal depende fuertemente de la producción agropecuaria. El caudal de diseño máximo instantáneo es de 52 litros por segundo, pero la provisión del agua estará sujeta a la disponibilidad de agua en el embalse de excedentes de la Planta Potabilizadora.\r\n\r\nDescripción: Consiste en la provisión de energía eléctrica al sitio de bombeo ubicado a la salida del embalse de excedentes, la obra civil de captación, el equipamiento electromecánico; la conducción de acero de diámetro 500 milímetros desde bocatoma hasta la sala de máquinas (45 metros aproximadamente); la conducción de PVC de diámetro de 250 milímetros de 2.776 metros de longitud entre la sala de máquinas hasta su inyección en la actual red del barrio Colonia Nueva Esperanza. El desnivel entre el punto de captación de entrega es de aproximadamente 17 metros.',2400,2180719.51,'2013-05-01',NULL,NULL,NULL,6,NULL,4),(148,'0010','LIMPIEZA Y REPARACION DE CANAL SECUNARIO II DE LA TOMA 4 - SENILLOSA PLOTTIER',4,7962148.75,'5951-00782/12',NULL,200,324155.71,'2012-08-01',NULL,NULL,NULL,8,NULL,4),(149,'0011','REACONDICIONAMIENTO CANAL PLUVIALUVIONAL - PLAZA HUINCUL - ETAPA I',4,7962148.75,'5951-000849/12',NULL,250,656434.94,'2012-09-01',NULL,NULL,NULL,8,NULL,4),(150,'0012','REACONDICIONAMIENTO Y READECUACIÓN PREDIO RECURSOS HÍDRICOS PLOTTIER',4,540354.00,'5951-001035/12',NULL,NULL,469872.40,'2012-10-01',NULL,NULL,NULL,8,NULL,4),(151,'0013','PROY. DE REACTIVACION, SISTEMATIZACION Y SANEAMIENTO DEL ARROYO DURÁN',4,1037957.00,'4807-2092/10','Objetivo: Diseñar las medidas estructurales y no estructurales para lograr la recuperación ambiental e hidráulica del arroyo Duran, a fin de recomponer su  aptitud de uso, disponer de un aporte de agua permanente desde el río Limay y lograr la capacidad de transporte de los caudales provenientes desde el oeste la ciudad, ante la ocurrencia de tormentas conectivas de gran intensidad.\r\n \r\nEl objetivo fue contar con el proyecto para la ejecución de las obras necesarias y los elementos para la gestión de medidas no estructurales para lograr recuperar la calidad del agua y disminuir el riesgo de las inundaciones por desborde de las zonas aledañas al arroyo.\r\n\r\nDescripción: las obras proyectadas pueden resumirse en las siguientes: \r\n\r\nObra de Toma sobre el río Limay y conducción hasta el arroyo: permitirá incorporar agua limpia al arroyo.\r\n\r\nReadecuación de las secciones transversales y pendientes: estas obras consisten en la readecuación de las secciones transversales a lo largo del arroyo y sobre el canal existente en la Isla 132. Incluyen además la demolición y construcción de obras de arte y puentes a lo largo del arroyo.\r\n \r\nZona de expansión y retención: contempla la construcción de una zona de 12 Hectáreas ubicada sobre la margen norte del arroyo dentro del predio identificado como Chacra La Sirena y conocido como las 127 Hectáreas y que permitirá disminuir el caudal pico a transportar por el arroyo ante eventos extremos. \r\n\r\nObra de Descarga al brazo norte de la Isla 132: esta obra consiste en la readecuación de la obra de descarga existente.\r\n\r\nPaisajismo y recreación: incorporación y equipamiento de espacios verdes dentro de la ciudad a lo largo del arroyo, ampliando así la oferta de espacios públicos.\r\n',35000,1583000.00,'2010-09-01',NULL,NULL,NULL,8,NULL,4),(152,'0014','REACONDICIONAMIENTO SISTEMA DE RIEGO RINCÓN REDONDO VISTA ALEGRE',4,615691.00,'5951-00681/2012',NULL,100,545122.00,'2012-12-01',NULL,NULL,NULL,8,NULL,4),(153,'0015','ESTABILIZACION DE MARGENES -LOS MAITENES-TRABAJOS COMPLEMENTARIOS',4,1344804.00,'5951-00606/12',NULL,200,1213132.00,'2012-07-01',NULL,NULL,NULL,8,NULL,4),(154,'0016','PROYECTO DESAGÜES PLUVIOALUVIONALES ANDACOLLO',4,554682.00,'5951-00605/12',NULL,4800,479182.40,'2012-05-01',NULL,NULL,NULL,6,NULL,4),(155,'0001','ESC. EPEA Nº 1',6,NULL,'5200-2513/2010',NULL,NULL,1296552.70,NULL,NULL,NULL,NULL,6,NULL,6),(156,'0002','AMPLIACION Y REFACCION CPEM 79',6,NULL,'4799-2566/2011',NULL,NULL,3579839.43,NULL,NULL,NULL,NULL,6,NULL,6),(157,'0003','AMPLIACIÓN EPET 10 ',6,NULL,'5225-2508/2010',NULL,NULL,5309109.65,NULL,NULL,NULL,NULL,6,NULL,6),(158,'0004','ESC. PRIMARIA Nº 16 Y JARDIN A-C CUENCA 16',6,NULL,'5270-0367/2013',NULL,NULL,13777330.00,NULL,NULL,NULL,NULL,6,NULL,6),(159,'0005','ESCUELA Nº 68',6,NULL,'5225-003798/2011',NULL,NULL,4840669.85,NULL,NULL,NULL,NULL,6,NULL,6),(160,'0006','OBRAS DE INFRAESTRUCTURA PUBLICA, NEXO DE GAS Y EQUIPAM. COMUN. PARA BARRIO URIBURU Y TIRO FEDERAL (PROMEBA)',6,NULL,'5890-000302/2012',NULL,NULL,16805394.17,NULL,NULL,NULL,NULL,6,NULL,6),(161,'0007','GALPON JOVEN (PROMEBA)',6,NULL,'5890-000247/2012',NULL,NULL,2814717.04,NULL,NULL,NULL,NULL,6,NULL,6),(162,'0008','REPARACION Y CERRAMIENTO SUM Y POLIDEPORTIVO (CAF)',6,NULL,'5890-001270/2013',NULL,NULL,583935.41,NULL,NULL,NULL,NULL,6,NULL,6),(163,'0009','ACOND. SIST. CAPATACIÓN DE AGUA Y EQUIPOS DE BOMBEO QUETRIHUE  (CAF)',6,NULL,'5890-001211/2013',NULL,NULL,5443809.76,NULL,NULL,NULL,NULL,6,NULL,6),(164,'0010','REACOND. Y ADECUAC. SIST PLUVIOALUVIONAL CANAL MALLIN  (CAF)',6,NULL,'5890-001210/2013',NULL,NULL,8827340.88,NULL,NULL,NULL,NULL,6,NULL,6),(165,'0011','REACOND. DE EDIFICIOS PÚBLICOS MUNICIPALES, GIMNASIO Y PREDIO DEPORTIVO  (CAF)',6,NULL,'5890-001231/2013',NULL,NULL,4701436.50,NULL,NULL,NULL,NULL,6,NULL,6),(166,'0012','PROVISIÓN DE AGUA POTABLE  (CAF)',6,NULL,'5890-001261/2013',NULL,NULL,4500000.00,NULL,NULL,NULL,NULL,6,NULL,6),(167,'0013','NUEVO EDIFICIO ESCUELA PRIMARIA S/Nº CHACRA 30 SAN MARTÍN DE LOS ANDES',6,NULL,'4030-001570/2008',NULL,NULL,7996303.37,NULL,NULL,NULL,NULL,6,NULL,6),(168,'0014','AMPLIACIÓN Y REMODELACIÓN MATADERO DE BUTA RANQUIL',6,NULL,'5890-001485/2013',NULL,NULL,1358156.99,NULL,NULL,NULL,NULL,6,NULL,6),(169,'0015','AMPLIACIÓN Y REMODELACIÓN MATADERO DE TRICAO MALAL',6,NULL,'5890-001485/2014',NULL,NULL,2106560.77,NULL,NULL,NULL,NULL,6,NULL,6),(170,'0016','REHABILITACIÓN Y REPAVIMENTACIÓN RUTA PROVINCIAL Nº 17 - TRAMO: PICÚN LEUFÚ - PLAZA HUINCUL - AÑELO.',6,NULL,'4799-000195/2008',NULL,NULL,103862070.96,NULL,NULL,NULL,NULL,6,NULL,6),(171,'0017','AMPLIACIÓN ESCUELA Nº 314 - RINCÓN DE LOS SAUCES',6,NULL,'5890-001028/2013',NULL,NULL,4534804.64,NULL,NULL,NULL,NULL,6,NULL,6),(172,'0018','ESCUELA PRIMARIA Nº 68 - COLIPILLI ARRIBA',6,NULL,'5890-001507/2013',NULL,NULL,6385179.71,NULL,NULL,NULL,NULL,6,NULL,6),(173,'0019','AMPLIACIÓN DE RED CLOACAL – REACONDICIONAMIENTO AMPLIACIÓN DE LAGUNAS EXISTENTES',6,NULL,'4799-000194/2008',NULL,NULL,19957284.95,NULL,NULL,NULL,NULL,6,NULL,6),(174,'0020','SISTEMA CLOACAL SECTOR NORTE BARDAS - 1º ETAPA - NEUQUÉN CAPITAL.',6,NULL,'4799-000722/2009',NULL,NULL,17820446.34,NULL,NULL,NULL,NULL,6,NULL,6),(175,'0021','REMODELACIÓN Y AMPLIACIÓN DE LA PLANTA POTABILIZADORA  - CENTENARIO -',6,NULL,'4799 - 000721/2009',NULL,NULL,18356515.39,NULL,NULL,NULL,NULL,6,NULL,6),(176,'0056','CONSTRUCCION DE MURO PERIMETRAL Y TAREAS VARIAS - PREDIO CALLE CATAN LIL Y PUERTO DESEADO',1,NULL,'5902-6126/13','CONSISTE EN LA CONSTRUCCION DE UN MURO PERIMETRAL AL PREDIO DEL POZO DE BOMBEO CLOACAL UBICADO EN EL BARRIO VALENTINA SUR. EL MURO SERÁ DE MAMPOSTERIA DE 2,50 M DE ALTURA, CON PORTÓN DE ACCESO METÁLICO Y SERÁ CUMPLIMENTADO CON EL REACONDICIONAMIENTO DE LUMINARIAS Y ACCESORIOS DEL POZO DE BOMBEO.-',NULL,446713.89,'2013-03-01',4,'','',5,'CERTIFICADO DE ANTICIPO EN TRAMITE',1),(177,'0057','BY PASS ACUEDUCTO CISTERNA ALTA BARDA A CISTERNA UNIVERSIDAD NACIONAL DEL COMAHUE',1,NULL,'5902-6283/13','EJECUCIÓN DE UN ACUEDUCTO A GRAVEDAD DE 500MM DE DIAMETRO, CON UNA LONG. APROX. DE 350 M, QUE ABASTECE A LA CISTERNA DE LA UNIVERSIDAD NACIONAL DEL COMAHUE DESDE LAS CISTERNAS DE ALTA BARDA PARA REFORZAR EL SISTEMA DE DISTRIBUCION DE AGUA POTABLE A LA ZONA ESTE DE LA CIUDAD, MIESTRAS SE TERMINA DE DEFINIR LA CONSTRUCCIÓN DEL NEXO 4 DEL SISTEMA MARI MENUCO.-',NULL,7493551.00,'2013-03-01',NULL,'','',5,'CERTIFICADO DE ANTICIPO EN TRAMITE',1),(178,'0001','AMPLIACIÓN DOS DORMITORIOS PARA MERA YOLANDA Bº GRAN NQN NORTE',7,NULL,'2367-008327/2002',NULL,NULL,NULL,NULL,NULL,NULL,NULL,8,NULL,7),(179,'0002','VIVIENDA PARA LA FLIA DEL NIÑO MAURO TORRRES - ZAPALA',7,NULL,'5841-003892/2012',NULL,NULL,NULL,NULL,NULL,NULL,NULL,8,NULL,7),(180,'0003','PINTURA EXTERIOR EN MONOBLOCKS PLAN 329 VIV.Bº MELIPAL NQN.CA III ETAPA',7,NULL,'5841-004284/2013',NULL,NULL,NULL,NULL,NULL,NULL,NULL,8,NULL,7),(181,'0004','RED ELÉCTRICA Y ALUMBRADO PUBLICO EN SEC IX -CUENCA XVI -NQN CAP',7,NULL,'5841-003508/2012',NULL,NULL,NULL,NULL,NULL,NULL,NULL,6,NULL,7),(182,'0005','20 PLATEAS PARA MZA 20 Y 21 EN PLATEAS EN SECTOR IX -CUENCA XVI -NQN CAP',7,NULL,'5841-004150/2012',NULL,NULL,NULL,NULL,NULL,NULL,NULL,8,NULL,7),(183,'0006','ACT ORDENAMIENTO URBANO DE ASENTAMIENTOS INFORMALES EN SEC X Y XI EN CUENCA XVI',7,NULL,'5841-003987/2012',NULL,NULL,NULL,NULL,NULL,NULL,NULL,8,NULL,7),(184,'0007','DOS VIVIENDAS DE LA FAMILIA GONZALEZ Y VALDEBENITO',7,NULL,'4742-015138/2011',NULL,NULL,NULL,NULL,NULL,NULL,NULL,8,NULL,7),(185,'0008','RED ELECTRICA Y ALUMBRADO PUBLICO EN SEC VIII -CUENCA XVI -NQN CAP',7,NULL,'5841-004271/2013',NULL,NULL,NULL,NULL,NULL,NULL,NULL,6,NULL,7),(186,'0009','ENRIPIADO DE CALLES EN SECTORES VIII Y IX DE LA CUENCA XVI EN NQN CAP',7,NULL,'5841-004673/2013',NULL,NULL,NULL,NULL,NULL,NULL,NULL,8,NULL,7),(187,'0010','PINTURA EXTERIROR EN MONOBLOCKS PLAN 329 VIV. BARRIO MELIPAL NEUQUEN CAPITAL IV ETAPA',7,NULL,'5841-004857/2013',NULL,NULL,NULL,NULL,NULL,NULL,NULL,8,NULL,7),(188,'0011','SUBESTACION TRANSFORMADORA EDIFICIO IPVU - ADUS',7,NULL,'4742-011725/2010',NULL,NULL,NULL,NULL,NULL,NULL,NULL,8,NULL,7),(189,'0012','PINTURA EXTERIOR EN MONOBLOCKS PLAN 252 VIV. BARRIO ISLAS MALVINAS NEUQUEN CAPITAL II ETAPA',7,NULL,'5841-004795/2013',NULL,NULL,NULL,NULL,NULL,NULL,NULL,8,NULL,7),(190,'0013','REMODELACIÓN DEL LOCAL ANTARTIDA ARGENTINA ',7,NULL,'5841-004304/2013',NULL,NULL,NULL,NULL,NULL,NULL,NULL,8,NULL,7),(191,'0014','ENCAUZAMIENT DE AGUAS PLUVIALES EN CUENCA XV NQN CAP',7,NULL,'5841-004263/2012',NULL,NULL,NULL,NULL,NULL,NULL,NULL,8,NULL,7),(192,'0015','AMPLIACIÓN EPET Nº 21 DE SMA',7,NULL,'5841-004417/2013',NULL,NULL,NULL,NULL,NULL,NULL,NULL,8,NULL,7),(193,'0016','PINTURA EXTERIOR EN MONOBLOKS PLAN 329 VIV .- Bº MELIPAL NEUQUEN CAPITAL - V ETAPA',7,NULL,'5841-004924/2013',NULL,NULL,NULL,NULL,NULL,NULL,NULL,8,NULL,7),(194,'0017','REVESTIMIENTO C/H DEL CANAL  ALUVIONAL  SECTOR VIII Y IX CUENCA XV  I NQN. CAP ',7,NULL,'5841-005050/2013',NULL,NULL,NULL,NULL,NULL,NULL,NULL,8,NULL,7),(195,'0018','CORDONES CUNETAS EN EL  SECTOR IX DE LA CUENCA XVI NQN - CAP',7,NULL,'5841-005023/2013',NULL,NULL,NULL,NULL,NULL,NULL,NULL,8,NULL,7),(196,'0019','CORDONES CUNETAS EN EL  SECTOR VIII DE LA CUENCA XVI NQN - CAP',7,NULL,'5841-004992/2013',NULL,NULL,NULL,NULL,NULL,NULL,NULL,8,NULL,7),(197,'0020','SECTORES VIII Y IX -  CUENCA XVI DE LA CIUDAD DE NQN',7,NULL,'5841-005644/2013',NULL,NULL,NULL,NULL,NULL,NULL,NULL,8,NULL,7),(198,'0021','\"NEXO DE DISTRIBUCIÓN EN MEDIA, BAJA TENSIÓN, SUBESTACIONES TRANSFORMADORAS Y SISTEMA DE ALUMBRADO PÚBLICO\"',7,NULL,'5841-005259/2013',NULL,NULL,NULL,NULL,NULL,NULL,NULL,8,NULL,7),(199,'0022','\"TERMINACION VIVIENDA DE UN DORMITORIO PARA JOHANA FLORES PLOTTIER II ETAPA\"',7,NULL,'5841-003820/2012',NULL,NULL,NULL,NULL,NULL,NULL,NULL,8,NULL,7),(200,'0023','\"MOVIMIENTO DE SUELO Y AMANZANAMIENTO EN SEC VII -CXVI NQN CAP\"',7,NULL,'5841-005893/2013',NULL,NULL,NULL,NULL,NULL,NULL,NULL,8,NULL,7),(201,'0024','\"MOVIMIENTO DE SUELO Y AMANZANAMIENTO EN SEC VI -CXVI NQN CAP\"',7,NULL,'5841-006046/2013',NULL,NULL,NULL,NULL,NULL,NULL,NULL,8,NULL,7),(202,'0025','\"REFACCION OFICINAS CALLE SAN MARTÍN IPVU NEUQUÉN\"',7,NULL,'5841-004305/2013',NULL,NULL,NULL,NULL,NULL,NULL,NULL,8,NULL,7),(203,'0026','\"REPARACIÓN DE VIVIENDAS 1, 3, 5 Y 7 DE MBK PLAN 128 NQN CAP',7,NULL,'5841-001439/2012',NULL,NULL,NULL,NULL,NULL,NULL,NULL,8,NULL,7),(204,'0027','\"APERTURA DE CALLES Y CONSTRUCCIÓN DE 20 PLATEAS EN MARIANO MORENO\"',7,NULL,'5841-004659/2013',NULL,NULL,NULL,NULL,NULL,NULL,NULL,8,NULL,7),(205,'0028','APERTURA DE CALLES Y RELLENO BAJO PLATEAS EN SEC VII -CXVI -NQN CAP',7,NULL,'5841-005894/2013',NULL,NULL,NULL,NULL,NULL,NULL,NULL,6,NULL,7),(206,'0029','\"NEXO DE ENERGIA ELÉCTRICA EN CH 32 -SMA\"',7,NULL,'5841-002893/2013',NULL,NULL,NULL,NULL,NULL,NULL,NULL,6,NULL,7),(207,'0030','\"CONTRAPISO PARA VEREDAS EN SEC VII Y IX CUENCA XVI -NQN CAP\"',7,NULL,'5841-006088/2013',NULL,NULL,NULL,NULL,NULL,NULL,NULL,6,NULL,7),(208,'0031','\"OBRAS COMPLEMENTARIAS DE CONTENCIÓN-64 VIV EN VLA\"',7,NULL,'5841-004726/2012',NULL,NULL,NULL,NULL,NULL,NULL,NULL,6,NULL,7),(209,'0032','APERTURA DE CALLES Y RELLENO BAJO PLATEAS EN SEC VI -CXVI -NQN CAP',7,NULL,'5841-006047/2013',NULL,NULL,NULL,NULL,NULL,NULL,NULL,8,NULL,7),(210,'0033','\"MOV. DE SUELO MZA 175 Y OBRA DE DESAGUE EN CHOS MALA\"',7,NULL,'5841-005895/2013',NULL,NULL,NULL,NULL,NULL,NULL,NULL,8,NULL,7),(211,'0034','\"60 PLATEAS EN MZA 3,4 Y 5 APLIACIÓN DE PLANTA URBANA EN AÑELO\"',7,NULL,'5841-006731/2013',NULL,NULL,NULL,NULL,NULL,NULL,NULL,6,NULL,7),(212,'0035','\"LIMPIEZA Y DESMALEZAMIENTO EN 110 LOTES SECTOR LAS VERTIENTES -CHOS MALA\"',7,NULL,'5841-006840/2013',NULL,NULL,NULL,NULL,NULL,NULL,NULL,8,NULL,7),(213,'0036','\"PINTURA EXTERIOR EN PLAN FONAVI 250 VIV EN Bº AILIN ANDALUE -I ETAPA -SENILLOSA\"',7,NULL,'5841-006553/2013',NULL,NULL,NULL,NULL,NULL,NULL,NULL,6,NULL,7),(214,'0037','\"AUDITORIA AMBIENTAL LOTEO SOCIAL SAN LORENZO SUR -NQN\"',7,NULL,'5841-003123/2013',NULL,NULL,NULL,NULL,NULL,NULL,NULL,6,NULL,7),(215,'0038','RELLENO Y COMPACTACIÓN BAJO 60 PLATEAS EN AMPLIACIÓN DE LA PLANTA URBANA DE AÑELO',7,NULL,'5841-006727/2013',NULL,NULL,NULL,NULL,NULL,NULL,NULL,8,NULL,7),(216,'0039','PINTURA EXTERIOR EN MONOBLOKS PLAN 252 VIVIENDAS Bº ISLAS MALVINAS III ETAPA',7,NULL,'5841-007007/2013',NULL,NULL,NULL,NULL,NULL,NULL,NULL,6,NULL,7),(217,'0040','SANEAMIENTO DEL CANAL Y NIVELACION DE CALLES\"',7,NULL,'5841-006086/2013',NULL,NULL,NULL,NULL,NULL,NULL,NULL,8,NULL,7),(218,'0041','NEXO RED DE AGUA POTABLE CH 32 SMA',7,NULL,'5841-005205/2013',NULL,NULL,NULL,NULL,NULL,NULL,NULL,6,NULL,7),(219,'0042','AMPLIACIÓN DE AULAS LABORATORIO EPET Nº 21 -SMA',7,NULL,'5841-005043/2013',NULL,NULL,NULL,NULL,NULL,NULL,NULL,8,NULL,7),(220,'0043','PINTURA Y REFACCIÓNES EN CENTRO DE LA TERCERA EDAD ALBORADA- NQN CAP',7,NULL,'5841-007132/2013',NULL,NULL,NULL,NULL,NULL,NULL,NULL,6,NULL,7),(221,'0044','PINTURA EXTERIOR EN Bº REPUBLICA DE ITALIA-NEUQUEN CAPITAL II ETAPA.',7,NULL,'5841-008030/2013',NULL,NULL,NULL,NULL,NULL,NULL,NULL,6,NULL,7),(222,'0045','PINTURA Y REFACCIONES EN CENTRO DE LA TERCERA EDAD NUEVO AMANECER - NQN CAPITAL',7,NULL,'5841-007235/2013',NULL,NULL,NULL,NULL,NULL,NULL,NULL,5,NULL,7),(223,'0046','PINTURA EXTERIOR EN MBK M1 Y M 2 -Bº PARQUE INDUSTRIAL',7,NULL,'5841-006469/2013',NULL,NULL,NULL,NULL,NULL,NULL,NULL,6,NULL,7),(224,'0047','PINTURA EXTERIOR EN MONOBLOKS T2 Y T4 - Bº FONAVI REP DE ITALIA- NQN CAP ',7,NULL,'5841-006428/2013',NULL,NULL,NULL,NULL,NULL,NULL,NULL,6,NULL,7),(239,'0001','150 VIV. E INFRAESTRUCTURA EN NQN',8,NULL,'4761-019927/09',NULL,NULL,NULL,NULL,NULL,NULL,NULL,6,NULL,8),(240,'0002','15 VIV.E INFRA PARA 144 LOTES EN VILLA EL CHOCON',8,NULL,'4761-004624/11',NULL,NULL,NULL,NULL,NULL,NULL,NULL,6,NULL,8),(241,'0003','192 VIV.E INFRA EN NEUQUEN CAPITAL',8,NULL,'4761-005928/11',NULL,NULL,NULL,NULL,NULL,NULL,NULL,6,NULL,8),(242,'0004','15 VIV. E INFRA EN LOTE Z1',8,NULL,'4761-005111/11',NULL,NULL,NULL,NULL,NULL,NULL,NULL,6,NULL,8),(243,'0005','150 VIV. E INFRAESTRUCTURA EN NQN',8,NULL,'5842-000149/12',NULL,NULL,NULL,NULL,NULL,NULL,NULL,6,NULL,8),(244,'0006','144 VIV.E INFRA EN NEUQUÉN',8,NULL,'4761-004212/10',NULL,NULL,NULL,NULL,NULL,NULL,NULL,6,NULL,8),(245,'0007','25 VIV.E INFRA EN ALUMINÉ',8,NULL,'4761-004647/11',NULL,NULL,NULL,NULL,NULL,NULL,NULL,6,NULL,8),(246,'0008','36 VIV. E INFRA EN CUTRAL CO',8,NULL,'5842-000146/12',NULL,NULL,NULL,NULL,NULL,NULL,NULL,6,NULL,8),(247,'0009','49 VIV. E INFRA EN ZAPALA',8,NULL,'4761-005168/11',NULL,NULL,NULL,NULL,NULL,NULL,NULL,6,NULL,8),(248,'0010','30 VIV. E INFRA EN LONCOPUÉ',8,NULL,'5842-000304/12',NULL,NULL,NULL,NULL,NULL,NULL,NULL,6,NULL,8),(249,'0011','40 VIV.E INFRA LOTE Z1 CUENCA XV',8,NULL,'5842-000145/12',NULL,NULL,NULL,NULL,NULL,NULL,NULL,6,NULL,8),(250,'0012','6 VIV. E INFRA MZA. 24 Bº Z1',8,NULL,'5842-000742/12',NULL,NULL,NULL,NULL,NULL,NULL,NULL,6,NULL,8),(251,'0013','267 MEJORAMIENTOS ANGOSTURA PODEMOS',8,NULL,'4761-005183/11',NULL,NULL,NULL,NULL,NULL,NULL,NULL,6,NULL,8);
/*!40000 ALTER TABLE `obra` ENABLE KEYS */;
UNLOCK TABLES;

--
-- Table structure for table `obraestado`
--

DROP TABLE IF EXISTS `obraestado`;
/*!40101 SET @saved_cs_client     = @@character_set_client */;
/*!40101 SET character_set_client = utf8 */;
CREATE TABLE `obraestado` (
  `IdObraEstado` int(10) unsigned NOT NULL AUTO_INCREMENT,
  `IdObra` int(10) unsigned NOT NULL,
  `IdEstadoObra` int(10) unsigned NOT NULL,
  `Fecha` date NOT NULL,
  `DetalleEstado` text COLLATE utf8_spanish_ci,
  PRIMARY KEY (`IdObraEstado`),
  KEY `fk_obraestado_obra` (`IdObra`),
  KEY `fk_obraestado_estadoobra` (`IdEstadoObra`),
  CONSTRAINT `fk_obraestado_estadoobra` FOREIGN KEY (`IdEstadoObra`) REFERENCES `estadoobra` (`IdEstadoObra`) ON DELETE NO ACTION ON UPDATE NO ACTION,
  CONSTRAINT `fk_obraestado_obra` FOREIGN KEY (`IdObra`) REFERENCES `obra` (`IdObra`) ON DELETE NO ACTION ON UPDATE NO ACTION
) ENGINE=InnoDB AUTO_INCREMENT=256 DEFAULT CHARSET=utf8 COLLATE=utf8_spanish_ci;
/*!40101 SET character_set_client = @saved_cs_client */;

--
-- Dumping data for table `obraestado`
--

LOCK TABLES `obraestado` WRITE;
/*!40000 ALTER TABLE `obraestado` DISABLE KEYS */;
INSERT INTO `obraestado` VALUES (1,1,7,'2013-10-02',NULL),(2,2,6,'2013-10-02',NULL),(3,3,6,'2013-10-02',NULL),(4,4,6,'2013-10-02',NULL),(5,5,6,'2013-10-02',NULL),(6,6,6,'2013-10-02',NULL),(7,7,6,'2013-10-02',NULL),(8,8,6,'2013-10-02',NULL),(9,9,6,'2013-10-02',NULL),(10,10,7,'2013-10-02',NULL),(11,11,7,'2013-10-02',NULL),(12,12,8,'2013-10-02',NULL),(13,13,7,'2013-10-02',NULL),(14,14,6,'2013-10-02',NULL),(15,15,6,'2013-10-02',NULL),(16,16,6,'2013-10-02',NULL),(17,17,6,'2013-10-02',NULL),(18,18,6,'2013-10-02',NULL),(19,19,6,'2013-10-02',NULL),(20,20,6,'2013-10-02',NULL),(21,21,6,'2013-10-02',NULL),(22,22,6,'2013-10-02',NULL),(23,23,6,'2013-10-02',NULL),(24,24,6,'2013-10-02',NULL),(25,25,6,'2013-10-02',NULL),(26,26,6,'2013-10-02',NULL),(27,27,6,'2013-10-02',NULL),(28,28,8,'2013-10-02',NULL),(29,29,8,'2013-10-02',NULL),(30,30,7,'2013-10-02',NULL),(31,31,8,'2013-10-02',NULL),(32,32,8,'2013-10-02',NULL),(33,33,8,'2013-10-02',NULL),(34,34,7,'2013-10-02',NULL),(35,35,8,'2013-10-02',NULL),(36,36,13,'2013-10-02',NULL),(37,37,8,'2013-10-02',NULL),(38,38,5,'2013-10-02',NULL),(39,39,7,'2013-10-02',NULL),(40,40,8,'2013-10-02',NULL),(41,41,13,'2013-10-02',NULL),(42,42,6,'2013-10-02',NULL),(43,43,6,'2013-10-02',NULL),(44,44,13,'2013-10-02',NULL),(45,45,13,'2013-10-02',NULL),(46,46,6,'2013-10-02',NULL),(47,47,8,'2013-10-02',NULL),(48,48,7,'2013-10-02',NULL),(49,49,7,'2013-10-02',NULL),(50,50,8,'2013-10-02',NULL),(51,51,8,'2013-10-02',NULL),(52,52,8,'2013-10-02',NULL),(53,53,8,'2013-10-02',NULL),(54,54,8,'2013-10-02',NULL),(55,55,8,'2013-10-02',NULL),(56,56,8,'2013-10-02',NULL),(57,57,8,'2013-10-02',NULL),(58,58,8,'2013-10-02',NULL),(59,59,8,'2013-10-02',NULL),(60,60,8,'2013-10-02',NULL),(61,61,8,'2013-10-02',NULL),(62,62,8,'2013-10-02',NULL),(63,63,8,'2013-10-02',NULL),(64,64,8,'2013-10-02',NULL),(65,65,8,'2013-10-02',NULL),(66,66,8,'2013-10-02',NULL),(67,67,8,'2013-10-02',NULL),(68,68,8,'2013-10-02',NULL),(69,69,6,'2013-10-02',NULL),(70,70,6,'2013-10-02',NULL),(71,71,8,'2013-10-02',NULL),(72,72,8,'2013-10-02',NULL),(73,73,6,'2013-10-02',NULL),(74,74,6,'2013-10-02',NULL),(75,75,8,'2013-10-02',NULL),(76,76,6,'2013-10-02',NULL),(77,77,6,'2013-10-02',NULL),(78,78,6,'2013-10-02',NULL),(79,79,6,'2013-10-02',NULL),(80,80,6,'2013-10-02',NULL),(81,81,6,'2013-10-02',NULL),(82,82,8,'2013-10-02',NULL),(83,83,6,'2013-10-02',NULL),(84,84,6,'2013-10-02',NULL),(85,85,6,'2013-10-02',NULL),(86,86,6,'2013-10-02',NULL),(87,87,6,'2013-10-02',NULL),(88,88,6,'2013-10-02',NULL),(89,89,6,'2013-10-02',NULL),(90,90,6,'2013-10-02',NULL),(91,91,6,'2013-10-02',NULL),(92,92,6,'2013-10-02',NULL),(93,93,6,'2013-10-02',NULL),(94,94,6,'2013-10-02',NULL),(95,95,6,'2013-10-02',NULL),(96,96,6,'2013-10-02',NULL),(97,97,6,'2013-10-02',NULL),(98,98,6,'2013-10-02',NULL),(99,99,6,'2013-10-02',NULL),(100,100,6,'2013-10-02',NULL),(101,101,6,'2013-10-02',NULL),(102,102,6,'2013-10-02',NULL),(103,103,6,'2013-10-02',NULL),(104,104,6,'2013-10-02',NULL),(105,105,6,'2013-10-02',NULL),(106,106,5,'2013-10-02',NULL),(107,107,10,'2013-10-02',NULL),(108,108,10,'2013-10-02',NULL),(109,109,9,'2013-10-02',NULL),(110,110,7,'2013-10-02',NULL),(111,111,7,'2013-10-02',NULL),(112,112,9,'2013-10-02',NULL),(113,113,8,'2013-10-02',NULL),(114,114,8,'2013-10-02',NULL),(115,115,6,'2013-10-02',NULL),(116,116,10,'2013-10-02',NULL),(117,117,10,'2013-10-02',NULL),(118,118,9,'2013-10-02',NULL),(119,119,6,'2013-10-02',NULL),(120,120,6,'2013-10-02',NULL),(121,121,9,'2013-10-02',NULL),(122,122,6,'2013-10-02',NULL),(123,123,6,'2013-10-02',NULL),(124,124,6,'2013-10-02',NULL),(125,125,8,'2013-10-02',NULL),(126,126,6,'2013-10-02',NULL),(127,127,6,'2013-10-02',NULL),(128,128,5,'2013-10-02',NULL),(129,129,4,'2013-10-02',NULL),(130,130,6,'2013-10-02',NULL),(131,131,6,'2013-10-02',NULL),(132,132,6,'2013-10-02',NULL),(133,133,7,'2013-10-02',NULL),(134,134,7,'2013-10-02',NULL),(135,135,8,'2013-10-02',NULL),(136,136,6,'2013-10-02',NULL),(137,137,6,'2013-10-02',NULL),(138,138,6,'2013-10-02',NULL),(139,139,6,'2013-10-04',NULL),(140,140,6,'2013-10-04',NULL),(141,141,6,'2013-10-04',NULL),(142,142,8,'2013-10-04',NULL),(143,143,8,'2013-10-04',NULL),(144,144,8,'2013-10-04',NULL),(145,145,8,'2013-10-04',NULL),(146,146,8,'2013-10-04',NULL),(147,147,6,'2013-10-04',NULL),(148,148,8,'2013-10-04',NULL),(149,149,8,'2013-10-04',NULL),(150,150,8,'2013-10-04',NULL),(151,151,8,'2013-10-04',NULL),(152,152,8,'2013-10-04',NULL),(153,153,8,'2013-10-04',NULL),(154,154,6,'2013-10-04',NULL),(155,155,6,'2013-10-09',NULL),(156,156,6,'2013-10-09',NULL),(157,157,6,'2013-10-09',NULL),(158,158,6,'2013-10-09',NULL),(159,159,6,'2013-10-09',NULL),(160,160,6,'2013-10-09',NULL),(161,161,6,'2013-10-09',NULL),(162,162,6,'2013-10-09',NULL),(163,163,6,'2013-10-09',NULL),(164,164,6,'2013-10-09',NULL),(165,165,6,'2013-10-09',NULL),(166,166,6,'2013-10-09',NULL),(167,167,6,'2013-10-09',NULL),(168,168,6,'2013-10-09',NULL),(169,169,6,'2013-10-09',NULL),(170,170,6,'2013-10-09',NULL),(171,171,6,'2013-10-09',NULL),(172,172,6,'2013-10-09',NULL),(173,173,6,'2013-10-09',NULL),(174,174,6,'2013-10-09',NULL),(175,175,6,'2013-10-09',NULL),(176,33,10,'2013-11-05','RECEPCION PROVISORIA ACTA 22-05-13 RESOLUCIÓN 378/13'),(177,72,9,'2013-11-05',''),(178,58,9,'2013-11-05',''),(179,176,5,'2013-11-05','CERTIFICADO DE ANTICIPO EN TRAMITE'),(180,177,5,'2013-11-05','CERTIFICADO DE ANTICIPO EN TRAMITE'),(181,75,9,'2013-11-05','A LA ESPERA QUE EL INSPECTOR CONFECCIONE EL ACTA DE RECEPCION'),(182,71,9,'2013-11-05','A LA ESPERA QUE EL INSPECTOR CONFECCIONE EL ACTA DE RECEPCION'),(183,178,8,'2013-11-06',NULL),(184,179,8,'2013-11-06',NULL),(185,180,8,'2013-11-06',NULL),(186,181,6,'2013-11-06',NULL),(187,182,8,'2013-11-06',NULL),(188,183,8,'2013-11-06',NULL),(189,184,8,'2013-11-06',NULL),(190,185,6,'2013-11-06',NULL),(191,186,8,'2013-11-06',NULL),(192,187,8,'2013-11-06',NULL),(193,188,8,'2013-11-06',NULL),(194,189,8,'2013-11-06',NULL),(195,190,8,'2013-11-06',NULL),(196,191,8,'2013-11-06',NULL),(197,192,8,'2013-11-06',NULL),(198,193,8,'2013-11-06',NULL),(199,194,8,'2013-11-06',NULL),(200,195,8,'2013-11-06',NULL),(201,196,8,'2013-11-06',NULL),(202,197,8,'2013-11-06',NULL),(203,198,8,'2013-11-06',NULL),(204,199,8,'2013-11-06',NULL),(205,200,8,'2013-11-06',NULL),(206,201,8,'2013-11-06',NULL),(207,202,8,'2013-11-06',NULL),(208,203,8,'2013-11-06',NULL),(209,204,8,'2013-11-06',NULL),(210,205,6,'2013-11-06',NULL),(211,206,6,'2013-11-06',NULL),(212,207,6,'2013-11-06',NULL),(213,208,6,'2013-11-06',NULL),(214,209,8,'2013-11-06',NULL),(215,210,8,'2013-11-06',NULL),(216,211,6,'2013-11-06',NULL),(217,212,8,'2013-11-06',NULL),(218,213,6,'2013-11-06',NULL),(219,214,6,'2013-11-06',NULL),(220,215,8,'2013-11-06',NULL),(221,216,6,'2013-11-06',NULL),(222,217,8,'2013-11-06',NULL),(223,218,6,'2013-11-06',NULL),(224,219,8,'2013-11-06',NULL),(225,220,6,'2013-11-06',NULL),(226,221,6,'2013-11-06',NULL),(227,222,5,'2013-11-06',NULL),(228,223,6,'2013-11-06',NULL),(229,224,6,'2013-11-06',NULL),(243,239,6,'2013-11-06',NULL),(244,240,6,'2013-11-06',NULL),(245,241,6,'2013-11-06',NULL),(246,242,6,'2013-11-06',NULL),(247,243,6,'2013-11-06',NULL),(248,244,6,'2013-11-06',NULL),(249,245,6,'2013-11-06',NULL),(250,246,6,'2013-11-06',NULL),(251,247,6,'2013-11-06',NULL),(252,248,6,'2013-11-06',NULL),(253,249,6,'2013-11-06',NULL),(254,250,6,'2013-11-06',NULL),(255,251,6,'2013-11-06',NULL);
/*!40000 ALTER TABLE `obraestado` ENABLE KEYS */;
UNLOCK TABLES;

--
-- Table structure for table `obrafuentefinanciamiento`
--

DROP TABLE IF EXISTS `obrafuentefinanciamiento`;
/*!40101 SET @saved_cs_client     = @@character_set_client */;
/*!40101 SET character_set_client = utf8 */;
CREATE TABLE `obrafuentefinanciamiento` (
  `IdObra` int(10) unsigned NOT NULL,
  `IdFuenteFinanciamiento` int(10) unsigned NOT NULL,
  PRIMARY KEY (`IdObra`,`IdFuenteFinanciamiento`),
  KEY `fk_obrafufi_fufi` (`IdFuenteFinanciamiento`),
  CONSTRAINT `fk_obrafufi_fufi` FOREIGN KEY (`IdFuenteFinanciamiento`) REFERENCES `fuentefinanciamiento` (`IdFuenteFinanciamiento`) ON DELETE NO ACTION ON UPDATE NO ACTION,
  CONSTRAINT `fk_obrafufi_obra` FOREIGN KEY (`IdObra`) REFERENCES `obra` (`IdObra`) ON DELETE NO ACTION ON UPDATE NO ACTION
) ENGINE=InnoDB DEFAULT CHARSET=utf8 COLLATE=utf8_spanish_ci;
/*!40101 SET character_set_client = @saved_cs_client */;

--
-- Dumping data for table `obrafuentefinanciamiento`
--

LOCK TABLES `obrafuentefinanciamiento` WRITE;
/*!40000 ALTER TABLE `obrafuentefinanciamiento` DISABLE KEYS */;
INSERT INTO `obrafuentefinanciamiento` VALUES (1,1),(2,1),(3,1),(4,1),(5,1),(6,1),(7,1),(8,1),(9,1),(10,1),(11,1),(12,1),(243,1),(13,2),(14,3),(15,3),(33,3),(46,3),(49,3),(53,3),(62,3),(67,3),(139,3),(176,3),(177,3),(16,4),(17,4),(18,4),(19,4),(20,4),(21,4),(22,4),(23,4),(24,4),(25,4),(26,4),(27,4),(29,4),(30,4),(40,4),(64,4),(87,4),(90,4),(98,4),(28,5),(37,5),(61,5),(63,5),(31,6),(32,6),(35,6),(36,6),(38,6),(41,6),(43,6),(44,6),(45,6),(52,6),(54,6),(55,6),(56,6),(65,6),(66,6),(76,6),(83,6),(89,6),(94,6),(95,6),(99,6),(101,6),(102,6),(103,6),(105,6),(34,7),(42,7),(39,8),(152,8),(47,9),(48,9),(51,9),(57,9),(58,9),(59,9),(60,9),(68,9),(69,9),(70,9),(71,9),(72,9),(73,9),(75,9),(80,9),(82,9),(85,9),(86,9),(91,9),(92,9),(93,9),(96,9),(100,9),(104,9),(140,9),(141,9),(151,9),(50,10),(77,10),(78,10),(79,10),(81,10),(74,11),(84,11),(97,11),(192,11),(130,12),(137,12),(138,12),(131,13),(142,14),(143,14),(144,14),(145,14),(146,14),(147,14),(148,14),(149,14),(150,14),(152,14),(153,14),(154,14),(139,15),(167,16),(168,17),(169,17),(168,18),(169,18),(170,18),(173,18),(170,19),(171,20),(172,20),(173,21),(174,22),(175,22),(174,23),(175,23),(178,24),(179,24),(180,24),(181,24),(182,24),(183,24),(184,24),(185,24),(186,24),(187,24),(188,24),(189,24),(190,24),(191,24),(192,24),(193,24),(194,24),(195,24),(196,24),(197,24),(198,24),(199,24),(200,24),(201,24),(202,24),(203,24),(204,24),(205,24),(206,24),(207,24),(208,24),(209,24),(210,24),(211,24),(212,24),(213,24),(214,24),(215,24),(216,24),(217,24),(218,24),(219,24),(220,24),(221,24),(222,24),(223,24),(224,24),(239,24),(240,24),(241,24),(243,24),(244,24),(245,24),(246,24),(247,24),(248,24),(249,24),(250,24),(239,25),(240,25),(241,25),(242,25),(243,25),(244,25),(245,25),(246,25),(247,25),(249,25),(250,25),(251,26);
/*!40000 ALTER TABLE `obrafuentefinanciamiento` ENABLE KEYS */;
UNLOCK TABLES;

--
-- Table structure for table `obralocalidad`
--

DROP TABLE IF EXISTS `obralocalidad`;
/*!40101 SET @saved_cs_client     = @@character_set_client */;
/*!40101 SET character_set_client = utf8 */;
CREATE TABLE `obralocalidad` (
  `IdObra` int(10) unsigned NOT NULL,
  `IdLocalidad` int(10) unsigned NOT NULL,
  PRIMARY KEY (`IdObra`,`IdLocalidad`),
  KEY `fk_obralocalidad_localidad` (`IdLocalidad`),
  CONSTRAINT `fk_obralocalidad_localidad` FOREIGN KEY (`IdLocalidad`) REFERENCES `localidad` (`IdLocalidad`) ON DELETE NO ACTION ON UPDATE NO ACTION,
  CONSTRAINT `fk_obralocalidad_obra` FOREIGN KEY (`IdObra`) REFERENCES `obra` (`IdObra`) ON DELETE NO ACTION ON UPDATE NO ACTION
) ENGINE=InnoDB DEFAULT CHARSET=utf8 COLLATE=utf8_spanish_ci;
/*!40101 SET character_set_client = @saved_cs_client */;

--
-- Dumping data for table `obralocalidad`
--

LOCK TABLES `obralocalidad` WRITE;
/*!40000 ALTER TABLE `obralocalidad` DISABLE KEYS */;
INSERT INTO `obralocalidad` VALUES (3,9),(7,9),(28,9),(29,9),(112,9),(117,9),(245,9),(2,10),(6,10),(30,10),(31,10),(109,10),(110,10),(111,10),(113,10),(118,10),(122,10),(154,10),(4,11),(9,11),(106,11),(170,11),(211,11),(215,11),(4,13),(9,13),(3,24),(7,24),(2,31),(6,31),(2,37),(6,37),(168,37),(124,38),(3,62),(7,62),(11,62),(32,62),(33,62),(4,64),(9,64),(34,64),(83,64),(84,64),(112,64),(114,64),(140,64),(141,64),(175,64),(2,76),(6,76),(4,79),(9,79),(2,92),(6,92),(2,93),(6,93),(105,93),(118,93),(122,93),(153,93),(160,93),(210,93),(212,93),(12,94),(85,94),(3,98),(7,98),(159,98),(172,98),(3,102),(7,102),(2,111),(6,111),(4,116),(9,116),(35,116),(86,116),(139,116),(246,116),(3,123),(7,123),(3,129),(7,129),(2,169),(6,169),(36,169),(5,177),(8,177),(14,177),(37,177),(38,177),(39,177),(121,177),(123,177),(126,177),(2,202),(6,202),(5,221),(8,221),(3,225),(7,225),(2,228),(6,228),(110,228),(124,228),(155,228),(2,234),(6,234),(68,241),(69,241),(102,242),(156,242),(3,244),(7,244),(40,244),(87,244),(112,244),(248,244),(3,247),(7,247),(2,255),(6,255),(88,255),(2,276),(6,276),(89,276),(4,277),(9,277),(3,278),(7,278),(41,278),(90,278),(144,278),(145,278),(204,278),(3,284),(7,284),(109,288),(10,292),(42,292),(43,292),(44,292),(45,292),(46,292),(47,292),(48,292),(49,292),(50,292),(51,292),(52,292),(53,292),(54,292),(55,292),(56,292),(57,292),(58,292),(59,292),(60,292),(70,292),(71,292),(72,292),(73,292),(74,292),(75,292),(76,292),(77,292),(78,292),(79,292),(80,292),(81,292),(82,292),(91,292),(92,292),(93,292),(94,292),(95,292),(103,292),(107,292),(108,292),(114,292),(115,292),(119,292),(120,292),(128,292),(143,292),(147,292),(151,292),(158,292),(174,292),(176,292),(177,292),(178,292),(180,292),(181,292),(182,292),(183,292),(184,292),(185,292),(186,292),(187,292),(188,292),(189,292),(190,292),(191,292),(193,292),(194,292),(195,292),(196,292),(197,292),(198,292),(200,292),(201,292),(202,292),(203,292),(205,292),(207,292),(209,292),(214,292),(216,292),(217,292),(220,292),(221,292),(222,292),(223,292),(224,292),(239,292),(241,292),(242,292),(243,292),(244,292),(249,292),(250,292),(146,297),(4,309),(9,309),(4,321),(9,321),(106,321),(170,321),(5,322),(8,322),(4,331),(9,331),(96,331),(106,331),(139,331),(149,331),(157,331),(170,331),(108,332),(115,332),(128,332),(142,332),(148,332),(150,332),(199,332),(3,350),(7,350),(3,359),(7,359),(61,359),(3,363),(7,363),(2,368),(6,368),(62,368),(63,368),(97,368),(113,368),(171,368),(1,381),(5,381),(8,381),(13,381),(64,381),(126,381),(129,381),(167,381),(192,381),(206,381),(218,381),(219,381),(4,382),(9,382),(98,382),(104,382),(173,382),(3,388),(7,388),(5,389),(8,389),(4,390),(9,390),(4,391),(9,391),(142,391),(148,391),(213,391),(2,393),(6,393),(65,393),(99,404),(125,404),(169,404),(2,409),(6,409),(4,411),(9,411),(66,411),(240,411),(5,412),(8,412),(15,412),(16,412),(17,412),(18,412),(19,412),(20,412),(21,412),(22,412),(23,412),(24,412),(25,412),(26,412),(27,412),(161,412),(163,412),(164,412),(165,412),(208,412),(251,412),(3,414),(7,414),(116,414),(117,414),(127,414),(5,417),(8,417),(162,417),(4,419),(9,419),(152,419),(4,420),(9,420),(3,422),(7,422),(67,422),(100,422),(101,422),(179,422),(247,422);
/*!40000 ALTER TABLE `obralocalidad` ENABLE KEYS */;
UNLOCK TABLES;

--
-- Table structure for table `ordentrabajo`
--

DROP TABLE IF EXISTS `ordentrabajo`;
/*!40101 SET @saved_cs_client     = @@character_set_client */;
/*!40101 SET character_set_client = utf8 */;
CREATE TABLE `ordentrabajo` (
  `IdOrdenTrabajo` int(10) unsigned NOT NULL AUTO_INCREMENT,
  `IdContrato` int(10) unsigned NOT NULL,
  `Numero` int(3) unsigned NOT NULL,
  `NormaLegalAutorizacion` varchar(10) COLLATE utf8_spanish_ci NOT NULL,
  `Monto` decimal(14,2) unsigned NOT NULL,
  PRIMARY KEY (`IdOrdenTrabajo`),
  KEY `fk_ordentrabajo_contrato` (`IdContrato`),
  CONSTRAINT `fk_ordentrabajo_contrato` FOREIGN KEY (`IdContrato`) REFERENCES `contrato` (`IdContrato`) ON DELETE NO ACTION ON UPDATE NO ACTION
) ENGINE=InnoDB DEFAULT CHARSET=utf8 COLLATE=utf8_spanish_ci;
/*!40101 SET character_set_client = @saved_cs_client */;

--
-- Dumping data for table `ordentrabajo`
--

LOCK TABLES `ordentrabajo` WRITE;
/*!40000 ALTER TABLE `ordentrabajo` DISABLE KEYS */;
/*!40000 ALTER TABLE `ordentrabajo` ENABLE KEYS */;
UNLOCK TABLES;

--
-- Table structure for table `ordentrabajodeductivo`
--

DROP TABLE IF EXISTS `ordentrabajodeductivo`;
/*!40101 SET @saved_cs_client     = @@character_set_client */;
/*!40101 SET character_set_client = utf8 */;
CREATE TABLE `ordentrabajodeductivo` (
  `IdOrdenTrabajoDeductivo` int(10) unsigned NOT NULL AUTO_INCREMENT,
  `IdOrdenTrabajo` int(10) unsigned NOT NULL,
  `Importe` decimal(14,2) NOT NULL,
  `Fecha` date NOT NULL,
  `NormaLegalAprobacion` varchar(10) COLLATE utf8_spanish_ci NOT NULL,
  PRIMARY KEY (`IdOrdenTrabajoDeductivo`),
  KEY `fk_ordentrabajodeductivo_ordentrabajo` (`IdOrdenTrabajo`),
  CONSTRAINT `fk_ordentrabajodeductivo_ordentrabajo` FOREIGN KEY (`IdOrdenTrabajo`) REFERENCES `ordentrabajo` (`IdOrdenTrabajo`) ON DELETE NO ACTION ON UPDATE NO ACTION
) ENGINE=InnoDB DEFAULT CHARSET=utf8 COLLATE=utf8_spanish_ci;
/*!40101 SET character_set_client = @saved_cs_client */;

--
-- Dumping data for table `ordentrabajodeductivo`
--

LOCK TABLES `ordentrabajodeductivo` WRITE;
/*!40000 ALTER TABLE `ordentrabajodeductivo` DISABLE KEYS */;
/*!40000 ALTER TABLE `ordentrabajodeductivo` ENABLE KEYS */;
UNLOCK TABLES;

--
-- Table structure for table `ordentrabajolocalidad`
--

DROP TABLE IF EXISTS `ordentrabajolocalidad`;
/*!40101 SET @saved_cs_client     = @@character_set_client */;
/*!40101 SET character_set_client = utf8 */;
CREATE TABLE `ordentrabajolocalidad` (
  `IdOrdenTrabajo` int(10) unsigned NOT NULL,
  `IdLocalidad` int(10) unsigned NOT NULL,
  PRIMARY KEY (`IdOrdenTrabajo`,`IdLocalidad`),
  KEY `fk_ordentrabajolocalidad_localidad` (`IdLocalidad`),
  CONSTRAINT `fk_ordentrabajolocalidad_localidad` FOREIGN KEY (`IdLocalidad`) REFERENCES `localidad` (`IdLocalidad`) ON DELETE NO ACTION ON UPDATE NO ACTION,
  CONSTRAINT `fk_ordentrabajolocalidad_ordentrabajo` FOREIGN KEY (`IdOrdenTrabajo`) REFERENCES `ordentrabajo` (`IdOrdenTrabajo`) ON DELETE NO ACTION ON UPDATE NO ACTION
) ENGINE=InnoDB DEFAULT CHARSET=utf8 COLLATE=utf8_spanish_ci;
/*!40101 SET character_set_client = @saved_cs_client */;

--
-- Dumping data for table `ordentrabajolocalidad`
--

LOCK TABLES `ordentrabajolocalidad` WRITE;
/*!40000 ALTER TABLE `ordentrabajolocalidad` DISABLE KEYS */;
/*!40000 ALTER TABLE `ordentrabajolocalidad` ENABLE KEYS */;
UNLOCK TABLES;

--
-- Table structure for table `organismo`
--

DROP TABLE IF EXISTS `organismo`;
/*!40101 SET @saved_cs_client     = @@character_set_client */;
/*!40101 SET character_set_client = utf8 */;
CREATE TABLE `organismo` (
  `IdOrganismo` int(10) unsigned NOT NULL AUTO_INCREMENT,
  `Nombre` varchar(50) COLLATE utf8_spanish_ci NOT NULL,
  `PrefijoCodigo` varchar(2) COLLATE utf8_spanish_ci NOT NULL,
  `Comitente` int(1) unsigned NOT NULL DEFAULT '0',
  PRIMARY KEY (`IdOrganismo`)
) ENGINE=InnoDB AUTO_INCREMENT=9 DEFAULT CHARSET=utf8 COLLATE=utf8_spanish_ci;
/*!40101 SET character_set_client = @saved_cs_client */;

--
-- Dumping data for table `organismo`
--

LOCK TABLES `organismo` WRITE;
/*!40000 ALTER TABLE `organismo` DISABLE KEYS */;
INSERT INTO `organismo` VALUES (1,'E.P.A.S.','01',0),(2,'E.P.E.N.','02',0),(3,'VIALIDAD','03',0),(4,'RECURSOS HIDRICOS','04',0),(5,'SUBSECRETARIA OBRAS PUBLICAS','05',0),(6,'UPEFE','06',1),(7,'IPVU','07',0),(8,'ADUS','08',0);
/*!40000 ALTER TABLE `organismo` ENABLE KEYS */;
UNLOCK TABLES;

--
-- Table structure for table `pagina`
--

DROP TABLE IF EXISTS `pagina`;
/*!40101 SET @saved_cs_client     = @@character_set_client */;
/*!40101 SET character_set_client = utf8 */;
CREATE TABLE `pagina` (
  `IdPagina` int(10) unsigned NOT NULL AUTO_INCREMENT,
  `Pagina` varchar(255) COLLATE utf8_spanish_ci NOT NULL,
  `Descripcion` varchar(400) COLLATE utf8_spanish_ci NOT NULL,
  `Activa` tinyint(1) unsigned NOT NULL DEFAULT '1',
  `IdMenuActivo` int(10) unsigned DEFAULT NULL,
  PRIMARY KEY (`IdPagina`),
  UNIQUE KEY `uq_pagina_pagina` (`Pagina`),
  KEY `fk_pagina_menu` (`IdMenuActivo`),
  CONSTRAINT `fk_pagina_menu` FOREIGN KEY (`IdMenuActivo`) REFERENCES `menu` (`IdMenu`) ON DELETE NO ACTION ON UPDATE NO ACTION
) ENGINE=InnoDB AUTO_INCREMENT=35 DEFAULT CHARSET=utf8 COLLATE=utf8_spanish_ci;
/*!40101 SET character_set_client = @saved_cs_client */;

--
-- Dumping data for table `pagina`
--

LOCK TABLES `pagina` WRITE;
/*!40000 ALTER TABLE `pagina` DISABLE KEYS */;
INSERT INTO `pagina` VALUES (1,'Login','Login',1,1),(2,'Logout','Logout',1,1),(3,'Home','Página Principal',1,1),(4,'CambioPassword','Cambio de Contraseña',1,1),(5,'Obra.Home','Obras',1,7),(6,'Obra.Update','Obras ABM',1,7),(7,'Obra.Contrato.Home','Contratos de Obra',1,7),(8,'Obra.Contrato.Update','Contratos de Obra ABM',1,7),(9,'Obra.Contrato.Certificacion.Home','Certificaciones',1,7),(10,'Obra.Contrato.Certificacion.Update','Certificaciones ABM',1,7),(11,'Obra.Contrato.CertificacionPeriodo','Certificación por Periodo',1,7),(12,'Tesoreria.Pago.Home','Pagos',1,8),(13,'Tesoreria.Pago.Update','Pagos ABM',1,8),(14,'Admin.Usuario.Home','Usuarios',1,13),(15,'Admin.Usuario.Update','Usuarios ABM',1,13),(16,'Admin.Organismo.Home','Organismos',1,13),(17,'Admin.Organismo.Update','Organismos ABM',1,13),(18,'Admin.FuenteFinanciamiento.Home','Fuentes de Financiamiento',1,13),(19,'Admin.FuenteFinanciamiento.Update','Fuentes de Financiamiento ABM',1,13),(20,'Admin.TipoObra.Home','Tipos de Obra',1,13),(21,'Admin.TipoObra.Update','Tipos de Obra ABM',1,13),(22,'Admin.EstadoObra.Home','Estados de Obra',1,13),(23,'Admin.EstadoObra.Update','Estados de Obra ABM',1,13),(24,'Tesoreria.Pago.PagosByCertificado','Detalle de Pagos por Certificado',1,8),(25,'Obra.Contrato.Alteracion.Update','Alteraciones de Contrato ABM',1,7),(26,'Obra.Contrato.ContratoPlazo.Update','Plazos de Contrato ABM',1,7),(27,'Obra.Contrato.RecepcionContrato.Update','Recepciones de Contrato ABM',1,7),(28,'Obra.Contrato.Redeterminacion.Update','Redeterminaciones de Precio ABM',1,7),(29,'Admin.Proveedor.Home','Proveedores',1,13),(30,'Admin.Proveedor.Update','Proveedores ABM',1,13),(31,'Obra.Contrato.OrdenTrabajo.Update','Órdenes de Trabajo ABM',1,7),(32,'Obra.Contrato.OrdenTrabajo.Deductivo.Update','Deductivos de Órdenes de Trabajo ABM',1,7),(33,'Reportes.ObrasReport','Reporte de obras',1,20),(34,'Prensa.Home','Aniversarios',1,22);
/*!40000 ALTER TABLE `pagina` ENABLE KEYS */;
UNLOCK TABLES;

--
-- Table structure for table `pago`
--

DROP TABLE IF EXISTS `pago`;
/*!40101 SET @saved_cs_client     = @@character_set_client */;
/*!40101 SET character_set_client = utf8 */;
CREATE TABLE `pago` (
  `IdPago` int(10) unsigned NOT NULL AUTO_INCREMENT,
  `IdProveedor` int(10) unsigned NOT NULL,
  `Fecha` date NOT NULL,
  `OrdenPago` varchar(15) COLLATE utf8_spanish_ci NOT NULL,
  `ImporteBruto` decimal(14,2) unsigned NOT NULL,
  `Retenciones` decimal(14,2) unsigned NOT NULL,
  `ImporteNeto` decimal(14,2) unsigned NOT NULL,
  `IdOrganismo` int(10) unsigned NOT NULL,
  PRIMARY KEY (`IdPago`),
  KEY `fk_pago_proveedor` (`IdProveedor`),
  KEY `fk_pago_organismo` (`IdOrganismo`),
  CONSTRAINT `fk_pago_organismo` FOREIGN KEY (`IdOrganismo`) REFERENCES `organismo` (`IdOrganismo`) ON DELETE NO ACTION ON UPDATE NO ACTION,
  CONSTRAINT `fk_pago_proveedor` FOREIGN KEY (`IdProveedor`) REFERENCES `proveedor` (`IdProveedor`) ON DELETE NO ACTION ON UPDATE NO ACTION
) ENGINE=InnoDB AUTO_INCREMENT=241 DEFAULT CHARSET=utf8 COLLATE=utf8_spanish_ci;
/*!40101 SET character_set_client = @saved_cs_client */;

--
-- Dumping data for table `pago`
--

LOCK TABLES `pago` WRITE;
/*!40000 ALTER TABLE `pago` DISABLE KEYS */;
INSERT INTO `pago` VALUES (1,20,'2012-01-31','0900035/2012',375592.66,0.00,375592.66,1),(2,20,'2012-07-11','0901634/2012',646477.34,0.00,646477.34,1),(3,20,'2012-07-27','0901819/2012',135173.08,0.00,135173.08,1),(4,20,'2013-03-07','0900173/2013',49088.93,0.00,49088.93,1),(5,20,'2013-07-24','0901375/2013',545358.09,0.00,545358.09,1),(6,21,'2011-10-27','0903406/2011',1359364.78,0.00,1359364.78,1),(7,21,'2012-01-17','0904265/2011',500114.19,0.00,500114.19,1),(8,21,'2012-02-17','0900057/2012',311914.85,0.00,311914.85,1),(9,21,'2013-04-03','0900627/2012',366329.01,0.00,366329.01,1),(10,21,'2012-05-14','0901072/2012',416337.22,0.00,416337.22,1),(11,21,'2012-07-20','0901559/2012',163459.67,0.00,163459.67,1),(12,21,'2012-07-20','0901666/2012',22413.13,0.00,22413.13,1),(13,21,'2012-10-02','0902047/2012',9689.98,0.00,9689.98,1),(14,21,'2012-10-02','0902247/2012',179654.44,0.00,179654.44,1),(15,21,'2013-02-01','0903342/2012',1064727.49,0.00,1064727.49,1),(16,22,'2012-01-27','0904449/2011',2760297.73,0.00,2760297.73,1),(17,22,'2012-07-20','091730/2012',509339.99,0.00,509339.99,1),(18,97,'2011-03-21','0904350/2010',449996.88,0.00,449996.88,1),(19,97,'2011-09-28','0902016/2011',103349.57,0.00,103349.57,1),(20,97,'2011-09-28','090395/2011',43816.73,0.00,43816.73,1),(21,97,'2012-01-12','0904279/2011',31177.50,0.00,31177.50,1),(22,97,'2012-01-12','0904270/2011',320092.45,0.00,320092.45,1),(23,97,'2012-03-12','0900032/2012',129732.23,0.00,129732.23,1),(24,97,'2012-06-03','0901078/2012',87410.30,0.00,87410.30,1),(25,97,'2013-05-17','0903350/2012',278170.21,0.00,278170.21,1),(26,24,'2011-10-25','0902389/2011',259147.49,0.00,259147.49,1),(27,24,'2012-02-06','0904268/2011',25327.87,0.00,25327.87,1),(28,24,'2012-04-17','0900231/2012',46641.78,0.00,46641.78,1),(29,24,'2012-04-26','0900589/2012',62048.28,0.00,62048.28,1),(30,24,'2012-06-12','0900177/2012',60173.15,0.00,60173.15,1),(31,24,'2012-06-12','0901199/2012',131822.18,0.00,131822.18,1),(32,24,'2012-08-15','0901488/2012',75066.52,0.00,75066.52,1),(33,24,'2012-08-15','0901663/2012',41677.79,0.00,41677.79,1),(34,24,'2013-06-18','0900717/2013',190882.53,0.00,190882.53,1),(35,25,'2013-10-31','0904452/2009',190413.63,0.00,190413.63,1),(36,25,'2013-10-31','0904454/2009',107626.54,0.00,107626.54,1),(37,25,'2013-10-31','0900707/2013',82895.57,0.00,82895.57,1),(38,26,'2012-04-20','0900380/2012',133020.00,0.00,133020.00,1),(39,26,'2012-06-12','0901076/2012',245095.22,0.00,245095.22,1),(40,26,'2012-06-12','0901182/2012',245547.23,0.00,245547.23,1),(41,26,'2013-07-12','0900947/2013',8182.54,0.00,8182.54,1),(42,27,'2011-10-25','0900573/2011',179615.65,0.00,179615.65,1),(43,27,'2012-03-20','0900026/2012',6333.60,0.00,6333.60,1),(44,28,'2012-05-28','0900661/2012',392654.62,0.00,392654.62,1),(45,28,'2013-03-07','0900172/2013',158184.28,0.00,158184.28,1),(46,28,'2013-04-26','0900590/2013',308424.58,0.00,308424.58,1),(47,28,'2013-04-26','0900592/2013',239086.65,0.00,239086.65,1),(48,28,'2013-05-25','0901103//2013',129709.74,0.00,129709.74,1),(49,5,'2011-10-25','0902020/2011',194996.21,0.00,194996.21,1),(50,27,'2010-01-13','0906002/2009',114489.62,0.00,114489.62,1),(51,27,'2011-01-11','0903202/2009',8595.76,0.00,8595.76,1),(52,27,'2011-06-30','0902182/2011',10659.61,0.00,10659.61,1),(53,27,'2011-03-21','0902183/2011',35356.68,0.00,35356.68,1),(54,27,'2011-03-21','0902184/2011',20048.42,0.00,20048.42,1),(55,27,'2011-06-30','0905515/2010',96431.01,0.00,96431.01,1),(56,27,'2011-11-23','0902096/2011',57768.15,0.00,57768.15,1),(57,27,'2011-09-30','0903185/2011',16415.82,0.00,16415.82,1),(58,27,'2012-02-16','0903808/2011',26187.52,0.00,26187.52,1),(59,27,'2011-11-23','0903805/2011',14211.83,0.00,14211.83,1),(60,27,'2012-09-13','0903680/2011',48390.92,0.00,48390.92,1),(61,29,'2012-05-08','0901031/2012',175098.58,0.00,175098.58,1),(62,29,'2012-05-08','0901032/2012',135075.99,0.00,135075.99,1),(63,29,'2012-06-15','0901377/2012',50998.62,0.00,50998.62,1),(64,29,'2012-06-15','0901383/2012',322528.57,0.00,322528.57,1),(65,29,'2012-08-27','0901816/2012',3805.23,0.00,3805.23,1),(66,29,'2012-08-27','0901817/2012',41933.63,0.00,41933.63,1),(67,29,'2013-07-12','0901173/2013',427409.03,0.00,427409.03,1),(68,27,'2011-10-25','0902388/2011',104655.00,0.00,104655.00,1),(69,27,'2012-03-20','0900028/2012',8551.34,0.00,8551.34,1),(70,27,'2012-04-17','0900581/2012',34066.00,0.00,34066.00,1),(71,27,'2012-09-13','0902251/2012',0.00,0.00,0.00,1),(72,27,'2012-09-13','0902253/2012',0.00,0.00,0.00,1),(73,27,'2013-03-26','0903113/2012',24411.37,0.00,24411.37,1),(74,27,'2013-03-26','0903038/2012',258.71,0.00,258.71,1),(75,5,'2011-06-29','0900196/2011',109845.76,0.00,109845.76,1),(76,5,'2011-08-25','0901342/2011',152619.73,0.00,152619.73,1),(77,5,'2011-10-24','0902013/2011',2264.34,0.00,2264.34,1),(78,5,'2011-11-29','0902861/2011',1443.60,0.00,1443.60,1),(79,5,'2013-08-26','0901398/2013',191810.01,0.00,191810.01,1),(80,5,'2013-10-31','0901722/2013',34629.42,0.00,34629.42,1),(81,5,'2013-05-17','0900436/2013',866880.00,0.00,866880.00,1),(82,27,'2011-10-25','0902527/2011',17865.00,0.00,17865.00,1),(83,27,'2012-04-17','0900248/2012',20837.82,0.00,20837.82,1),(84,27,'2012-06-12','0901082/2012',8849.72,0.00,8849.72,1),(85,31,'2012-11-08','0902242/2012',21444.15,0.00,21444.15,1),(86,31,'2012-11-08','0902701/2012',96949.74,0.00,96949.74,1),(87,31,'2012-11-12','0902693/2012',86103.08,0.00,86103.08,1),(88,31,'2013-05-08','0900614/2013',61723.94,0.00,61723.94,1),(89,5,'2012-11-08','0902700/2012',327756.49,0.00,327756.49,1),(90,5,'2012-11-12','0902692/2012',81787.89,0.00,81787.89,1),(91,25,'2007-08-29','0904096/2007',844444.23,0.00,844444.23,1),(92,25,'2008-02-15','0906449/2007',284762.58,0.00,284762.58,1),(93,25,'2011-07-10','0906445/2007',273182.60,0.00,273182.60,1),(94,25,'2008-03-18','0906701/2007',82928.98,0.00,82928.98,1),(95,25,'2008-08-22','0906882/2007',123715.80,0.00,123715.80,1),(96,25,'2008-03-26','0900532/2008',319760.84,0.00,319760.84,1),(97,25,'2008-12-01','0903820/2008',168784.84,0.00,168784.84,1),(98,25,'2009-05-14','0905918/2008',0.00,0.00,0.00,1),(99,25,'2009-07-07','0905929/2008',365078.56,0.00,365078.56,1),(100,25,'2013-10-31','0902256/2009',6519.17,0.00,6519.17,1),(101,31,'2010-12-21','0904228/2010',83907.38,0.00,83907.38,1),(102,31,'2010-12-21','0904229/2010',154835.21,0.00,154835.21,1),(103,31,'2011-11-22','0904230/2010',137129.95,0.00,137129.95,1),(104,31,'2011-05-09','0900845/2011',114045.70,0.00,114045.70,1),(105,31,'2011-05-09','0900849/2011',187406.49,0.00,187406.49,1),(106,31,'2013-10-31','0900519/2013',165152.90,0.00,165152.90,1),(107,25,'2011-06-23','0901857/2011',364890.06,0.00,364890.06,1),(108,25,'2011-08-01','0902272/2011',243260.04,0.00,243260.04,1),(109,25,'2011-08-01','0902275/2011',202716.70,0.00,202716.70,1),(110,25,'2012-01-12','0903777/2011',202513.98,0.00,202513.98,1),(111,32,'2012-08-09','0901660/2012',13718.00,0.00,13718.00,1),(112,32,'2012-09-11','0901969/2012',24190.13,0.00,24190.13,1),(113,31,'2013-10-31','0900408/2013',77079.32,0.00,77079.32,1),(114,31,'2013-10-31','0900403/2013',316194.49,0.00,316194.49,1),(115,31,'2013-10-31','0900446/2013',212398.50,0.00,212398.50,1),(116,31,'2013-10-31','0900871/2013',209435.67,0.00,209435.67,1),(117,31,'2013-10-31','0901285/2013',96550.48,0.00,96550.48,1),(118,31,'2013-10-31','0901380/2013',2133.22,0.00,2133.22,1),(119,33,'2013-04-26','0900206/2013',569912.67,0.00,569912.67,1),(120,33,'2013-06-04','0900709/2013',326919.63,0.00,326919.63,1),(121,33,'2013-07-12','0900997/2013',374817.84,0.00,374817.84,1),(122,33,'2013-08-08','0901316/2013',427683.88,0.00,427683.88,1),(123,33,'2013-10-31','0901674/2013',111128.83,0.00,111128.83,1),(124,26,'2013-10-31','0902851/2012',24061.72,0.00,24061.72,1),(125,26,'2013-05-17','0903186/2012',27670.50,0.00,27670.50,1),(126,26,'2013-05-17','0903410/2012',24463.21,0.00,24463.21,1),(127,26,'2013-04-18','0903119/2012',20984.51,0.00,20984.51,1),(128,26,'2013-06-24','0903440/2012',191191.92,0.00,191191.92,1),(129,34,'2013-01-24','0903340/2012',316692.00,0.00,316692.00,1),(130,34,'2013-02-19','0903484/2012',212777.44,0.00,212777.44,1),(131,34,'2013-05-08','0900615/2013',98966.25,0.00,98966.25,1),(132,34,'2013-06-24','0901070/2013',155377.01,0.00,155377.01,1),(133,5,'2013-06-19','0901074/2013',136414.67,0.00,136414.67,1),(134,5,'2013-06-19','0901077/2013',180985.11,0.00,180985.11,1),(135,5,'2013-06-19','0901076/2013',85148.19,0.00,85148.19,1),(136,5,'2013-06-19','0900949/2013',1929.55,0.00,1929.55,1),(137,32,'2013-03-07','093511/2012',314766.66,0.00,314766.66,1),(138,32,'2013-03-07','0903515/2012',314766.66,0.00,314766.66,1),(139,32,'2013-05-08','0900613/2013',314766.67,0.00,314766.67,1),(140,32,'2013-05-28','0900712/2013',149625.00,0.00,149625.00,1),(141,32,'2013-05-28','0900722/2013',299250.00,0.00,299250.00,1),(142,32,'2013-05-28','0900721/2013',299250.00,0.00,299250.00,1),(143,32,'2013-07-03','0901108/2013',149625.00,0.00,149625.00,1),(144,22,'2012-01-25','0904592/2011',391910.71,0.00,391910.71,1),(145,22,'2012-09-11','0902258/2012',827887.09,0.00,827887.09,1),(146,22,'2012-09-20','0902289/2012',184567.50,0.00,184567.50,1),(147,22,'2012-09-20','0902292/2012',7778.69,0.00,7778.69,1),(148,22,'2013-03-07','0900183/2013',218766.73,0.00,218766.73,1),(149,22,'2013-03-08','0900192/2013',126149.82,0.00,126149.82,1),(150,22,'2013-03-08','0900204/2013',131943.48,0.00,131943.48,1),(151,33,'2013-10-31','0902151/2012',544079.91,0.00,544079.91,1),(152,33,'2013-10-31','0902534/2012',274809.11,0.00,274809.11,1),(153,33,'2013-10-31','0902836/2012',640523.26,0.00,640523.26,1),(154,33,'2013-10-31','0903318/2012',1124967.27,0.00,1124967.27,1),(155,31,'2011-12-14','0903903/2011',355851.34,0.00,355851.34,1),(156,31,'2012-05-23','0901251/2012',118315.05,0.00,118315.05,1),(157,31,'2012-08-08','0901953/2012',301712.50,0.00,301712.50,1),(158,31,'2012-08-23','0902118/2012',524104.95,0.00,524104.95,1),(159,31,'2012-08-23','0902119/2012',471385.18,0.00,471385.18,1),(160,35,'2011-11-23','0903683/2011',538403.09,0.00,538403.09,1),(161,35,'2012-04-03','0900625/2012',145832.99,0.00,145832.99,1),(162,35,'2012-05-14','0901086/2012',42670.64,0.00,42670.64,1),(163,35,'2012-06-15','0901187/2012',19463.66,0.00,19463.66,1),(164,35,'2012-10-01','0902245/2012',113270.77,0.00,113270.77,1),(165,35,'2012-11-08','0902695/2012',304064.08,0.00,304064.08,1),(166,35,'2013-04-22','0900448/2013',316802.46,0.00,316802.46,1),(167,35,'2013-04-22','0900452/2013',136671.79,0.00,136671.79,1),(168,25,'2011-07-26','0900937/2011',120423.00,0.00,120423.00,1),(169,25,'2011-11-23','0902964/2011',192192.00,0.00,192192.00,1),(170,25,'2011-12-22','0903563/2011',2491.18,0.00,2491.18,1),(171,25,'2012-01-12','0903783/2011',18442.25,0.00,18442.25,1),(172,25,'2013-10-31','0901682/2013',49372.64,0.00,49372.64,1),(173,24,'2012-07-18','0901176/2012',69071.76,0.00,69071.76,1),(174,24,'2013-02-07','0902243/2013',30752.07,0.00,30752.07,1),(175,24,'2013-02-07','0902698/2012',60948.98,0.00,60948.98,1),(176,24,'2013-03-07','0903030/2012',167318.04,0.00,167318.04,1),(177,36,'2013-10-31','0902393/2012',336083.58,0.00,336083.58,1),(178,36,'2013-10-31','0903028/2012',205050.65,0.00,205050.65,1),(179,36,'2013-10-31','0903310/2012',213998.55,0.00,213998.55,1),(180,36,'2013-10-31','0903503/2012',190363.83,0.00,190363.83,1),(181,36,'2013-10-31','090378/2013',127813.13,0.00,127813.13,1),(182,37,'2013-06-19','0901071/2013',135894.47,0.00,135894.47,1),(183,37,'2013-06-19','0901072/2013',191419.45,0.00,191419.45,1),(184,37,'2013-06-19','0901081/2013',185250.01,0.00,185250.01,1),(185,37,'2013-07-31','0901278/2013',45517.55,0.00,45517.55,1),(186,37,'2013-08-08','0901396/2013',148214.83,0.00,148214.83,1),(187,37,'2013-09-04','0901686/2013',185268.73,0.00,185268.73,1),(188,37,'2013-09-24','0901828/2013',201572.16,0.00,201572.16,1),(189,5,'2013-06-19','0901078/2013',250827.86,0.00,250827.86,1),(190,5,'2013-07-31','0901280/2013',273318.68,0.00,273318.68,1),(191,5,'2013-08-09','0901397/2013',155778.97,0.00,155778.97,1),(192,5,'2013-10-31','0901856/2013',135690.08,0.00,135690.08,1),(193,34,'2013-06-24','0901067/2013',69276.37,0.00,69276.37,1),(194,34,'2013-06-24','0901082/2013',306795.37,0.00,306795.37,1),(195,34,'2013-06-24','0901080/2013',197932.50,0.00,197932.50,1),(196,34,'2013-08-08','0901383/2013',72922.50,0.00,72922.50,1),(197,32,'2013-08-01','0901381/2013',149625.00,0.00,149625.00,1),(198,32,'2013-08-01','0901395/2013',299250.00,0.00,299250.00,1),(199,32,'2013-09-04','0901687/2013',149625.00,0.00,149625.00,1),(200,34,'2013-09-04','0901688/2013',632216.70,0.00,632216.70,1),(201,34,'2013-10-31','0901827/2013',664322.30,0.00,664322.30,1),(202,95,'2013-08-09','0901473/2013',48702.20,0.00,48702.20,1),(203,95,'2013-10-31','0901696/2013',236425.28,0.00,236425.28,1),(204,95,'2013-06-12','WF1392',221958.84,0.00,221958.84,4),(205,95,'2013-08-28','WF2315',199496.61,0.00,199496.61,4),(206,96,'2013-03-07','WF00278',77501.80,0.00,77501.80,4),(207,97,'2013-05-13','WF00970',107615.71,0.00,107615.71,4),(208,97,'2013-06-25','WF01536',142679.50,0.00,142679.50,4),(209,97,'2013-07-26','WF01850',165956.34,0.00,165956.34,4),(210,97,'2013-08-28','WF02304',121827.02,0.00,121827.02,4),(211,32,'2013-05-15','WF01029',117297.85,0.00,117297.85,4),(212,32,'2013-06-25','WF01538',86012.17,0.00,86012.17,4),(213,32,'2013-07-26','WF01848',226293.36,0.00,226293.36,4),(214,32,'2013-08-21','WF02165',156885.87,0.00,156885.87,4),(215,32,'2013-05-15','WF1030',144839.82,0.00,144839.82,4),(216,32,'2013-06-25','WF01537',106051.71,0.00,106051.71,4),(217,32,'2013-07-26','WF01846',473307.56,0.00,473307.56,4),(218,5,'2013-05-08','WF00929',113355.60,0.00,113355.60,4),(219,5,'2013-06-26','WF01540',311305.65,0.00,311305.65,4),(220,5,'2013-07-26','WF01849',113777.85,0.00,113777.85,4),(221,26,'2013-10-01','WF02767',518557.82,0.00,518557.82,4),(222,96,'2013-05-23','WF01147',307687.56,0.00,307687.56,4),(223,97,'2013-05-25','WF00507',144147.44,0.00,144147.44,4),(224,97,'2013-04-24','WF00809',157473.92,0.00,157473.92,4),(225,97,'2013-05-17','WF01048',362951.97,0.00,362951.97,4),(226,97,'2013-06-06','WF01263',45665.61,0.00,45665.61,4),(227,98,'2013-06-26','WF01539',99930.81,0.00,99930.81,4),(228,98,'2013-08-08','WF02017',62325.69,0.00,62325.69,4),(229,98,'2013-08-28','WF02312',145903.92,0.00,145903.92,4),(230,98,'2013-09-11','WF02533',163405.61,0.00,163405.61,4),(231,100,'2013-06-25','WF01535',61288.70,0.00,61288.70,4),(232,100,'2013-08-08','WF02038',177512.61,0.00,177512.61,4),(233,100,'2013-08-29','WF02328',374085.69,0.00,374085.69,4),(234,96,'2013-04-04','WF00530',403440.99,0.00,403440.99,4),(235,96,'2013-05-23','WF01145',389152.02,0.00,389152.02,4),(236,96,'2013-06-25','WF01529',484970.13,0.00,484970.13,4),(237,101,'2013-05-08','WF00926',166404.60,0.00,166404.60,4),(238,101,'2013-08-08','WF02023',60419.66,0.00,60419.66,4),(239,101,'2013-09-02','WF02381',126001.56,0.00,126001.56,4),(240,20,'2013-11-21','1234',150000.00,0.00,150000.00,6);
/*!40000 ALTER TABLE `pago` ENABLE KEYS */;
UNLOCK TABLES;

--
-- Table structure for table `pagocertificacion`
--

DROP TABLE IF EXISTS `pagocertificacion`;
/*!40101 SET @saved_cs_client     = @@character_set_client */;
/*!40101 SET character_set_client = utf8 */;
CREATE TABLE `pagocertificacion` (
  `IdPagoCertificacion` int(10) unsigned NOT NULL AUTO_INCREMENT,
  `IdPago` int(10) unsigned NOT NULL,
  `IdCertificacion` int(10) unsigned NOT NULL,
  `Importe` decimal(14,2) unsigned NOT NULL,
  PRIMARY KEY (`IdPagoCertificacion`),
  KEY `fk_pagocertificacion_pago` (`IdPago`),
  KEY `fk_pagocertificacion_certificacion` (`IdCertificacion`),
  CONSTRAINT `fk_pagocertificacion_certificacion` FOREIGN KEY (`IdCertificacion`) REFERENCES `certificacion` (`IdCertificacion`) ON DELETE NO ACTION ON UPDATE NO ACTION,
  CONSTRAINT `fk_pagocertificacion_pago` FOREIGN KEY (`IdPago`) REFERENCES `pago` (`IdPago`) ON DELETE NO ACTION ON UPDATE NO ACTION
) ENGINE=InnoDB AUTO_INCREMENT=241 DEFAULT CHARSET=utf8 COLLATE=utf8_spanish_ci;
/*!40101 SET character_set_client = @saved_cs_client */;

--
-- Dumping data for table `pagocertificacion`
--

LOCK TABLES `pagocertificacion` WRITE;
/*!40000 ALTER TABLE `pagocertificacion` DISABLE KEYS */;
INSERT INTO `pagocertificacion` VALUES (1,1,199,375592.66),(2,2,200,732674.32),(3,3,201,164764.66),(4,4,202,94500.27),(5,5,203,498075.59),(6,6,204,1359364.78),(7,7,205,577054.83),(8,8,206,359901.75),(9,9,207,366329.01),(10,10,208,421397.58),(11,11,210,219428.57),(12,12,211,22413.12),(13,13,212,189206.74),(14,14,213,208473.32),(15,15,214,739138.05),(16,16,215,2760297.73),(17,17,216,577251.99),(18,18,217,449996.88),(19,19,218,119249.51),(20,20,219,73241.47),(21,21,220,35974.04),(22,22,221,369389.67),(23,23,222,159957.59),(24,24,223,101448.46),(25,25,224,246976.71),(26,26,225,259147.49),(27,27,226,29224.47),(28,28,227,59375.48),(29,29,228,90122.56),(30,30,229,91645.59),(31,31,230,141761.16),(32,32,231,89880.58),(33,33,232,49863.97),(34,34,233,175743.93),(35,35,234,210457.17),(36,36,235,118955.66),(37,37,236,91621.43),(38,38,237,133020.00),(39,39,238,284117.74),(40,40,239,272107.91),(41,41,240,9109.36),(42,42,241,179615.65),(43,43,242,7308.00),(44,44,243,392654.62),(45,45,244,179275.52),(46,46,245,349547.86),(47,47,246,242925.79),(48,48,248,129709.74),(49,49,251,194996.21),(50,50,252,114489.62),(51,51,253,13730.64),(52,52,254,34041.01),(53,53,255,15218.20),(54,54,256,24652.20),(55,55,257,109288.47),(56,56,258,66759.19),(57,57,259,18604.60),(58,58,260,29679.18),(59,59,262,16106.73),(60,60,263,54843.04),(61,61,268,211718.02),(62,62,269,153086.13),(63,63,270,50998.62),(64,64,271,328472.11),(65,65,272,11006.23),(66,66,273,41933.63),(67,67,274,446917.25),(68,68,275,104655.00),(69,69,276,9866.94),(70,70,277,39321.52),(71,71,278,6141.45),(72,72,279,15758.20),(73,73,280,0.00),(74,74,281,1494.93),(75,75,282,109845.76),(76,76,283,172969.03),(77,77,284,2566.26),(78,78,285,1636.08),(79,79,286,217384.67),(80,80,287,39246.68),(81,81,288,866880.00),(82,82,289,17865.00),(83,83,290,25326.26),(84,84,291,13930.80),(85,85,292,23701.43),(86,86,293,96949.74),(87,87,294,86103.08),(88,88,295,68221.20),(89,89,296,362257.17),(90,90,297,90397.15),(91,91,298,844444.23),(92,92,299,328572.20),(93,93,300,315210.70),(94,94,301,95971.00),(95,95,302,162524.16),(96,96,303,349055.46),(97,97,304,194751.74),(98,98,305,6604.61),(99,99,307,421244.50),(100,100,308,7522.11),(101,101,309,92739.74),(102,102,310,171133.65),(103,103,311,151616.29),(104,104,312,127079.32),(105,105,313,206142.59),(106,106,314,182447.92),(107,107,315,403299.54),(108,108,316,268866.36),(109,109,317,224055.30),(110,110,318,223831.24),(111,111,319,15162.00),(112,112,320,26736.47),(113,113,321,85192.94),(114,114,322,349478.13),(115,115,323,212398.50),(116,116,324,209435.67),(117,117,325,96550.48),(118,118,326,2133.22),(119,119,328,569912.67),(120,120,330,366650.87),(121,121,331,443220.32),(122,122,332,480945.52),(123,123,333,128225.57),(124,124,334,24061.72),(125,125,335,31927.50),(126,126,336,28226.79),(127,127,337,20984.51),(128,128,338,216684.18),(129,129,339,350028.00),(130,130,340,235175.06),(131,131,341,109383.75),(132,132,342,171732.49),(133,133,343,150774.09),(134,134,344,200036.17),(135,135,345,87795.37),(136,136,346,2132.65),(137,137,347,347900.00),(138,138,348,347900.00),(139,139,349,347900.01),(140,140,350,165375.00),(141,141,351,330750.00),(142,142,352,330750.00),(143,143,353,165375.00),(144,144,354,391910.71),(145,145,355,938272.03),(146,146,356,184567.50),(147,147,357,7973.67),(148,148,358,218766.73),(149,149,359,126149.82),(150,150,360,131943.48),(151,151,362,544079.91),(152,152,363,311450.33),(153,153,364,748624.06),(154,154,365,1252265.21),(155,155,366,355851.34),(156,156,367,134090.39),(157,157,368,301712.50),(158,158,369,524104.95),(159,159,370,471385.18),(160,160,371,538403.09),(161,161,372,168268.83),(162,162,373,59332.60),(163,163,374,22458.08),(164,164,375,120599.79),(165,165,376,350843.18),(166,166,377,365541.30),(167,167,378,161962.05),(168,168,379,120423.00),(169,169,380,221760.00),(170,170,381,3512.02),(171,171,382,24511.85),(172,172,383,181966.26),(173,173,384,69071.76),(174,174,385,34852.35),(175,175,386,69420.52),(176,176,387,189282.12),(177,177,388,336083.58),(178,178,389,236596.91),(179,179,390,247211.45),(180,180,391,221906.13),(181,181,392,125449.37),(182,182,393,150199.15),(183,183,394,211568.87),(184,184,395,204750.01),(185,185,396,45517.55),(186,186,397,163816.39),(187,187,398,204770.29),(188,188,399,201572.16),(189,189,401,277230.80),(190,190,402,302089.06),(191,191,403,172176.75),(192,192,404,149973.24),(193,193,405,76568.63),(194,194,406,339089.63),(195,195,407,218767.50),(196,196,408,72922.50),(197,197,410,165375.00),(198,198,411,330750.00),(199,199,412,165375.00),(200,200,413,698765.82),(201,201,414,664322.30),(202,202,416,48702.20),(203,203,419,236425.28),(204,204,454,221958.84),(205,205,455,199496.61),(206,206,457,85659.88),(207,207,458,107615.71),(208,208,459,142679.50),(209,209,460,165956.34),(210,210,461,121827.02),(211,211,462,117297.85),(212,212,463,86012.17),(213,213,464,226293.36),(214,214,465,156885.87),(215,215,466,144839.82),(216,216,467,106051.71),(217,217,468,473307.56),(218,218,469,113355.60),(219,219,470,352813.07),(220,220,471,128948.23),(221,221,472,518557.82),(222,222,473,340075.72),(223,223,474,144147.44),(224,224,475,178470.44),(225,225,476,362951.97),(226,226,477,45665.61),(227,227,478,99930.81),(228,228,479,70734.77),(229,229,480,165672.84),(230,230,481,185193.03),(231,231,482,61288.70),(232,232,483,177512.61),(233,233,484,374085.69),(234,234,485,403440.99),(235,235,486,449021.56),(236,236,487,559580.93),(237,237,488,166404.60),(238,238,489,69793.78),(239,239,490,126001.56),(240,240,580,150000.00);
/*!40000 ALTER TABLE `pagocertificacion` ENABLE KEYS */;
UNLOCK TABLES;

--
-- Table structure for table `proveedor`
--

DROP TABLE IF EXISTS `proveedor`;
/*!40101 SET @saved_cs_client     = @@character_set_client */;
/*!40101 SET character_set_client = utf8 */;
CREATE TABLE `proveedor` (
  `IdProveedor` int(10) unsigned NOT NULL AUTO_INCREMENT,
  `Cuit` varchar(13) COLLATE utf8_spanish_ci NOT NULL,
  `RazonSocial` varchar(255) COLLATE utf8_spanish_ci NOT NULL,
  `Domicilio` varchar(255) COLLATE utf8_spanish_ci DEFAULT NULL,
  `IdLocalidad` int(10) unsigned DEFAULT NULL,
  `RepresentanteTecnico` varchar(255) COLLATE utf8_spanish_ci DEFAULT NULL,
  `Telefono` varchar(50) COLLATE utf8_spanish_ci DEFAULT NULL,
  `Email` varchar(50) COLLATE utf8_spanish_ci DEFAULT NULL,
  PRIMARY KEY (`IdProveedor`),
  KEY `fk_proveedor_localidad` (`IdLocalidad`),
  CONSTRAINT `fk_proveedor_localidad` FOREIGN KEY (`IdLocalidad`) REFERENCES `localidad` (`IdLocalidad`) ON DELETE NO ACTION ON UPDATE NO ACTION
) ENGINE=InnoDB AUTO_INCREMENT=130 DEFAULT CHARSET=utf8 COLLATE=utf8_spanish_ci;
/*!40101 SET character_set_client = @saved_cs_client */;

--
-- Dumping data for table `proveedor`
--

LOCK TABLES `proveedor` WRITE;
/*!40000 ALTER TABLE `proveedor` DISABLE KEYS */;
INSERT INTO `proveedor` VALUES (1,'20-27004218-0','TRESALET LUCAS PEDRO',NULL,NULL,NULL,NULL,NULL),(2,'30-67267972-5','IDEM S.R.L.',NULL,NULL,NULL,NULL,NULL),(3,'30-68243458-5','DISTROCUYO S.A',NULL,NULL,NULL,NULL,NULL),(4,'20-16250547-6','CALIO HUGO ALBERTO',NULL,NULL,NULL,NULL,NULL),(5,'30-70922270-4','OMEGA MLP S.R.L.',NULL,NULL,NULL,NULL,NULL),(6,'30-71213007-1','CN SAPAG SACCFII Y E - OMEGA SRL - UTE',NULL,NULL,NULL,NULL,NULL),(7,'30-71229170-9','OMEGA MLP SRL - CN SAPAG SACCFII Y E -900 VIVIENDAS UTE',NULL,NULL,NULL,NULL,NULL),(8,'30-63148406-5','HIDROCARBUROS DEL NEUQUEN S.A',NULL,NULL,NULL,NULL,NULL),(9,'30-66195744-8','ELECTRIFICADORA DEL VALLE S.A.',NULL,NULL,NULL,NULL,NULL),(10,'30-50373873-9','TADEO CZERWENY S.A.',NULL,NULL,NULL,NULL,NULL),(11,'30-50230491-3','INDUSTRIA METALURGICA SUD AMERICANA S.A.C. E I.',NULL,NULL,NULL,NULL,NULL),(12,'30-50241471-9','PRYSMIAN ENERGIA CABLES Y SISTEMAS DE ARGENTINA S.A.I.C.',NULL,NULL,NULL,NULL,NULL),(13,'30-71415135-1','TRANELSA ATEC UTE',NULL,NULL,NULL,NULL,NULL),(14,'30-50336489-8','SIEMENS S.A .',NULL,NULL,NULL,NULL,NULL),(15,'30-66123321-0','LAGO ELECTROMECANICA S.A ',NULL,NULL,NULL,NULL,NULL),(16,'30-69885367-7','A.I.T. S.A',NULL,NULL,NULL,NULL,NULL),(17,'30-56926552-1','SIGLA S.A.',NULL,NULL,NULL,NULL,NULL),(18,'30-71315030-0','DISTROCUYO S.A. - CN SAPAG S.A.C.C.F.I.I. Y E. - OMEGA MLP S.R.L. UTE',NULL,NULL,NULL,NULL,NULL),(19,'30-55239141-8','NAPAL Y MUÑOZ S.A.',NULL,NULL,NULL,NULL,NULL),(20,'33-70872840-9','BASAP S.A.',NULL,NULL,NULL,NULL,NULL),(21,'30-70268173-8','ZAHIDAS',NULL,NULL,NULL,NULL,NULL),(22,'30-61919183-4','ENSA',NULL,NULL,NULL,NULL,NULL),(24,'30-70863817-6','A.B.I. S.R.L.',NULL,NULL,NULL,NULL,NULL),(25,'00-00000012-0','SOMBRA CONSTRUCCIONES',NULL,NULL,NULL,NULL,NULL),(26,'20-14426926-9','EDUARDO ANTONIO SALUM',NULL,NULL,NULL,NULL,NULL),(27,'00-00000013-0','S.C.I. NEUQUEN',NULL,NULL,NULL,NULL,NULL),(28,'00-00000014-0','CODAM S.R.L.',NULL,NULL,NULL,NULL,NULL),(29,'30-70827086-1','MAUAD S.R.L.',NULL,NULL,NULL,NULL,NULL),(30,'33-71017408-9','R.J. INGENIERÍA S.A.',NULL,NULL,NULL,NULL,NULL),(31,'30-70905191-8','OBRAS Y DUCTOS DEL COMAHUE',NULL,NULL,NULL,NULL,NULL),(32,'20-10184596-7','CASTILLO ESTEBAN MARCELINO',NULL,NULL,NULL,NULL,NULL),(33,'20-12262427-8','GUTH MARCELO',NULL,NULL,NULL,NULL,NULL),(34,'30-71130052-6','S.R. CONSTRUCCIONES',NULL,NULL,NULL,NULL,NULL),(35,'00-00000015-0','COOPERATIVA DE AGUA POTABLE Y SERVICIOS - SMA',NULL,NULL,NULL,NULL,NULL),(36,'30-70848293-1','FINES S.R.L.',NULL,NULL,NULL,NULL,NULL),(37,'00-00000016-0','SAINT THOMAS SERVICE DE WALTER JOUBERT',NULL,NULL,NULL,NULL,NULL),(40,'30-71224778-5','MAPIVIAL EQUIPOS S.R.L.',NULL,NULL,NULL,NULL,NULL),(41,'00-00000018-0','ALL SERV - URDINEZ MARIA',NULL,NULL,NULL,NULL,NULL),(42,'30-59284093-2','ARTE CONSTRUCCIONES',NULL,NULL,NULL,NULL,NULL),(43,'00-00000019-0','MUNICIPALIDAD DE BARRANCAS',NULL,NULL,NULL,NULL,NULL),(44,'00-00000020-0','MUNICIPALIDAD DE CUTRAL CO',NULL,NULL,NULL,NULL,NULL),(45,'30-70785800-8','OKUME S.A.',NULL,NULL,NULL,NULL,NULL),(46,'20-11431184-8','ZALETTO LINO',NULL,NULL,NULL,NULL,NULL),(47,'00-00000021-0','MUNICIPALIDAD DE MANZANO AMARGO',NULL,NULL,NULL,NULL,NULL),(48,'30-59256829-9','TAPPATA S.A.',NULL,NULL,NULL,NULL,NULL),(49,'30-65153974-5','BLACKHALL CONSTRUCCIONES S.R.L.',NULL,NULL,NULL,NULL,NULL),(50,'30-71041524-9','VAIL S.R.L.',NULL,NULL,NULL,NULL,NULL),(51,'20-20717217-1','BLANDA MARCELO ADRIAN',NULL,NULL,NULL,NULL,NULL),(52,'20-11142232-0','ZALAZAR VICTOR RAUL',NULL,NULL,NULL,NULL,NULL),(53,'00-00000022-0','MOCCIOLA S.A.',NULL,NULL,NULL,NULL,NULL),(54,'27-11810785-9','VOLK YOLANDA MARY',NULL,NULL,NULL,NULL,NULL),(55,'33-71188160-9','JC BRABEUO',NULL,NULL,NULL,NULL,NULL),(56,'00-00000023-0','TARIFEÑO',NULL,NULL,NULL,NULL,NULL),(57,'30-70871100-0','LIMKAT',NULL,NULL,NULL,NULL,NULL),(58,'30-71166408-0','ROVELLA CARRANZA – R.J. INGENIERÍA  S.A. UTE',NULL,NULL,NULL,NULL,NULL),(59,'30-71003995-6','C.N.SAPAG S.A. - LUCIANO S.A. UTE',NULL,NULL,NULL,NULL,NULL),(60,'33-71054491-9','CONTRERAS HNOS. S.A. - C.N.SAPAG S.A. UTE',NULL,NULL,NULL,NULL,NULL),(61,'30-71017401-2','LAUTEC S.R.L. - HORMIQUEN S.A. UTE',NULL,NULL,NULL,NULL,NULL),(62,'30-71051275-9','HORMIQUEN S.A. - LAUTEC S.R.L.  UTE',NULL,NULL,NULL,NULL,NULL),(63,'00-00000001-0','CLEANOSOL ARGENTINA S.A.',NULL,NULL,NULL,NULL,NULL),(64,'30-71204360-8','HORMIQUEN S.A. - LAUTEC S.R.L. - SERVIPET S.A.  UTE',NULL,NULL,NULL,NULL,NULL),(65,'30-64595911-2','CONAGRO S.R.L.',NULL,NULL,NULL,NULL,NULL),(66,'30-71242742-2','PERFIL S.R.L.',NULL,NULL,NULL,NULL,NULL),(67,'00-00000002-0','CONSTRUCCIONES MONETTI',NULL,NULL,NULL,NULL,NULL),(68,'00-00000003-0','CN SAPAG S.A.',NULL,NULL,NULL,NULL,NULL),(69,'00-00000004-0','CODI S.A:',NULL,NULL,NULL,NULL,NULL),(70,'00-00000005-0','ING. MARCELO GODOY',NULL,NULL,NULL,NULL,NULL),(71,'00-00000008-0','DIEGO JAVIER URBANSKY',NULL,NULL,NULL,NULL,NULL),(72,'00-00000007-0','AGRº VICTOR OMAR GODOY',NULL,NULL,NULL,NULL,NULL),(73,'00-00000009-0','INGº LARA BABAYA',NULL,NULL,NULL,NULL,NULL),(74,'00-00000006-0','AGRº CARLOS DANIEL SARALEGUI',NULL,NULL,NULL,NULL,NULL),(75,'00-00000010-0','PROVEEDOR SIN DEFINIR',NULL,NULL,NULL,NULL,NULL),(76,'00-00000011-0','PROVEEDOR SIN DEFINIR',NULL,NULL,NULL,NULL,NULL),(86,'30-65916883-5','TRANELSA TRANSMISION ELECTRICA S A',NULL,NULL,NULL,NULL,NULL),(87,'30-51745293-5','ATEC SA',NULL,NULL,NULL,NULL,NULL),(88,'30-61522482-7','ROVELLA CARRANZA SA',NULL,NULL,NULL,NULL,NULL),(89,'33-62881805-9','LUCIANO SA',NULL,NULL,NULL,NULL,NULL),(90,'00-00000024-0','CONTRERAS HNOS. S.A.',NULL,NULL,NULL,NULL,NULL),(91,'30-68449443-7','EMPRESA CONSTRUCTORA LAUTEC SRL',NULL,NULL,NULL,NULL,NULL),(92,'30-62887186-4','HORMIQUEN SA',NULL,NULL,NULL,NULL,NULL),(93,'30-71032573-8','SERVIPET S.R.L.',NULL,NULL,NULL,NULL,NULL),(94,'30-70990537-2','RIVA S.A.I.I.C.F.Y A. - CODAM S.R.L. - ENRIQUE SANANDRES RIVA- UTE.',NULL,NULL,NULL,NULL,NULL),(95,'30-70912630-6','SERVIOBRAS S.R. L',NULL,NULL,NULL,NULL,NULL),(96,'30-68445816-3','SERVICIOS S.R.L.',NULL,NULL,NULL,NULL,NULL),(97,'30-71000751-5','LINEU S.A.',NULL,NULL,NULL,NULL,NULL),(98,'30-70999893-1','CONSTRUCTORA LIMAY S.A.',NULL,NULL,NULL,NULL,NULL),(99,'30-67266382-9','PROA S.R.L.',NULL,NULL,NULL,NULL,NULL),(100,'30-70823187-4','VARTRACK S.A.',NULL,NULL,NULL,NULL,NULL),(101,'20-08603497-3','ING. HORACIO OSVALDO REBAGLIATI',NULL,NULL,NULL,NULL,NULL),(102,'30-51891712-5','RIVA S A I I C F A',NULL,NULL,NULL,NULL,NULL),(103,'30-62213284-9','WEREFKIN S.A.',NULL,NULL,NULL,NULL,NULL),(104,'30-70715208-3','EMCOPAT S.A.',NULL,NULL,NULL,NULL,NULL),(105,'00-00000025-0','PCC S.R.L.',NULL,NULL,NULL,NULL,NULL),(106,'30-55574318-8','ING. CARLOS RAMASCO S. A.',NULL,NULL,NULL,NULL,NULL),(107,'00-00000026-0','ENRIQUE SAN ANDRES RIVAS',NULL,NULL,NULL,NULL,NULL),(108,'00-00000030-0','GALAZ NESTOR',NULL,NULL,NULL,NULL,NULL),(109,'00-00000035-0','NORDARO SRL',NULL,NULL,NULL,NULL,NULL),(110,'00-00000041-0','TECSICO SA',NULL,NULL,NULL,NULL,NULL),(111,'00-00000042-0','VOGEL HORACIO',NULL,NULL,NULL,NULL,NULL),(112,'00-00000037-0','PATAGONIA MEDIA AMBIENTE Y ARQ',NULL,NULL,NULL,NULL,NULL),(113,'00-00000032-0','MENDOZA MONTECINO',NULL,NULL,NULL,NULL,NULL),(114,'00-00000027-0','COOP BUEN AYRE LTDA',NULL,NULL,NULL,NULL,NULL),(115,'00-00000039-0','ROSA AURORA SOTO VERGARA',NULL,NULL,NULL,NULL,NULL),(116,'00-00000038-0','POLIWORLD SERVICIOS S.R.L',NULL,NULL,NULL,NULL,NULL),(117,'00-00000033-0','NESTOR GALAZ',NULL,NULL,NULL,NULL,NULL),(118,'00-00000036-0','OSCAR SAMUEL SANCHEZ',NULL,NULL,NULL,NULL,NULL),(119,'00-00000034-0','NEWEN SA',NULL,NULL,NULL,NULL,NULL),(120,'00-00000029-0','EVOLUTION MONTAJE Y SERVICIOS SRL',NULL,NULL,NULL,NULL,NULL),(121,'00-00000031-0','JORGE RUELLI',NULL,NULL,NULL,NULL,NULL),(122,'00-00000040-0','RUELLI JORGE',NULL,NULL,NULL,NULL,NULL),(123,'00-00000028-0','COOP DE TRABAJO LA OBRERA',NULL,NULL,NULL,NULL,NULL),(124,'00-00000045-0','MOCCIOLA',NULL,NULL,NULL,NULL,NULL),(125,'00-00000047-0','TRAUCO S.R.L.',NULL,NULL,NULL,NULL,NULL),(126,'00-00000044-0','COOP. MTD',NULL,NULL,NULL,NULL,NULL),(127,'00-00000046-0','SAIQUEN S.R.L.',NULL,NULL,NULL,NULL,NULL),(128,'00-00000048-0','URBANA S.R.L.',NULL,NULL,NULL,NULL,NULL),(129,'00-00000043-0','ADUS',NULL,NULL,NULL,NULL,NULL);
/*!40000 ALTER TABLE `proveedor` ENABLE KEYS */;
UNLOCK TABLES;

--
-- Table structure for table `recepcioncontrato`
--

DROP TABLE IF EXISTS `recepcioncontrato`;
/*!40101 SET @saved_cs_client     = @@character_set_client */;
/*!40101 SET character_set_client = utf8 */;
CREATE TABLE `recepcioncontrato` (
  `IdRecepcionContrato` int(10) unsigned NOT NULL AUTO_INCREMENT,
  `IdContrato` int(10) unsigned NOT NULL,
  `ProvisoriaDefinitiva` int(1) unsigned NOT NULL,
  `ParcialTotal` int(1) unsigned NOT NULL,
  `Fecha` date NOT NULL,
  `NormaLegalAprobacion` varchar(10) COLLATE utf8_spanish_ci NOT NULL,
  `PorcentajeRecepcion` decimal(5,2) unsigned NOT NULL,
  PRIMARY KEY (`IdRecepcionContrato`),
  KEY `fk_recepcioncontrato_contrato` (`IdContrato`),
  CONSTRAINT `fk_recepcioncontrato_contrato` FOREIGN KEY (`IdContrato`) REFERENCES `contrato` (`IdContrato`) ON DELETE NO ACTION ON UPDATE NO ACTION
) ENGINE=InnoDB AUTO_INCREMENT=2 DEFAULT CHARSET=utf8 COLLATE=utf8_spanish_ci;
/*!40101 SET character_set_client = @saved_cs_client */;

--
-- Dumping data for table `recepcioncontrato`
--

LOCK TABLES `recepcioncontrato` WRITE;
/*!40000 ALTER TABLE `recepcioncontrato` DISABLE KEYS */;
INSERT INTO `recepcioncontrato` VALUES (1,33,0,1,'2013-05-22','378/13',100.00);
/*!40000 ALTER TABLE `recepcioncontrato` ENABLE KEYS */;
UNLOCK TABLES;

--
-- Table structure for table `redeterminacion`
--

DROP TABLE IF EXISTS `redeterminacion`;
/*!40101 SET @saved_cs_client     = @@character_set_client */;
/*!40101 SET character_set_client = utf8 */;
CREATE TABLE `redeterminacion` (
  `IdRedeterminacion` int(10) unsigned NOT NULL AUTO_INCREMENT,
  `IdContrato` int(10) unsigned NOT NULL,
  `Fecha` date NOT NULL,
  `NormaLegalAprobacion` varchar(10) COLLATE utf8_spanish_ci NOT NULL,
  `Importe` decimal(14,2) NOT NULL,
  PRIMARY KEY (`IdRedeterminacion`),
  KEY `fk_redeterminacion_contrato` (`IdContrato`),
  CONSTRAINT `fk_redeterminacion_contrato` FOREIGN KEY (`IdContrato`) REFERENCES `contrato` (`IdContrato`) ON DELETE NO ACTION ON UPDATE NO ACTION
) ENGINE=InnoDB DEFAULT CHARSET=utf8 COLLATE=utf8_spanish_ci;
/*!40101 SET character_set_client = @saved_cs_client */;

--
-- Dumping data for table `redeterminacion`
--

LOCK TABLES `redeterminacion` WRITE;
/*!40000 ALTER TABLE `redeterminacion` DISABLE KEYS */;
/*!40000 ALTER TABLE `redeterminacion` ENABLE KEYS */;
UNLOCK TABLES;

--
-- Table structure for table `rol`
--

DROP TABLE IF EXISTS `rol`;
/*!40101 SET @saved_cs_client     = @@character_set_client */;
/*!40101 SET character_set_client = utf8 */;
CREATE TABLE `rol` (
  `IdRol` int(10) unsigned NOT NULL AUTO_INCREMENT,
  `Nombre` varchar(100) COLLATE utf8_spanish_ci NOT NULL,
  PRIMARY KEY (`IdRol`),
  UNIQUE KEY `uq_rol_nombre` (`Nombre`)
) ENGINE=InnoDB AUTO_INCREMENT=7 DEFAULT CHARSET=utf8 COLLATE=utf8_spanish_ci;
/*!40101 SET character_set_client = @saved_cs_client */;

--
-- Dumping data for table `rol`
--

LOCK TABLES `rol` WRITE;
/*!40000 ALTER TABLE `rol` DISABLE KEYS */;
INSERT INTO `rol` VALUES (1,'ADMINISTRADOR GENERAL'),(2,'ADMINISTRADOR ORGANISMO'),(5,'CONSULTA'),(3,'OBRAS'),(6,'PRENSA'),(4,'TESORERIA');
/*!40000 ALTER TABLE `rol` ENABLE KEYS */;
UNLOCK TABLES;

--
-- Table structure for table `rolpagina`
--

DROP TABLE IF EXISTS `rolpagina`;
/*!40101 SET @saved_cs_client     = @@character_set_client */;
/*!40101 SET character_set_client = utf8 */;
CREATE TABLE `rolpagina` (
  `IdRol` int(10) unsigned NOT NULL,
  `IdPagina` int(10) unsigned NOT NULL,
  PRIMARY KEY (`IdRol`,`IdPagina`),
  KEY `fk_rolpagina_pagina` (`IdPagina`),
  CONSTRAINT `fk_rolpagina_pagina` FOREIGN KEY (`IdPagina`) REFERENCES `pagina` (`IdPagina`) ON DELETE NO ACTION ON UPDATE NO ACTION,
  CONSTRAINT `fk_rolpagina_rol` FOREIGN KEY (`IdRol`) REFERENCES `rol` (`IdRol`) ON DELETE NO ACTION ON UPDATE NO ACTION
) ENGINE=InnoDB DEFAULT CHARSET=utf8 COLLATE=utf8_spanish_ci;
/*!40101 SET character_set_client = @saved_cs_client */;

--
-- Dumping data for table `rolpagina`
--

LOCK TABLES `rolpagina` WRITE;
/*!40000 ALTER TABLE `rolpagina` DISABLE KEYS */;
INSERT INTO `rolpagina` VALUES (1,1),(2,1),(3,1),(4,1),(5,1),(6,1),(1,2),(2,2),(3,2),(4,2),(5,2),(6,2),(1,3),(2,3),(3,3),(4,3),(5,3),(6,3),(1,4),(2,4),(3,4),(4,4),(5,4),(6,4),(2,5),(3,5),(5,5),(2,6),(3,6),(2,7),(3,7),(5,7),(2,8),(3,8),(2,9),(3,9),(5,9),(2,10),(3,10),(2,11),(3,11),(2,12),(4,12),(5,12),(2,13),(4,13),(1,14),(2,14),(1,15),(2,15),(1,16),(1,17),(1,18),(2,18),(3,18),(1,19),(2,19),(3,19),(1,20),(1,21),(1,22),(1,23),(2,24),(3,24),(4,24),(5,24),(2,25),(3,25),(2,26),(3,26),(2,27),(3,27),(2,28),(3,28),(1,29),(2,29),(3,29),(1,30),(2,30),(3,30),(2,31),(3,31),(2,32),(3,32),(2,33),(3,33),(5,33),(6,34);
/*!40000 ALTER TABLE `rolpagina` ENABLE KEYS */;
UNLOCK TABLES;

--
-- Table structure for table `tipoobra`
--

DROP TABLE IF EXISTS `tipoobra`;
/*!40101 SET @saved_cs_client     = @@character_set_client */;
/*!40101 SET character_set_client = utf8 */;
CREATE TABLE `tipoobra` (
  `IdTipoObra` int(10) unsigned NOT NULL AUTO_INCREMENT,
  `Descripcion` varchar(50) COLLATE utf8_spanish_ci NOT NULL,
  PRIMARY KEY (`IdTipoObra`)
) ENGINE=InnoDB AUTO_INCREMENT=8 DEFAULT CHARSET=utf8 COLLATE=utf8_spanish_ci;
/*!40101 SET character_set_client = @saved_cs_client */;

--
-- Dumping data for table `tipoobra`
--

LOCK TABLES `tipoobra` WRITE;
/*!40000 ALTER TABLE `tipoobra` DISABLE KEYS */;
INSERT INTO `tipoobra` VALUES (1,'SERVICIOS DE AGUA'),(2,'OBRAS DE SANEAMIENTO'),(3,'SERVICIOS DE SANEAMIENTO'),(4,'OBRAS EN GENERAL'),(5,'OBRAS DE AGUA'),(6,'SERVICIOS EN GENERAL'),(7,'OTROS');
/*!40000 ALTER TABLE `tipoobra` ENABLE KEYS */;
UNLOCK TABLES;

--
-- Table structure for table `usuario`
--

DROP TABLE IF EXISTS `usuario`;
/*!40101 SET @saved_cs_client     = @@character_set_client */;
/*!40101 SET character_set_client = utf8 */;
CREATE TABLE `usuario` (
  `IdUsuario` int(10) unsigned NOT NULL AUTO_INCREMENT,
  `ApellidoNombre` varchar(255) COLLATE utf8_spanish_ci NOT NULL,
  `Username` varchar(50) COLLATE utf8_spanish_ci NOT NULL,
  `Password` varchar(50) COLLATE utf8_spanish_ci NOT NULL,
  `IdOrganismo` int(10) unsigned DEFAULT NULL,
  `Activo` int(1) unsigned NOT NULL,
  `IdRol` int(10) unsigned NOT NULL,
  PRIMARY KEY (`IdUsuario`),
  KEY `fk_usuario_organismo` (`IdOrganismo`),
  KEY `fk_usuario_rol` (`IdRol`),
  CONSTRAINT `fk_usuario_organismo` FOREIGN KEY (`IdOrganismo`) REFERENCES `organismo` (`IdOrganismo`) ON DELETE NO ACTION ON UPDATE NO ACTION,
  CONSTRAINT `fk_usuario_rol` FOREIGN KEY (`IdRol`) REFERENCES `rol` (`IdRol`) ON DELETE NO ACTION ON UPDATE NO ACTION
) ENGINE=InnoDB AUTO_INCREMENT=29 DEFAULT CHARSET=utf8 COLLATE=utf8_spanish_ci;
/*!40101 SET character_set_client = @saved_cs_client */;

--
-- Dumping data for table `usuario`
--

LOCK TABLES `usuario` WRITE;
/*!40000 ALTER TABLE `usuario` DISABLE KEYS */;
INSERT INTO `usuario` VALUES (1,'EDUARDO VIDAL','evidal','3fc0a7acf087f549ac2b266baf94b8b1',1,1,2),(2,'ADMINISTRADOR GENERAL','admin','3fc0a7acf087f549ac2b266baf94b8b1',NULL,1,1),(5,'NORMAN VICENTE','nvicente','3fc0a7acf087f549ac2b266baf94b8b1',2,1,2),(6,'GUSTAVO CECCARELLI','gceccarelli','3fc0a7acf087f549ac2b266baf94b8b1',3,1,2),(7,'ADMINISTRADOR OBRAS PUBLICAS','obraspublicasadmin','3fc0a7acf087f549ac2b266baf94b8b1',5,1,2),(8,'CAROLINA DEL RIO','cdelrio','3fc0a7acf087f549ac2b266baf94b8b1',4,1,2),(9,'ADMINISTRADOR UPEFE','upefeadmin','3fc0a7acf087f549ac2b266baf94b8b1',6,1,2),(10,'SOLEDAD ARANEDA','saraneda','3fc0a7acf087f549ac2b266baf94b8b1',1,1,3),(11,'CECILIA CROCCE','ccrocce','3fc0a7acf087f549ac2b266baf94b8b1',1,1,3),(12,'HORACIO TIBALDI','htibaldi','3fc0a7acf087f549ac2b266baf94b8b1',1,1,4),(13,'NORA FERNANDEZ','nfernandez','3fc0a7acf087f549ac2b266baf94b8b1',1,1,4),(14,'RENATO CECCOTTI','rceccotti','3fc0a7acf087f549ac2b266baf94b8b1',2,1,3),(15,'CRISTIAN JARA','cjara','3fc0a7acf087f549ac2b266baf94b8b1',2,1,3),(16,'PABLO GÜENTIAN','pguentian','3fc0a7acf087f549ac2b266baf94b8b1',2,1,3),(17,'ADRIANA HERNANDEZ','ahernandez','3fc0a7acf087f549ac2b266baf94b8b1',2,1,4),(18,'CRISTINA SEPULVEDA','csepulveda','3fc0a7acf087f549ac2b266baf94b8b1',2,1,4),(19,'FRANCISCO GARCIA','fgarcia','3fc0a7acf087f549ac2b266baf94b8b1',3,1,3),(20,'CAROLINA BALLERINO','cballerino','3fc0a7acf087f549ac2b266baf94b8b1',3,1,4),(21,'ALVARO SANCHEZ','asanchez','3fc0a7acf087f549ac2b266baf94b8b1',3,1,4),(22,'SILVIA SEGOVIA','ssegovia','3fc0a7acf087f549ac2b266baf94b8b1',4,1,3),(23,'ANA BAUCH','abauch','3fc0a7acf087f549ac2b266baf94b8b1',4,1,3),(24,'SUSANA GOMEZ','sgomez','3fc0a7acf087f549ac2b266baf94b8b1',4,1,3),(25,'MUÑOZ MARTIN','mmuñoz','3fc0a7acf087f549ac2b266baf94b8b1',1,1,5),(26,'ADMINISTRADOR IPVU','ipvuadmin','3fc0a7acf087f549ac2b266baf94b8b1',7,1,2),(27,'ADMINISTRADOR ADUS','adusadmin','3fc0a7acf087f549ac2b266baf94b8b1',8,1,2),(28,'PRENSA','prensa','3fc0a7acf087f549ac2b266baf94b8b1',NULL,1,6);
/*!40000 ALTER TABLE `usuario` ENABLE KEYS */;
UNLOCK TABLES;

--
-- Table structure for table `ute`
--

DROP TABLE IF EXISTS `ute`;
/*!40101 SET @saved_cs_client     = @@character_set_client */;
/*!40101 SET character_set_client = utf8 */;
CREATE TABLE `ute` (
  `IdProveedor` int(10) unsigned NOT NULL,
  `IdProveedorSocio` int(10) unsigned NOT NULL,
  `PorcentajeSocio` decimal(5,2) unsigned NOT NULL,
  PRIMARY KEY (`IdProveedor`,`IdProveedorSocio`),
  KEY `fk_ute_proveedor_2` (`IdProveedorSocio`),
  CONSTRAINT `fk_ute_proveedor` FOREIGN KEY (`IdProveedor`) REFERENCES `proveedor` (`IdProveedor`) ON DELETE NO ACTION ON UPDATE NO ACTION,
  CONSTRAINT `fk_ute_proveedor_2` FOREIGN KEY (`IdProveedorSocio`) REFERENCES `proveedor` (`IdProveedor`) ON DELETE NO ACTION ON UPDATE NO ACTION
) ENGINE=InnoDB DEFAULT CHARSET=utf8 COLLATE=utf8_spanish_ci;
/*!40101 SET character_set_client = @saved_cs_client */;

--
-- Dumping data for table `ute`
--

LOCK TABLES `ute` WRITE;
/*!40000 ALTER TABLE `ute` DISABLE KEYS */;
INSERT INTO `ute` VALUES (6,5,50.00),(6,68,50.00),(7,5,50.00),(7,68,50.00),(13,86,50.00),(13,87,50.00),(18,3,45.00),(18,5,16.50),(18,68,38.50),(58,30,50.00),(58,88,50.00),(59,68,50.00),(59,89,50.00),(60,68,50.00),(60,90,50.00),(61,91,50.00),(61,92,50.00),(62,91,50.00),(62,92,50.00),(64,91,33.00),(64,92,34.00),(64,93,33.00),(94,22,33.00),(94,28,33.00),(94,102,33.00);
/*!40000 ALTER TABLE `ute` ENABLE KEYS */;
UNLOCK TABLES;

--
-- Dumping routines for database 'ssp'
--
/*!50003 DROP FUNCTION IF EXISTS `fnCodigosFufixObra` */;
/*!50003 SET @saved_cs_client      = @@character_set_client */ ;
/*!50003 SET @saved_cs_results     = @@character_set_results */ ;
/*!50003 SET @saved_col_connection = @@collation_connection */ ;
/*!50003 SET character_set_client  = latin1 */ ;
/*!50003 SET character_set_results = latin1 */ ;
/*!50003 SET collation_connection  = latin1_swedish_ci */ ;
/*!50003 SET @saved_sql_mode       = @@sql_mode */ ;
/*!50003 SET sql_mode              = '' */ ;
DELIMITER ;;
/*!50003 CREATE*/ /*!50020 DEFINER=`root`@`localhost`*/ /*!50003 FUNCTION `fnCodigosFufixObra`(pIdObra INT) RETURNS varchar(1000) CHARSET utf8
BEGIN
  DECLARE vFufi VARCHAR(4);
  DECLARE vReturn VARCHAR(1000);
  DECLARE vDone INT DEFAULT 0;
  DECLARE vCurFufis CURSOR FOR select f.CodigoFufi from obrafuentefinanciamiento of inner join fuentefinanciamiento f on of.IdFuenteFinanciamiento=f.IdFuenteFinanciamiento where of.IdObra=pIdObra order by f.CodigoFufi;
  DECLARE CONTINUE HANDLER FOR SQLSTATE '02000' SET vDone = 1;
  
  SET vReturn = '';
  SET vDone = 0;
  OPEN vCurFufis;
  
  REPEAT
    FETCH vCurFufis INTO vFufi;
    
    IF NOT vDone THEN
      
      IF vReturn='' THEN
        SET vReturn = CONCAT(vFufi);
      ELSE
        SET vReturn = CONCAT(vReturn,'\n', vFufi);
      END IF;
      
    END IF;
  
  UNTIL vDone END REPEAT;
	
  RETURN vReturn;
END */;;
DELIMITER ;
/*!50003 SET sql_mode              = @saved_sql_mode */ ;
/*!50003 SET character_set_client  = @saved_cs_client */ ;
/*!50003 SET character_set_results = @saved_cs_results */ ;
/*!50003 SET collation_connection  = @saved_col_connection */ ;
/*!50003 DROP FUNCTION IF EXISTS `fnDescripcionesFufixObra` */;
/*!50003 SET @saved_cs_client      = @@character_set_client */ ;
/*!50003 SET @saved_cs_results     = @@character_set_results */ ;
/*!50003 SET @saved_col_connection = @@collation_connection */ ;
/*!50003 SET character_set_client  = latin1 */ ;
/*!50003 SET character_set_results = latin1 */ ;
/*!50003 SET collation_connection  = latin1_swedish_ci */ ;
/*!50003 SET @saved_sql_mode       = @@sql_mode */ ;
/*!50003 SET sql_mode              = '' */ ;
DELIMITER ;;
/*!50003 CREATE*/ /*!50020 DEFINER=`root`@`localhost`*/ /*!50003 FUNCTION `fnDescripcionesFufixObra`(pIdObra INT) RETURNS varchar(1000) CHARSET utf8
BEGIN
  DECLARE vNombre VARCHAR(255);
  DECLARE vReturn VARCHAR(1000);
  DECLARE vDone INT DEFAULT 0;
  DECLARE vCurFufis CURSOR FOR select f.Descripcion from obrafuentefinanciamiento of inner join fuentefinanciamiento f on of.IdFuenteFinanciamiento=f.IdFuenteFinanciamiento where of.IdObra=pIdObra order by f.CodigoFufi;
  DECLARE CONTINUE HANDLER FOR SQLSTATE '02000' SET vDone = 1;
  
  SET vReturn = '';
  SET vDone = 0;
  OPEN vCurFufis;
  
  REPEAT
    FETCH vCurFufis INTO vNombre;
    
    IF NOT vDone THEN
      
      IF vReturn='' THEN
        SET vReturn = CONCAT(vNombre);
      ELSE
        SET vReturn = CONCAT(vReturn,'\n', vNombre);
      END IF;
      
    END IF;
  
  UNTIL vDone END REPEAT;
	
  RETURN vReturn;
END */;;
DELIMITER ;
/*!50003 SET sql_mode              = @saved_sql_mode */ ;
/*!50003 SET character_set_client  = @saved_cs_client */ ;
/*!50003 SET character_set_results = @saved_cs_results */ ;
/*!50003 SET collation_connection  = @saved_col_connection */ ;
/*!50003 DROP FUNCTION IF EXISTS `fnFufisxObra` */;
/*!50003 SET @saved_cs_client      = @@character_set_client */ ;
/*!50003 SET @saved_cs_results     = @@character_set_results */ ;
/*!50003 SET @saved_col_connection = @@collation_connection */ ;
/*!50003 SET character_set_client  = latin1 */ ;
/*!50003 SET character_set_results = latin1 */ ;
/*!50003 SET collation_connection  = latin1_swedish_ci */ ;
/*!50003 SET @saved_sql_mode       = @@sql_mode */ ;
/*!50003 SET sql_mode              = '' */ ;
DELIMITER ;;
/*!50003 CREATE*/ /*!50020 DEFINER=`root`@`localhost`*/ /*!50003 FUNCTION `fnFufisxObra`(pIdObra INT) RETURNS varchar(1000) CHARSET latin1
BEGIN
  DECLARE vNombre VARCHAR(255);
  DECLARE vFufi VARCHAR(4);
  DECLARE vReturn VARCHAR(1000);
  DECLARE vDone INT DEFAULT 0;
  DECLARE vCurFufis CURSOR FOR select f.CodigoFufi, f.Descripcion from obrafuentefinanciamiento of inner join fuentefinanciamiento f on of.IdFuenteFinanciamiento=f.IdFuenteFinanciamiento where of.IdObra=pIdObra order by f.CodigoFufi;
  DECLARE CONTINUE HANDLER FOR SQLSTATE '02000' SET vDone = 1;
  
  SET vReturn = '';
  SET vDone = 0;
  OPEN vCurFufis;
  
  REPEAT
    FETCH vCurFufis INTO vFufi, vNombre;
    
    IF NOT vDone THEN
      
      IF vReturn='' THEN
        SET vReturn = CONCAT(vFufi,' ',vNombre);
      ELSE
        SET vReturn = CONCAT(vReturn,'<br />', vFufi,' ',vNombre);
      END IF;
      
    END IF;
  
  UNTIL vDone END REPEAT;
	
  RETURN vReturn;
END */;;
DELIMITER ;
/*!50003 SET sql_mode              = @saved_sql_mode */ ;
/*!50003 SET character_set_client  = @saved_cs_client */ ;
/*!50003 SET character_set_results = @saved_cs_results */ ;
/*!50003 SET collation_connection  = @saved_col_connection */ ;
/*!50003 DROP FUNCTION IF EXISTS `fnLocalidadesxObra` */;
/*!50003 SET @saved_cs_client      = @@character_set_client */ ;
/*!50003 SET @saved_cs_results     = @@character_set_results */ ;
/*!50003 SET @saved_col_connection = @@collation_connection */ ;
/*!50003 SET character_set_client  = latin1 */ ;
/*!50003 SET character_set_results = latin1 */ ;
/*!50003 SET collation_connection  = latin1_swedish_ci */ ;
/*!50003 SET @saved_sql_mode       = @@sql_mode */ ;
/*!50003 SET sql_mode              = '' */ ;
DELIMITER ;;
/*!50003 CREATE*/ /*!50020 DEFINER=`root`@`localhost`*/ /*!50003 FUNCTION `fnLocalidadesxObra`(pIdObra INT, pFinLinea VARCHAR(10)) RETURNS varchar(1000) CHARSET utf8
BEGIN
  DECLARE vNombre VARCHAR(100);
  DECLARE vReturn VARCHAR(1000);
  DECLARE vDone INT DEFAULT 0;
  DECLARE vCurLocalidades CURSOR FOR select l.Nombre from obralocalidad ol inner join localidad l on ol.IdLocalidad=l.IdLocalidad where ol.IdObra=pIdObra order by l.Nombre;
  DECLARE CONTINUE HANDLER FOR SQLSTATE '02000' SET vDone = 1;
  
  SET vReturn = '';
  SET vDone = 0;
  OPEN vCurLocalidades;
  
  REPEAT
    FETCH vCurLocalidades INTO vNombre;
    
    IF NOT vDone THEN
      
      IF vReturn='' THEN
        SET vReturn = vNombre;
      ELSE
        SET vReturn = CONCAT(vReturn,pFinLinea, vNombre);
      END IF;
      
    END IF;
  
  UNTIL vDone END REPEAT;
	
  RETURN vReturn;
END */;;
DELIMITER ;
/*!50003 SET sql_mode              = @saved_sql_mode */ ;
/*!50003 SET character_set_client  = @saved_cs_client */ ;
/*!50003 SET character_set_results = @saved_cs_results */ ;
/*!50003 SET collation_connection  = @saved_col_connection */ ;
/*!50003 DROP PROCEDURE IF EXISTS `spRecalcularCertificaciones` */;
/*!50003 SET @saved_cs_client      = @@character_set_client */ ;
/*!50003 SET @saved_cs_results     = @@character_set_results */ ;
/*!50003 SET @saved_col_connection = @@collation_connection */ ;
/*!50003 SET character_set_client  = latin1 */ ;
/*!50003 SET character_set_results = latin1 */ ;
/*!50003 SET collation_connection  = latin1_swedish_ci */ ;
/*!50003 SET @saved_sql_mode       = @@sql_mode */ ;
/*!50003 SET sql_mode              = '' */ ;
DELIMITER ;;
/*!50003 CREATE*/ /*!50020 DEFINER=`root`@`%`*/ /*!50003 PROCEDURE `spRecalcularCertificaciones`(pIdContrato INT)
BEGIN
  DECLARE vMontoTotal DECIMAL(14,2);
	select co.Monto + ifnull((select sum(Importe*(case when AdicionalDeductivo=0 then 1 else -1 end)) from alteracion where IdContrato=co.IdContrato),0) into vMontoTotal from contrato co where co.IdContrato=pIdContrato;
  update certificacion set PorcentajeAvance = (MontoAvance / vMontoTotal * 100) where IdContrato=pIdContrato and IdOrdenTrabajo is null;
END */;;
DELIMITER ;
/*!50003 SET sql_mode              = @saved_sql_mode */ ;
/*!50003 SET character_set_client  = @saved_cs_client */ ;
/*!50003 SET character_set_results = @saved_cs_results */ ;
/*!50003 SET collation_connection  = @saved_col_connection */ ;
/*!50003 DROP PROCEDURE IF EXISTS `spRecalcularCertificacionesOT` */;
/*!50003 SET @saved_cs_client      = @@character_set_client */ ;
/*!50003 SET @saved_cs_results     = @@character_set_results */ ;
/*!50003 SET @saved_col_connection = @@collation_connection */ ;
/*!50003 SET character_set_client  = latin1 */ ;
/*!50003 SET character_set_results = latin1 */ ;
/*!50003 SET collation_connection  = latin1_swedish_ci */ ;
/*!50003 SET @saved_sql_mode       = @@sql_mode */ ;
/*!50003 SET sql_mode              = '' */ ;
DELIMITER ;;
/*!50003 CREATE*/ /*!50020 DEFINER=`root`@`%`*/ /*!50003 PROCEDURE `spRecalcularCertificacionesOT`(pIdOrdenTrabajo INT)
BEGIN
  DECLARE vMontoTotal DECIMAL(14,2);
	select ot.Monto - ifnull((select sum(Importe) from ordentrabajodeductivo where IdOrdenTrabajo=ot.IdOrdenTrabajo),0) into vMontoTotal from ordentrabajo ot where ot.IdOrdenTrabajo=pIdOrdenTrabajo;
  update certificacion set PorcentajeAvance = (MontoAvance / vMontoTotal * 100) where IdOrdenTrabajo=pIdOrdenTrabajo;
END */;;
DELIMITER ;
/*!50003 SET sql_mode              = @saved_sql_mode */ ;
/*!50003 SET character_set_client  = @saved_cs_client */ ;
/*!50003 SET character_set_results = @saved_cs_results */ ;
/*!50003 SET collation_connection  = @saved_col_connection */ ;
/*!40103 SET TIME_ZONE=@OLD_TIME_ZONE */;

/*!40101 SET SQL_MODE=@OLD_SQL_MODE */;
/*!40014 SET FOREIGN_KEY_CHECKS=@OLD_FOREIGN_KEY_CHECKS */;
/*!40014 SET UNIQUE_CHECKS=@OLD_UNIQUE_CHECKS */;
/*!40101 SET CHARACTER_SET_CLIENT=@OLD_CHARACTER_SET_CLIENT */;
/*!40101 SET CHARACTER_SET_RESULTS=@OLD_CHARACTER_SET_RESULTS */;
/*!40101 SET COLLATION_CONNECTION=@OLD_COLLATION_CONNECTION */;
/*!40111 SET SQL_NOTES=@OLD_SQL_NOTES */;

-- Dump completed on 2013-12-02 10:18:52
