/*EPEN*/
insert into obra (codigo, denominacion, idorganismo, creditopresupuestarioaprobado, expediente, memoriadescriptiva, cantidadbeneficiarios, presupuestooficial, fechapresupuestooficial, idtipoobra, latitud, longitud, idestadoobra) values ('0001', 'CONTRATACIÓN DE MANO DE OBRA PARA LA EJECUCIÓN DE ZANJEO EN VEREDAS, CALLES Y CRUCE SUBTERRÁNEO DEL ARROYO TRABUNCO EN SAN MARTÍN DE LOS ANDES', 2, 0, '3862-10610/006', null, null, 185130, '2010-04-01', null, null, null, 7);
insert into obra (codigo, denominacion, idorganismo, creditopresupuestarioaprobado, expediente, memoriadescriptiva, cantidadbeneficiarios, presupuestooficial, fechapresupuestooficial, idtipoobra, latitud, longitud, idestadoobra) values ('0002', 'CONTRATACIÓN DE M.O PARA OBRAS DE DISTRIBUCION Y Aº Pº - CONVENIO MARCO 2011/2012  (2º PERIODO) - ZONA NORTE', 2, 1990000, '4864-03600', null, null, 1121000, '2010-04-01', null, null, null, 6);
insert into obra (codigo, denominacion, idorganismo, creditopresupuestarioaprobado, expediente, memoriadescriptiva, cantidadbeneficiarios, presupuestooficial, fechapresupuestooficial, idtipoobra, latitud, longitud, idestadoobra) values ('0003', 'CONTRATACIÓN DE M.O PARA OBRAS DE DISTRIBUCION Y Aº Pº - CONVENIO MARCO 2011/2012  (2º PERIODO) - ZONA OESTE', 2, 1990000, '4864-03600', null, null, 1121000, '2010-04-01', null, null, null, 6);
insert into obra (codigo, denominacion, idorganismo, creditopresupuestarioaprobado, expediente, memoriadescriptiva, cantidadbeneficiarios, presupuestooficial, fechapresupuestooficial, idtipoobra, latitud, longitud, idestadoobra) values ('0004', 'CONTRATACIÓN DE M.O PARA OBRAS DE DISTRIBUCION Y Aº Pº - CONVENIO MARCO 2011/2012  (2º PERIODO) - ZONA ESTE', 2, 1990000, '4864-03600', null, null, 1121000, '2010-04-01', null, null, null, 6);
insert into obra (codigo, denominacion, idorganismo, creditopresupuestarioaprobado, expediente, memoriadescriptiva, cantidadbeneficiarios, presupuestooficial, fechapresupuestooficial, idtipoobra, latitud, longitud, idestadoobra) values ('0005', 'CONTRATACIÓN DE M.O PARA OBRAS DE DISTRIBUCION Y Aº Pº - CONVENIO MARCO 2011/2012  (2º PERIODO) - ZONA SUR', 2, 1990000, '4864-03600', null, null, 1754500, '2010-04-01', null, null, null, 6);
insert into obra (codigo, denominacion, idorganismo, creditopresupuestarioaprobado, expediente, memoriadescriptiva, cantidadbeneficiarios, presupuestooficial, fechapresupuestooficial, idtipoobra, latitud, longitud, idestadoobra) values ('0006', 'MANTENIMIENTO SISTEMA FOTOVOLTAICO (1º PERIODO) - ZONA NORTE', 2, 0, '4864-05135', null, null, 1015049.882, '2010-09-01', null, null, null, 6);
insert into obra (codigo, denominacion, idorganismo, creditopresupuestarioaprobado, expediente, memoriadescriptiva, cantidadbeneficiarios, presupuestooficial, fechapresupuestooficial, idtipoobra, latitud, longitud, idestadoobra) values ('0007', 'MANTENIMIENTO SISTEMA FOTOVOLTAICO (1º PERIODO) - ZONA OESTE', 2, 0, '4864-05135', null, null, 1887424.55, '2010-09-01', null, null, null, 6);
insert into obra (codigo, denominacion, idorganismo, creditopresupuestarioaprobado, expediente, memoriadescriptiva, cantidadbeneficiarios, presupuestooficial, fechapresupuestooficial, idtipoobra, latitud, longitud, idestadoobra) values ('0008', 'MANTENIMIENTO SISTEMA FOTOVOLTAICO (1º PERIODO) - ZONA SUR', 2, 0, '4864-05135', null, null, 659372.076, '2010-09-01', null, null, null, 6);
insert into obra (codigo, denominacion, idorganismo, creditopresupuestarioaprobado, expediente, memoriadescriptiva, cantidadbeneficiarios, presupuestooficial, fechapresupuestooficial, idtipoobra, latitud, longitud, idestadoobra) values ('0009', 'MANTENIMIENTO SISTEMA FOTOVOLTAICO (1º PERIODO) - ZONA ESTE', 2, 0, '4864-05135', null, null, 481388.094, '2010-09-01', null, null, null, 6);
insert into obra (codigo, denominacion, idorganismo, creditopresupuestarioaprobado, expediente, memoriadescriptiva, cantidadbeneficiarios, presupuestooficial, fechapresupuestooficial, idtipoobra, latitud, longitud, idestadoobra) values ('0010', 'ADECUACIONES SEDE CENTRAL EPEN AÑO 2012', 2, 850000, '4864-09405', null, null, 324280, '2011-12-01', null, null, null, 7);
insert into obra (codigo, denominacion, idorganismo, creditopresupuestarioaprobado, expediente, memoriadescriptiva, cantidadbeneficiarios, presupuestooficial, fechapresupuestooficial, idtipoobra, latitud, longitud, idestadoobra) values ('0011', 'SERVICIO ELÉCTRICO CAVIAHUE', 2, 300000, '4764-01083/003', null, null, 1644857.3746, '2012-05-01', null, null, null, 7);
insert into obra (codigo, denominacion, idorganismo, creditopresupuestarioaprobado, expediente, memoriadescriptiva, cantidadbeneficiarios, presupuestooficial, fechapresupuestooficial, idtipoobra, latitud, longitud, idestadoobra) values ('0012', 'LINEA DE MEDIA TENSION 13.2 KV VINCULACIÓN MCH - GG SISTEMA HIBRIDO COCHICO', 2, 850000, '4864-05734', null, null, 404467.5833, '2013-02-01', null, null, null, 8);
insert into obra (codigo, denominacion, idorganismo, creditopresupuestarioaprobado, expediente, memoriadescriptiva, cantidadbeneficiarios, presupuestooficial, fechapresupuestooficial, idtipoobra, latitud, longitud, idestadoobra) values ('0013', '2º LINEA 33 KV ET PIO PROTTO  - SET SMA - CONST. TRAMO SUBTERRANEO ZONA CURVA PIO PROTTO', 2, 2794655, '3862-02387', null, null, 4713571.0809, '2009-11-01', null, null, null, 7);
insert into obra (codigo, denominacion, idorganismo, creditopresupuestarioaprobado, expediente, memoriadescriptiva, cantidadbeneficiarios, presupuestooficial, fechapresupuestooficial, idtipoobra, latitud, longitud, idestadoobra) values ('0014', 'SUMINISTRO DE ENERGIA ELECTRICA "PLAN 900 VIVIENDAS" JUNIN DE LOS ANDES', 2, 4405524.84, '4864-06011', null, null, 3998241.5022, '2011-01-01', null, null, null, 6);
insert into obra (codigo, denominacion, idorganismo, creditopresupuestarioaprobado, expediente, memoriadescriptiva, cantidadbeneficiarios, presupuestooficial, fechapresupuestooficial, idtipoobra, latitud, longitud, idestadoobra) values ('0015', 'OBRAS COMPLEMENTARIAS DE GAS EN CENTRAL TÉRMICA VLA', 2, 2091207.43, '4864-05679', null, null, 2987439.18, '2011-03-01', null, null, null, 6);
insert into obra (codigo, denominacion, idorganismo, creditopresupuestarioaprobado, expediente, memoriadescriptiva, cantidadbeneficiarios, presupuestooficial, fechapresupuestooficial, idtipoobra, latitud, longitud, idestadoobra) values ('0016', 'CONTRATO Nº 1: LINEA DE ALTA TENSIÓN 132 KV ESTACIÓN TRANSFORMADORA PASO COIHUE (ET PC) – LIMITE INTERPROVINCIAL', 2, 62883176, '5901-01286', null, null, 16223266.18, '2012-06-01', null, null, null, 6);
insert into obra (codigo, denominacion, idorganismo, creditopresupuestarioaprobado, expediente, memoriadescriptiva, cantidadbeneficiarios, presupuestooficial, fechapresupuestooficial, idtipoobra, latitud, longitud, idestadoobra) values ('0017', 'CONTRATO Nº 2: ADQUISICIÓN DE TRANSFORMADORES DE POTENCIA', 2, 62883176, '4864-06267/11', null, null, 11206289.16, null, null, null, null, 6);
insert into obra (codigo, denominacion, idorganismo, creditopresupuestarioaprobado, expediente, memoriadescriptiva, cantidadbeneficiarios, presupuestooficial, fechapresupuestooficial, idtipoobra, latitud, longitud, idestadoobra) values ('0018', 'CONTRATO Nº 3: ADQUISICIÓN DE CONDUCTORES DE 132 KV ', 2, 62883176, '4864-06268/000', null, null, 1479769.5, null, null, null, null, 6);
insert into obra (codigo, denominacion, idorganismo, creditopresupuestarioaprobado, expediente, memoriadescriptiva, cantidadbeneficiarios, presupuestooficial, fechapresupuestooficial, idtipoobra, latitud, longitud, idestadoobra) values ('0019', 'CONTRATO Nº 3 - B:  ADQUISICIÓN DE CABLES MEDIA TENSIÓN SUBTERRÁNEOS DE 33 KV ', 2, 62883176, '4864-06268/003', null, null, 33299111.7, null, null, null, null, 6);
insert into obra (codigo, denominacion, idorganismo, creditopresupuestarioaprobado, expediente, memoriadescriptiva, cantidadbeneficiarios, presupuestooficial, fechapresupuestooficial, idtipoobra, latitud, longitud, idestadoobra) values ('0020', 'CONTRATO Nº 4: SERVICIO DE ASISTENCIA TÉCNICA E INSPECCIÓN DE LAS OBRAS DE INTERCONEXIÓN ELÉCTRICA VILLA LA ANGOSTURA', 2, 62883176, '4864-06269', null, null, 6279900, '2012-04-01', null, null, null, 6);
insert into obra (codigo, denominacion, idorganismo, creditopresupuestarioaprobado, expediente, memoriadescriptiva, cantidadbeneficiarios, presupuestooficial, fechapresupuestooficial, idtipoobra, latitud, longitud, idestadoobra) values ('0021', 'CONTRATO Nº 5: EQUIPOS DE 132 KV', 2, 62883176, '4864-05563/015', null, null, 9537410.88, null, null, null, null, 6);
insert into obra (codigo, denominacion, idorganismo, creditopresupuestarioaprobado, expediente, memoriadescriptiva, cantidadbeneficiarios, presupuestooficial, fechapresupuestooficial, idtipoobra, latitud, longitud, idestadoobra) values ('0022', 'CONTRATO Nº 5: EQUIPOS DE 132 KV', 2, 62883176, '4864-05563/015', null, null, null, null, null, null, null, 6);
insert into obra (codigo, denominacion, idorganismo, creditopresupuestarioaprobado, expediente, memoriadescriptiva, cantidadbeneficiarios, presupuestooficial, fechapresupuestooficial, idtipoobra, latitud, longitud, idestadoobra) values ('0023', 'CONTRATO Nº 5: EQUIPOS DE 132 KV', 2, 62883176, '4864-05563/015', null, null, null, null, null, null, null, 6);
insert into obra (codigo, denominacion, idorganismo, creditopresupuestarioaprobado, expediente, memoriadescriptiva, cantidadbeneficiarios, presupuestooficial, fechapresupuestooficial, idtipoobra, latitud, longitud, idestadoobra) values ('0024', 'CONTRATO Nº 6: PROYECTO DE LA OBRA VINCULACIÓN EN 132 PILCANIYEU – PASO COIHUE – BARILOCHE', 2, 62883176, '5901-01714', null, null, 1196690, '2012-02-01', null, null, null, 6);
insert into obra (codigo, denominacion, idorganismo, creditopresupuestarioaprobado, expediente, memoriadescriptiva, cantidadbeneficiarios, presupuestooficial, fechapresupuestooficial, idtipoobra, latitud, longitud, idestadoobra) values ('0025', 'CONTRATO Nº 7: ESTACIÓN TRANSFORMADORA PASO COIHUE (ET PC) 132/33/13,2 KV - 30 MVA', 2, 62883176, '5901-00735', null, null, 24455274.063, '2012-03-01', null, null, null, 6);
insert into obra (codigo, denominacion, idorganismo, creditopresupuestarioaprobado, expediente, memoriadescriptiva, cantidadbeneficiarios, presupuestooficial, fechapresupuestooficial, idtipoobra, latitud, longitud, idestadoobra) values ('0026', 'CONTRATO Nº 8: LÍNEA DE MEDIA TENSIÓN 33 KV SUBTERRÁNEA DOBLE TERNA', 2, 62883176, '5901-00860', null, null, 38498385.8985, '2012-03-01', null, null, null, 6);
insert into obra (codigo, denominacion, idorganismo, creditopresupuestarioaprobado, expediente, memoriadescriptiva, cantidadbeneficiarios, presupuestooficial, fechapresupuestooficial, idtipoobra, latitud, longitud, idestadoobra) values ('0027', 'CONTRATO Nº 9:  S.E.T VILLA LA ANGOSTURA', 2, 62883176, '5901-00566', null, null, 17897477.2955, '2012-03-01', null, null, null, 6);

insert into obraestado(idobra, idestadoobra, fecha) values ((select IdObra from obra where codigo='0001' and idorganismo=2), 7, current_date);
insert into obraestado(idobra, idestadoobra, fecha) values ((select IdObra from obra where codigo='0002' and idorganismo=2), 6, current_date);
insert into obraestado(idobra, idestadoobra, fecha) values ((select IdObra from obra where codigo='0003' and idorganismo=2), 6, current_date);
insert into obraestado(idobra, idestadoobra, fecha) values ((select IdObra from obra where codigo='0004' and idorganismo=2), 6, current_date);
insert into obraestado(idobra, idestadoobra, fecha) values ((select IdObra from obra where codigo='0005' and idorganismo=2), 6, current_date);
insert into obraestado(idobra, idestadoobra, fecha) values ((select IdObra from obra where codigo='0006' and idorganismo=2), 6, current_date);
insert into obraestado(idobra, idestadoobra, fecha) values ((select IdObra from obra where codigo='0007' and idorganismo=2), 6, current_date);
insert into obraestado(idobra, idestadoobra, fecha) values ((select IdObra from obra where codigo='0008' and idorganismo=2), 6, current_date);
insert into obraestado(idobra, idestadoobra, fecha) values ((select IdObra from obra where codigo='0009' and idorganismo=2), 6, current_date);
insert into obraestado(idobra, idestadoobra, fecha) values ((select IdObra from obra where codigo='0010' and idorganismo=2), 7, current_date);
insert into obraestado(idobra, idestadoobra, fecha) values ((select IdObra from obra where codigo='0011' and idorganismo=2), 7, current_date);
insert into obraestado(idobra, idestadoobra, fecha) values ((select IdObra from obra where codigo='0012' and idorganismo=2), 8, current_date);
insert into obraestado(idobra, idestadoobra, fecha) values ((select IdObra from obra where codigo='0013' and idorganismo=2), 7, current_date);
insert into obraestado(idobra, idestadoobra, fecha) values ((select IdObra from obra where codigo='0014' and idorganismo=2), 6, current_date);
insert into obraestado(idobra, idestadoobra, fecha) values ((select IdObra from obra where codigo='0015' and idorganismo=2), 6, current_date);
insert into obraestado(idobra, idestadoobra, fecha) values ((select IdObra from obra where codigo='0016' and idorganismo=2), 6, current_date);
insert into obraestado(idobra, idestadoobra, fecha) values ((select IdObra from obra where codigo='0017' and idorganismo=2), 6, current_date);
insert into obraestado(idobra, idestadoobra, fecha) values ((select IdObra from obra where codigo='0018' and idorganismo=2), 6, current_date);
insert into obraestado(idobra, idestadoobra, fecha) values ((select IdObra from obra where codigo='0019' and idorganismo=2), 6, current_date);
insert into obraestado(idobra, idestadoobra, fecha) values ((select IdObra from obra where codigo='0020' and idorganismo=2), 6, current_date);
insert into obraestado(idobra, idestadoobra, fecha) values ((select IdObra from obra where codigo='0021' and idorganismo=2), 6, current_date);
insert into obraestado(idobra, idestadoobra, fecha) values ((select IdObra from obra where codigo='0022' and idorganismo=2), 6, current_date);
insert into obraestado(idobra, idestadoobra, fecha) values ((select IdObra from obra where codigo='0023' and idorganismo=2), 6, current_date);
insert into obraestado(idobra, idestadoobra, fecha) values ((select IdObra from obra where codigo='0024' and idorganismo=2), 6, current_date);
insert into obraestado(idobra, idestadoobra, fecha) values ((select IdObra from obra where codigo='0025' and idorganismo=2), 6, current_date);
insert into obraestado(idobra, idestadoobra, fecha) values ((select IdObra from obra where codigo='0026' and idorganismo=2), 6, current_date);
insert into obraestado(idobra, idestadoobra, fecha) values ((select IdObra from obra where codigo='0027' and idorganismo=2), 6, current_date);

insert into obralocalidad(idobra, idlocalidad) values ((select IdObra from obra where codigo='0001' and idorganismo=2), 381);
insert into obralocalidad(idobra, idlocalidad) values ((select IdObra from obra where codigo='0010' and idorganismo=2), 292);
insert into obralocalidad(idobra, idlocalidad) values ((select IdObra from obra where codigo='0011' and idorganismo=2), 62);
insert into obralocalidad(idobra, idlocalidad) values ((select IdObra from obra where codigo='0012' and idorganismo=2), 94);
insert into obralocalidad(idobra, idlocalidad) values ((select IdObra from obra where codigo='0013' and idorganismo=2), 381);
insert into obralocalidad(idobra, idlocalidad) values ((select IdObra from obra where codigo='0014' and idorganismo=2), 177);
insert into obralocalidad(idobra, idlocalidad) values ((select IdObra from obra where codigo='0015' and idorganismo=2), 412);
insert into obralocalidad(idobra, idlocalidad) values ((select IdObra from obra where codigo='0016' and idorganismo=2), 412);
insert into obralocalidad(idobra, idlocalidad) values ((select IdObra from obra where codigo='0017' and idorganismo=2), 412);
insert into obralocalidad(idobra, idlocalidad) values ((select IdObra from obra where codigo='0018' and idorganismo=2), 412);
insert into obralocalidad(idobra, idlocalidad) values ((select IdObra from obra where codigo='0019' and idorganismo=2), 412);
insert into obralocalidad(idobra, idlocalidad) values ((select IdObra from obra where codigo='0020' and idorganismo=2), 412);
insert into obralocalidad(idobra, idlocalidad) values ((select IdObra from obra where codigo='0021' and idorganismo=2), 412);
insert into obralocalidad(idobra, idlocalidad) values ((select IdObra from obra where codigo='0022' and idorganismo=2), 412);
insert into obralocalidad(idobra, idlocalidad) values ((select IdObra from obra where codigo='0023' and idorganismo=2), 412);
insert into obralocalidad(idobra, idlocalidad) values ((select IdObra from obra where codigo='0024' and idorganismo=2), 412);
insert into obralocalidad(idobra, idlocalidad) values ((select IdObra from obra where codigo='0025' and idorganismo=2), 412);
insert into obralocalidad(idobra, idlocalidad) values ((select IdObra from obra where codigo='0026' and idorganismo=2), 412);
insert into obralocalidad(idobra, idlocalidad) values ((select IdObra from obra where codigo='0027' and idorganismo=2), 412);

insert into fuentefinanciamiento (codigofufi, descripcion) select * from (select '2112', 'FUFI SIN DESCRIPCION') as tmp where not exists(select * from fuentefinanciamiento where codigofufi='2112') limit 1;
insert into fuentefinanciamiento (codigofufi, descripcion) select * from (select '2112', 'FUFI SIN DESCRIPCION') as tmp where not exists(select * from fuentefinanciamiento where codigofufi='2112') limit 1;
insert into fuentefinanciamiento (codigofufi, descripcion) select * from (select '2112', 'FUFI SIN DESCRIPCION') as tmp where not exists(select * from fuentefinanciamiento where codigofufi='2112') limit 1;
insert into fuentefinanciamiento (codigofufi, descripcion) select * from (select '2112', 'FUFI SIN DESCRIPCION') as tmp where not exists(select * from fuentefinanciamiento where codigofufi='2112') limit 1;
insert into fuentefinanciamiento (codigofufi, descripcion) select * from (select '2112', 'FUFI SIN DESCRIPCION') as tmp where not exists(select * from fuentefinanciamiento where codigofufi='2112') limit 1;
insert into fuentefinanciamiento (codigofufi, descripcion) select * from (select '2112', 'FUFI SIN DESCRIPCION') as tmp where not exists(select * from fuentefinanciamiento where codigofufi='2112') limit 1;
insert into fuentefinanciamiento (codigofufi, descripcion) select * from (select '2112', 'FUFI SIN DESCRIPCION') as tmp where not exists(select * from fuentefinanciamiento where codigofufi='2112') limit 1;
insert into fuentefinanciamiento (codigofufi, descripcion) select * from (select '2112', 'FUFI SIN DESCRIPCION') as tmp where not exists(select * from fuentefinanciamiento where codigofufi='2112') limit 1;
insert into fuentefinanciamiento (codigofufi, descripcion) select * from (select '2112', 'FUFI SIN DESCRIPCION') as tmp where not exists(select * from fuentefinanciamiento where codigofufi='2112') limit 1;
insert into fuentefinanciamiento (codigofufi, descripcion) select * from (select '2112', 'FUFI SIN DESCRIPCION') as tmp where not exists(select * from fuentefinanciamiento where codigofufi='2112') limit 1;
insert into fuentefinanciamiento (codigofufi, descripcion) select * from (select '2112', 'FUFI SIN DESCRIPCION') as tmp where not exists(select * from fuentefinanciamiento where codigofufi='2112') limit 1;
insert into fuentefinanciamiento (codigofufi, descripcion) select * from (select '2112', 'FUFI SIN DESCRIPCION') as tmp where not exists(select * from fuentefinanciamiento where codigofufi='2112') limit 1;
insert into fuentefinanciamiento (codigofufi, descripcion) select * from (select '4650', 'FUFI SIN DESCRIPCION') as tmp where not exists(select * from fuentefinanciamiento where codigofufi='4650') limit 1;
insert into fuentefinanciamiento (codigofufi, descripcion) select * from (select '3615', 'FUFI SIN DESCRIPCION') as tmp where not exists(select * from fuentefinanciamiento where codigofufi='3615') limit 1;
insert into fuentefinanciamiento (codigofufi, descripcion) select * from (select '3615', 'FUFI SIN DESCRIPCION') as tmp where not exists(select * from fuentefinanciamiento where codigofufi='3615') limit 1;
insert into fuentefinanciamiento (codigofufi, descripcion) select * from (select '6120', 'FUFI SIN DESCRIPCION') as tmp where not exists(select * from fuentefinanciamiento where codigofufi='6120') limit 1;
insert into fuentefinanciamiento (codigofufi, descripcion) select * from (select '6120', 'FUFI SIN DESCRIPCION') as tmp where not exists(select * from fuentefinanciamiento where codigofufi='6120') limit 1;
insert into fuentefinanciamiento (codigofufi, descripcion) select * from (select '6120', 'FUFI SIN DESCRIPCION') as tmp where not exists(select * from fuentefinanciamiento where codigofufi='6120') limit 1;
insert into fuentefinanciamiento (codigofufi, descripcion) select * from (select '6120', 'FUFI SIN DESCRIPCION') as tmp where not exists(select * from fuentefinanciamiento where codigofufi='6120') limit 1;
insert into fuentefinanciamiento (codigofufi, descripcion) select * from (select '6120', 'FUFI SIN DESCRIPCION') as tmp where not exists(select * from fuentefinanciamiento where codigofufi='6120') limit 1;
insert into fuentefinanciamiento (codigofufi, descripcion) select * from (select '6120', 'FUFI SIN DESCRIPCION') as tmp where not exists(select * from fuentefinanciamiento where codigofufi='6120') limit 1;
insert into fuentefinanciamiento (codigofufi, descripcion) select * from (select '6120', 'FUFI SIN DESCRIPCION') as tmp where not exists(select * from fuentefinanciamiento where codigofufi='6120') limit 1;
insert into fuentefinanciamiento (codigofufi, descripcion) select * from (select '6120', 'FUFI SIN DESCRIPCION') as tmp where not exists(select * from fuentefinanciamiento where codigofufi='6120') limit 1;
insert into fuentefinanciamiento (codigofufi, descripcion) select * from (select '6120', 'FUFI SIN DESCRIPCION') as tmp where not exists(select * from fuentefinanciamiento where codigofufi='6120') limit 1;
insert into fuentefinanciamiento (codigofufi, descripcion) select * from (select '6120', 'FUFI SIN DESCRIPCION') as tmp where not exists(select * from fuentefinanciamiento where codigofufi='6120') limit 1;
insert into fuentefinanciamiento (codigofufi, descripcion) select * from (select '6120', 'FUFI SIN DESCRIPCION') as tmp where not exists(select * from fuentefinanciamiento where codigofufi='6120') limit 1;
insert into fuentefinanciamiento (codigofufi, descripcion) select * from (select '6120', 'FUFI SIN DESCRIPCION') as tmp where not exists(select * from fuentefinanciamiento where codigofufi='6120') limit 1;

insert into obrafuentefinanciamiento(idobra, idfuentefinanciamiento) values ( (select IdObra from obra where codigo='0001' and idorganismo=2), (select IdFuenteFinanciamiento from fuentefinanciamiento where CodigoFufi='2112'));
insert into obrafuentefinanciamiento(idobra, idfuentefinanciamiento) values ( (select IdObra from obra where codigo='0002' and idorganismo=2), (select IdFuenteFinanciamiento from fuentefinanciamiento where CodigoFufi='2112'));
insert into obrafuentefinanciamiento(idobra, idfuentefinanciamiento) values ( (select IdObra from obra where codigo='0003' and idorganismo=2), (select IdFuenteFinanciamiento from fuentefinanciamiento where CodigoFufi='2112'));
insert into obrafuentefinanciamiento(idobra, idfuentefinanciamiento) values ( (select IdObra from obra where codigo='0004' and idorganismo=2), (select IdFuenteFinanciamiento from fuentefinanciamiento where CodigoFufi='2112'));
insert into obrafuentefinanciamiento(idobra, idfuentefinanciamiento) values ( (select IdObra from obra where codigo='0005' and idorganismo=2), (select IdFuenteFinanciamiento from fuentefinanciamiento where CodigoFufi='2112'));
insert into obrafuentefinanciamiento(idobra, idfuentefinanciamiento) values ( (select IdObra from obra where codigo='0006' and idorganismo=2), (select IdFuenteFinanciamiento from fuentefinanciamiento where CodigoFufi='2112'));
insert into obrafuentefinanciamiento(idobra, idfuentefinanciamiento) values ( (select IdObra from obra where codigo='0007' and idorganismo=2), (select IdFuenteFinanciamiento from fuentefinanciamiento where CodigoFufi='2112'));
insert into obrafuentefinanciamiento(idobra, idfuentefinanciamiento) values ( (select IdObra from obra where codigo='0008' and idorganismo=2), (select IdFuenteFinanciamiento from fuentefinanciamiento where CodigoFufi='2112'));
insert into obrafuentefinanciamiento(idobra, idfuentefinanciamiento) values ( (select IdObra from obra where codigo='0009' and idorganismo=2), (select IdFuenteFinanciamiento from fuentefinanciamiento where CodigoFufi='2112'));
insert into obrafuentefinanciamiento(idobra, idfuentefinanciamiento) values ( (select IdObra from obra where codigo='0010' and idorganismo=2), (select IdFuenteFinanciamiento from fuentefinanciamiento where CodigoFufi='2112'));
insert into obrafuentefinanciamiento(idobra, idfuentefinanciamiento) values ( (select IdObra from obra where codigo='0011' and idorganismo=2), (select IdFuenteFinanciamiento from fuentefinanciamiento where CodigoFufi='2112'));
insert into obrafuentefinanciamiento(idobra, idfuentefinanciamiento) values ( (select IdObra from obra where codigo='0012' and idorganismo=2), (select IdFuenteFinanciamiento from fuentefinanciamiento where CodigoFufi='2112'));
insert into obrafuentefinanciamiento(idobra, idfuentefinanciamiento) values ( (select IdObra from obra where codigo='0013' and idorganismo=2), (select IdFuenteFinanciamiento from fuentefinanciamiento where CodigoFufi='4650'));
insert into obrafuentefinanciamiento(idobra, idfuentefinanciamiento) values ( (select IdObra from obra where codigo='0014' and idorganismo=2), (select IdFuenteFinanciamiento from fuentefinanciamiento where CodigoFufi='3615'));
insert into obrafuentefinanciamiento(idobra, idfuentefinanciamiento) values ( (select IdObra from obra where codigo='0015' and idorganismo=2), (select IdFuenteFinanciamiento from fuentefinanciamiento where CodigoFufi='3615'));
insert into obrafuentefinanciamiento(idobra, idfuentefinanciamiento) values ( (select IdObra from obra where codigo='0016' and idorganismo=2), (select IdFuenteFinanciamiento from fuentefinanciamiento where CodigoFufi='6120'));
insert into obrafuentefinanciamiento(idobra, idfuentefinanciamiento) values ( (select IdObra from obra where codigo='0017' and idorganismo=2), (select IdFuenteFinanciamiento from fuentefinanciamiento where CodigoFufi='6120'));
insert into obrafuentefinanciamiento(idobra, idfuentefinanciamiento) values ( (select IdObra from obra where codigo='0018' and idorganismo=2), (select IdFuenteFinanciamiento from fuentefinanciamiento where CodigoFufi='6120'));
insert into obrafuentefinanciamiento(idobra, idfuentefinanciamiento) values ( (select IdObra from obra where codigo='0019' and idorganismo=2), (select IdFuenteFinanciamiento from fuentefinanciamiento where CodigoFufi='6120'));
insert into obrafuentefinanciamiento(idobra, idfuentefinanciamiento) values ( (select IdObra from obra where codigo='0020' and idorganismo=2), (select IdFuenteFinanciamiento from fuentefinanciamiento where CodigoFufi='6120'));
insert into obrafuentefinanciamiento(idobra, idfuentefinanciamiento) values ( (select IdObra from obra where codigo='0021' and idorganismo=2), (select IdFuenteFinanciamiento from fuentefinanciamiento where CodigoFufi='6120'));
insert into obrafuentefinanciamiento(idobra, idfuentefinanciamiento) values ( (select IdObra from obra where codigo='0022' and idorganismo=2), (select IdFuenteFinanciamiento from fuentefinanciamiento where CodigoFufi='6120'));
insert into obrafuentefinanciamiento(idobra, idfuentefinanciamiento) values ( (select IdObra from obra where codigo='0023' and idorganismo=2), (select IdFuenteFinanciamiento from fuentefinanciamiento where CodigoFufi='6120'));
insert into obrafuentefinanciamiento(idobra, idfuentefinanciamiento) values ( (select IdObra from obra where codigo='0024' and idorganismo=2), (select IdFuenteFinanciamiento from fuentefinanciamiento where CodigoFufi='6120'));
insert into obrafuentefinanciamiento(idobra, idfuentefinanciamiento) values ( (select IdObra from obra where codigo='0025' and idorganismo=2), (select IdFuenteFinanciamiento from fuentefinanciamiento where CodigoFufi='6120'));
insert into obrafuentefinanciamiento(idobra, idfuentefinanciamiento) values ( (select IdObra from obra where codigo='0026' and idorganismo=2), (select IdFuenteFinanciamiento from fuentefinanciamiento where CodigoFufi='6120'));
insert into obrafuentefinanciamiento(idobra, idfuentefinanciamiento) values ( (select IdObra from obra where codigo='0027' and idorganismo=2), (select IdFuenteFinanciamiento from fuentefinanciamiento where CodigoFufi='6120'));

insert into proveedor (cuit, razonsocial) select * from (select '20-27004218-0', 'TRESALET LUCAS PEDRO') as tmp where not exists (select * from proveedor where cuit='20-27004218-0') limit 1;
insert into proveedor (cuit, razonsocial) select * from (select '30-67267972-5', 'IDEM S.R.L.') as tmp where not exists (select * from proveedor where cuit='30-67267972-5') limit 1;
insert into proveedor (cuit, razonsocial) select * from (select '30-67267972-5', 'IDEM S.R.L.') as tmp where not exists (select * from proveedor where cuit='30-67267972-5') limit 1;
insert into proveedor (cuit, razonsocial) select * from (select '30-68243458-5', 'DISTROCUYO S.A') as tmp where not exists (select * from proveedor where cuit='30-68243458-5') limit 1;
insert into proveedor (cuit, razonsocial) select * from (select '30-68243458-5', 'DISTROCUYO S.A') as tmp where not exists (select * from proveedor where cuit='30-68243458-5') limit 1;
insert into proveedor (cuit, razonsocial) select * from (select '30-67267972-5', 'IDEM S.R.L.') as tmp where not exists (select * from proveedor where cuit='30-67267972-5') limit 1;
insert into proveedor (cuit, razonsocial) select * from (select '30-68243458-5', 'DISTROCUYO S.A') as tmp where not exists (select * from proveedor where cuit='30-68243458-5') limit 1;
insert into proveedor (cuit, razonsocial) select * from (select '30-67267972-5', 'IDEM S.R.L.') as tmp where not exists (select * from proveedor where cuit='30-67267972-5') limit 1;
insert into proveedor (cuit, razonsocial) select * from (select '30-67267972-5', 'IDEM S.R.L.') as tmp where not exists (select * from proveedor where cuit='30-67267972-5') limit 1;
insert into proveedor (cuit, razonsocial) select * from (select '20-16250547-6', 'CALIO HUGO ALBERTO') as tmp where not exists (select * from proveedor where cuit='20-16250547-6') limit 1;
insert into proveedor (cuit, razonsocial) select * from (select '20-16250547-6', 'CALIO HUGO ALBERTO') as tmp where not exists (select * from proveedor where cuit='20-16250547-6') limit 1;
insert into proveedor (cuit, razonsocial) select * from (select '30-70922270-4', 'OMEGA MLP S.R.L.') as tmp where not exists (select * from proveedor where cuit='30-70922270-4') limit 1;
insert into proveedor (cuit, razonsocial) select * from (select '30-71213007-1', 'CN SAPAG SACCFII Y E - OMEGA SRL - UTE') as tmp where not exists (select * from proveedor where cuit='30-71213007-1') limit 1;
insert into proveedor (cuit, razonsocial) select * from (select '30-71229170-9', 'OMEGA MLP SRL - CN SAPAG SACCFII Y E -900 VIVIENDAS UTE') as tmp where not exists (select * from proveedor where cuit='30-71229170-9') limit 1;
insert into proveedor (cuit, razonsocial) select * from (select '30-63148406-5', 'HIDROCARBUROS DEL NEUQUEN S.A') as tmp where not exists (select * from proveedor where cuit='30-63148406-5') limit 1;
insert into proveedor (cuit, razonsocial) select * from (select '30-66195744-8', 'ELECTRIFICADORA DEL VALLE S.A.') as tmp where not exists (select * from proveedor where cuit='30-66195744-8') limit 1;
insert into proveedor (cuit, razonsocial) select * from (select '30-50373873-9', 'TADEO CZERWENY S.A.') as tmp where not exists (select * from proveedor where cuit='30-50373873-9') limit 1;
insert into proveedor (cuit, razonsocial) select * from (select '30-50230491-3', 'INDUSTRIA METALURGICA SUD AMERICANA S.A.C. E I.') as tmp where not exists (select * from proveedor where cuit='30-50230491-3') limit 1;
insert into proveedor (cuit, razonsocial) select * from (select '30-50241471-9', 'PRYSMIAN ENERGIA CABLES Y SISTEMAS DE ARGENTINA S.A.I.C.') as tmp where not exists (select * from proveedor where cuit='30-50241471-9') limit 1;
insert into proveedor (cuit, razonsocial) select * from (select '30-71415135-1', 'TRANELSA ATEC UTE') as tmp where not exists (select * from proveedor where cuit='30-71415135-1') limit 1;
insert into proveedor (cuit, razonsocial) select * from (select '30-50336489-8', 'SIEMENS S.A .') as tmp where not exists (select * from proveedor where cuit='30-50336489-8') limit 1;
insert into proveedor (cuit, razonsocial) select * from (select '30-66123321-0', 'LAGO ELECTROMECANICA S.A ') as tmp where not exists (select * from proveedor where cuit='30-66123321-0') limit 1;
insert into proveedor (cuit, razonsocial) select * from (select '30-69885367-7', 'A.I.T. S.A') as tmp where not exists (select * from proveedor where cuit='30-69885367-7') limit 1;
insert into proveedor (cuit, razonsocial) select * from (select '30-56926552-1', 'SIGLA S.A.') as tmp where not exists (select * from proveedor where cuit='30-56926552-1') limit 1;
insert into proveedor (cuit, razonsocial) select * from (select '30-66195744-8', 'ELECTRIFICADORA DEL VALLE S.A.') as tmp where not exists (select * from proveedor where cuit='30-66195744-8') limit 1;
insert into proveedor (cuit, razonsocial) select * from (select '30-71315030-0', 'DISTROCUYO S.A. - CN SAPAG S.A.C.C.F.I.I. Y E. - OMEGA MLP S.R.L. UTE') as tmp where not exists (select * from proveedor where cuit='30-71315030-0') limit 1;
insert into proveedor (cuit, razonsocial) select * from (select '30-55239141-8', 'NAPAL Y MUÑOZ S.A.') as tmp where not exists (select * from proveedor where cuit='30-55239141-8') limit 1;

insert into contrato(idobra, idproveedor, numero, fecha, monto, fechabasemonto, normalegalautorizacion, normalegaladjudicacion, plazoejecucion, fechainicio, fechafinalizacion) values ( (select IdObra from obra where codigo='0001' and idorganismo=2), (select idproveedor from proveedor where cuit='20-27004218-0'), '1', '2010-04-20', 220277, '2009-02-01', '', '206/10', 60, '2011-01-05', '2011-03-05');
insert into contrato(idobra, idproveedor, numero, fecha, monto, fechabasemonto, normalegalautorizacion, normalegaladjudicacion, plazoejecucion, fechainicio, fechafinalizacion) values ( (select IdObra from obra where codigo='0002' and idorganismo=2), (select idproveedor from proveedor where cuit='30-67267972-5'), '2', '2013-04-05', 1210000, '2010-04-01', '', '454/12', 365, '2013-04-05', '2014-04-04');
insert into contrato(idobra, idproveedor, numero, fecha, monto, fechabasemonto, normalegalautorizacion, normalegaladjudicacion, plazoejecucion, fechainicio, fechafinalizacion) values ( (select IdObra from obra where codigo='0003' and idorganismo=2), (select idproveedor from proveedor where cuit='30-67267972-5'), '3', '2013-04-05', 1210000, '2010-04-01', '', '009/13', 365, '2013-04-05', '2014-04-04');
insert into contrato(idobra, idproveedor, numero, fecha, monto, fechabasemonto, normalegalautorizacion, normalegaladjudicacion, plazoejecucion, fechainicio, fechafinalizacion) values ( (select IdObra from obra where codigo='0004' and idorganismo=2), (select idproveedor from proveedor where cuit='30-68243458-5'), '4', '2013-02-27', 1210000, '2010-04-01', '', '607/12', 365, '2013-02-27', '2014-02-26');
insert into contrato(idobra, idproveedor, numero, fecha, monto, fechabasemonto, normalegalautorizacion, normalegaladjudicacion, plazoejecucion, fechainicio, fechafinalizacion) values ( (select IdObra from obra where codigo='0005' and idorganismo=2), (select idproveedor from proveedor where cuit='30-68243458-5'), '5', '2013-02-27', 1754500, '2010-04-01', '', '008/13', 365, '2013-02-27', '2014-02-26');
insert into contrato(idobra, idproveedor, numero, fecha, monto, fechabasemonto, normalegalautorizacion, normalegaladjudicacion, plazoejecucion, fechainicio, fechafinalizacion) values ( (select IdObra from obra where codigo='0006' and idorganismo=2), (select idproveedor from proveedor where cuit='30-67267972-5'), '6', '2011-09-02', 1167307.3643, '2011-02-01', '', '286/11', 730, '2011-12-15', '2013-12-13');
insert into contrato(idobra, idproveedor, numero, fecha, monto, fechabasemonto, normalegalautorizacion, normalegaladjudicacion, plazoejecucion, fechainicio, fechafinalizacion) values ( (select IdObra from obra where codigo='0007' and idorganismo=2), (select idproveedor from proveedor where cuit='30-68243458-5'), '7', '2011-07-29', 2223768.38, '2011-02-01', '', '286/11', 730, '2011-09-05', '2013-09-03');
insert into contrato(idobra, idproveedor, numero, fecha, monto, fechabasemonto, normalegalautorizacion, normalegaladjudicacion, plazoejecucion, fechainicio, fechafinalizacion) values ( (select IdObra from obra where codigo='0008' and idorganismo=2), (select idproveedor from proveedor where cuit='30-67267972-5'), '8', '2011-09-02', 758277.8874, '2011-02-01', '', '286/11', 730, '2011-11-15', '2013-11-13');
insert into contrato(idobra, idproveedor, numero, fecha, monto, fechabasemonto, normalegalautorizacion, normalegaladjudicacion, plazoejecucion, fechainicio, fechafinalizacion) values ( (select IdObra from obra where codigo='0009' and idorganismo=2), (select idproveedor from proveedor where cuit='30-67267972-5'), '9', '2011-09-02', 548782.43, '2011-02-01', '', '286/11', 730, '2011-11-15', '2013-11-13');
insert into contrato(idobra, idproveedor, numero, fecha, monto, fechabasemonto, normalegalautorizacion, normalegaladjudicacion, plazoejecucion, fechainicio, fechafinalizacion) values ( (select IdObra from obra where codigo='0010' and idorganismo=2), (select idproveedor from proveedor where cuit='20-16250547-6'), '10', '2012-05-22', 340494, '2012-02-01', '', '0210/12', 90, '2012-09-25', '2012-12-23');
insert into contrato(idobra, idproveedor, numero, fecha, monto, fechabasemonto, normalegalautorizacion, normalegaladjudicacion, plazoejecucion, fechainicio, fechafinalizacion) values ( (select IdObra from obra where codigo='0011' and idorganismo=2), (select idproveedor from proveedor where cuit='20-16250547-6'), '11', '2013-01-11', 1752076, '2012-11-01', '', '0610/12', 210, '2013-04-08', '2013-11-03');
insert into contrato(idobra, idproveedor, numero, fecha, monto, fechabasemonto, normalegalautorizacion, normalegaladjudicacion, plazoejecucion, fechainicio, fechafinalizacion) values ( (select IdObra from obra where codigo='0012' and idorganismo=2), (select idproveedor from proveedor where cuit='30-70922270-4'), '12', '2013-03-27', 387200, '2013-03-01', '', '0021/13', 45, '2013-04-01', '2013-05-15');
insert into contrato(idobra, idproveedor, numero, fecha, monto, fechabasemonto, normalegalautorizacion, normalegaladjudicacion, plazoejecucion, fechainicio, fechafinalizacion) values ( (select IdObra from obra where codigo='0013' and idorganismo=2), (select idproveedor from proveedor where cuit='30-71213007-1'), '13', '2011-11-14', 6341312, '2010-11-01', '', '0494/11', 180, '2012-03-01', '2012-08-27');
insert into contrato(idobra, idproveedor, numero, fecha, monto, fechabasemonto, normalegalautorizacion, normalegaladjudicacion, plazoejecucion, fechainicio, fechafinalizacion) values ( (select IdObra from obra where codigo='0014' and idorganismo=2), (select idproveedor from proveedor where cuit='30-71229170-9'), '14', '2012-06-21', 4396524, '2011-11-01', '', '0272/12', 210, '2012-09-28', '2013-04-25');
insert into contrato(idobra, idproveedor, numero, fecha, monto, fechabasemonto, normalegalautorizacion, normalegaladjudicacion, plazoejecucion, fechainicio, fechafinalizacion) values ( (select IdObra from obra where codigo='0015' and idorganismo=2), (select idproveedor from proveedor where cuit='30-63148406-5'), '15', '2011-04-18', 2987439, '2011-03-01', '', '0159/11', 120, '2013-06-06', '2013-10-03');
insert into contrato(idobra, idproveedor, numero, fecha, monto, fechabasemonto, normalegalautorizacion, normalegaladjudicacion, plazoejecucion, fechainicio, fechafinalizacion) values ( (select IdObra from obra where codigo='0016' and idorganismo=2), (select idproveedor from proveedor where cuit='30-66195744-8'), '16', '2013-05-06', 22614329, '2012-10-01', '', '0098/13', 365, '2013-05-06', DATE_ADD('2013-05-06', INTERVAL 365+1 DAY));
insert into contrato(idobra, idproveedor, numero, fecha, monto, fechabasemonto, normalegalautorizacion, normalegaladjudicacion, plazoejecucion, fechainicio, fechafinalizacion) values ( (select IdObra from obra where codigo='0017' and idorganismo=2), (select idproveedor from proveedor where cuit='30-50373873-9'), '17', '2012-01-31', 12019043, '2011-03-11', '', '017/12', 360, '2012-01-31', '2013-01-24');
insert into contrato(idobra, idproveedor, numero, fecha, monto, fechabasemonto, normalegalautorizacion, normalegaladjudicacion, plazoejecucion, fechainicio, fechafinalizacion) values ( (select IdObra from obra where codigo='0018' and idorganismo=2), (select idproveedor from proveedor where cuit='30-50230491-3'), '18', '2012-09-04', 1348138, '2012-09-04', '', '', 180, '2012-09-04', '2013-03-02');
insert into contrato(idobra, idproveedor, numero, fecha, monto, fechabasemonto, normalegalautorizacion, normalegaladjudicacion, plazoejecucion, fechainicio, fechafinalizacion) values ( (select IdObra from obra where codigo='0019' and idorganismo=2), (select idproveedor from proveedor where cuit='30-50241471-9'), '19', '2012-09-04', 21724800, '2012-02-01', '', '415/12', 180, '2012-09-04', '2013-03-02');
insert into contrato(idobra, idproveedor, numero, fecha, monto, fechabasemonto, normalegalautorizacion, normalegaladjudicacion, plazoejecucion, fechainicio, fechafinalizacion) values ( (select IdObra from obra where codigo='0020' and idorganismo=2), (select idproveedor from proveedor where cuit='30-71415135-1'), '20', '2013-07-23', 6028461, '2012-08-01', '', '0594/12', 540, '2013-07-25', '2015-01-15');
insert into contrato(idobra, idproveedor, numero, fecha, monto, fechabasemonto, normalegalautorizacion, normalegaladjudicacion, plazoejecucion, fechainicio, fechafinalizacion) values ( (select IdObra from obra where codigo='0021' and idorganismo=2), (select idproveedor from proveedor where cuit='30-50336489-8'), '21', '2012-08-29', 3538917.86, '2012-01-01', '', '388/12', 180, '2012-08-29', '2013-02-24');
insert into contrato(idobra, idproveedor, numero, fecha, monto, fechabasemonto, normalegalautorizacion, normalegaladjudicacion, plazoejecucion, fechainicio, fechafinalizacion) values ( (select IdObra from obra where codigo='0022' and idorganismo=2), (select idproveedor from proveedor where cuit='30-66123321-0'), '22', '2012-09-17', 1835172.67, '2012-01-01', '', '388/12', 180, '2012-09-17', '2013-03-15');
insert into contrato(idobra, idproveedor, numero, fecha, monto, fechabasemonto, normalegalautorizacion, normalegaladjudicacion, plazoejecucion, fechainicio, fechafinalizacion) values ( (select IdObra from obra where codigo='0023' and idorganismo=2), (select idproveedor from proveedor where cuit='30-69885367-7'), '23', '2012-09-07', 1997213.54, '2012-01-01', '', '388/12', 180, '2012-09-07', '2013-03-05');
insert into contrato(idobra, idproveedor, numero, fecha, monto, fechabasemonto, normalegalautorizacion, normalegaladjudicacion, plazoejecucion, fechainicio, fechafinalizacion) values ( (select IdObra from obra where codigo='0024' and idorganismo=2), (select idproveedor from proveedor where cuit='30-56926552-1'), '24', '2013-01-24', 1306800, '2012-10-01', '', '0609/12', 180, '2013-01-24', DATE_ADD('2013-01-24', INTERVAL 180+1 DAY));
insert into contrato(idobra, idproveedor, numero, fecha, monto, fechabasemonto, normalegalautorizacion, normalegaladjudicacion, plazoejecucion, fechainicio, fechafinalizacion) values ( (select IdObra from obra where codigo='0025' and idorganismo=2), (select idproveedor from proveedor where cuit='30-66195744-8'), '25', '2012-11-27', 34008171, '2012-07-01', '', '0592/12', 365, '2012-11-27', DATE_ADD('2012-11-27', INTERVAL 365+1 DAY));
insert into contrato(idobra, idproveedor, numero, fecha, monto, fechabasemonto, normalegalautorizacion, normalegaladjudicacion, plazoejecucion, fechainicio, fechafinalizacion) values ( (select IdObra from obra where codigo='0026' and idorganismo=2), (select idproveedor from proveedor where cuit='30-71315030-0'), '26', '2013-03-13', 49990284, '2012-08-01', '', '0593/12', 540, '2013-03-13', DATE_ADD('2013-03-13', INTERVAL 540+1 DAY));
insert into contrato(idobra, idproveedor, numero, fecha, monto, fechabasemonto, normalegalautorizacion, normalegaladjudicacion, plazoejecucion, fechainicio, fechafinalizacion) values ( (select IdObra from obra where codigo='0027' and idorganismo=2), (select idproveedor from proveedor where cuit='30-55239141-8'), '27', '2012-09-28', 19059101, '2012-05-01', '', '0489/12', 270, '2013-07-11', '2014-04-06');

insert into alteracion(idcontrato, fecha, normalegalaprobacion, adicionaldeductivo, importe) values ((select idcontrato from obra o inner join contrato c on o.idobra=c.idobra where o.codigo='0001' and o.idorganismo=2), '2011-10-06', '444/11', 0, 21780);
insert into alteracion(idcontrato, fecha, normalegalaprobacion, adicionaldeductivo, importe) values ((select idcontrato from obra o inner join contrato c on o.idobra=c.idobra where o.codigo='0013' and o.idorganismo=2), '2013-06-07', '145/13', 0, 1266460.87);

insert into contratoplazo (idcontrato, cantidaddias, nuevafechafinalizacion, normalegalaprobacion) values ((select idcontrato from obra o inner join contrato c on o.idobra=c.idobra where o.codigo='0001' and o.idorganismo=2), 54, '2011-04-28', '444/11');
insert into contratoplazo (idcontrato, cantidaddias, nuevafechafinalizacion, normalegalaprobacion) values ((select idcontrato from obra o inner join contrato c on o.idobra=c.idobra where o.codigo='0013' and o.idorganismo=2), 256, '2013-05-10', '056/13');

insert into certificacion(idcontrato, periodo, nrocertificado, porcentajeavance, montoavance, anticipofinanciero, descuentoanticipo, importeneto, fechavtopago, retencionmulta, otrosconceptos, manoobraocupada) values ((select idcontrato from obra o inner join contrato c on o.idobra=c.idobra where c.Numero='1' and o.idorganismo=2), '201101', 1, 22.97, 50600.31, 0, 0, 48070.29, '2011-10-13', 0, 2530.02, 4);
insert into certificacion(idcontrato, periodo, nrocertificado, porcentajeavance, montoavance, anticipofinanciero, descuentoanticipo, importeneto, fechavtopago, retencionmulta, otrosconceptos, manoobraocupada) values ((select idcontrato from obra o inner join contrato c on o.idobra=c.idobra where c.Numero='1' and o.idorganismo=2), '201102', 2, 3.83, 8433.35, 0, 0, 4186.65, '2011-10-13', 3825.03, 421.67, 4);
insert into certificacion(idcontrato, periodo, nrocertificado, porcentajeavance, montoavance, anticipofinanciero, descuentoanticipo, importeneto, fechavtopago, retencionmulta, otrosconceptos, manoobraocupada) values ((select idcontrato from obra o inner join contrato c on o.idobra=c.idobra where c.Numero='1' and o.idorganismo=2), '201103', 3, 3.83, 8433.35, 0, 0, 11836.71, '2013-10-31', -3825.03, 421.67, 4);
insert into certificacion(idcontrato, periodo, nrocertificado, porcentajeavance, montoavance, anticipofinanciero, descuentoanticipo, importeneto, fechavtopago, retencionmulta, otrosconceptos, manoobraocupada) values ((select idcontrato from obra o inner join contrato c on o.idobra=c.idobra where c.Numero='1' and o.idorganismo=2), '201104', 4, 11.49, 25300.03, 0, 0, 24035.03, '2013-10-31', 0, 1265, 6);
insert into certificacion(idcontrato, periodo, nrocertificado, porcentajeavance, montoavance, anticipofinanciero, descuentoanticipo, importeneto, fechavtopago, retencionmulta, otrosconceptos, manoobraocupada) values ((select idcontrato from obra o inner join contrato c on o.idobra=c.idobra where c.Numero='2' and o.idorganismo=2), '201306', 2, 100, 66843.57, 0, 0, 63501.39, '2013-10-31', 0, 3342.18, null);
insert into certificacion(idcontrato, periodo, nrocertificado, porcentajeavance, montoavance, anticipofinanciero, descuentoanticipo, importeneto, fechavtopago, retencionmulta, otrosconceptos, manoobraocupada) values ((select idcontrato from obra o inner join contrato c on o.idobra=c.idobra where c.Numero='2' and o.idorganismo=2), '201307', 1, 55.62, 120909.79, 0, 0, 114864.3, '2013-10-31', 0, 6045.49, null);
insert into certificacion(idcontrato, periodo, nrocertificado, porcentajeavance, montoavance, anticipofinanciero, descuentoanticipo, importeneto, fechavtopago, retencionmulta, otrosconceptos, manoobraocupada) values ((select idcontrato from obra o inner join contrato c on o.idobra=c.idobra where c.Numero='5' and o.idorganismo=2), '201306', 1, 100, 26810.2, 0, 0, 26810.2, '2013-10-31', 0, 0, null);
insert into certificacion(idcontrato, periodo, nrocertificado, porcentajeavance, montoavance, anticipofinanciero, descuentoanticipo, importeneto, fechavtopago, retencionmulta, otrosconceptos, manoobraocupada) values ((select idcontrato from obra o inner join contrato c on o.idobra=c.idobra where c.Numero='5' and o.idorganismo=2), '201306', 2, 100, 13163.08, 0, 0, 13163.08, '2013-10-31', 0, 0, null);
insert into certificacion(idcontrato, periodo, nrocertificado, porcentajeavance, montoavance, anticipofinanciero, descuentoanticipo, importeneto, fechavtopago, retencionmulta, otrosconceptos, manoobraocupada) values ((select idcontrato from obra o inner join contrato c on o.idobra=c.idobra where c.Numero='5' and o.idorganismo=2), '201306', 3, 100, 5151.53, 0, 0, 5151.53, '2013-10-31', 0, 0, null);
insert into certificacion(idcontrato, periodo, nrocertificado, porcentajeavance, montoavance, anticipofinanciero, descuentoanticipo, importeneto, fechavtopago, retencionmulta, otrosconceptos, manoobraocupada) values ((select idcontrato from obra o inner join contrato c on o.idobra=c.idobra where c.Numero='6' and o.idorganismo=2), '201112', 1, 1.83, 21390.14, 0, 0, 20320.63, '2012-03-29', 0, 1069.51, 4);
insert into certificacion(idcontrato, periodo, nrocertificado, porcentajeavance, montoavance, anticipofinanciero, descuentoanticipo, importeneto, fechavtopago, retencionmulta, otrosconceptos, manoobraocupada) values ((select idcontrato from obra o inner join contrato c on o.idobra=c.idobra where c.Numero='6' and o.idorganismo=2), '201201', 2, 0, 0, 0, 0, -699.94, '2012-06-27', 699.94, 0, 4);
insert into certificacion(idcontrato, periodo, nrocertificado, porcentajeavance, montoavance, anticipofinanciero, descuentoanticipo, importeneto, fechavtopago, retencionmulta, otrosconceptos, manoobraocupada) values ((select idcontrato from obra o inner join contrato c on o.idobra=c.idobra where c.Numero='6' and o.idorganismo=2), '201202', 3, 5.5, 64170.41, 0, 0, 61661.83, '2012-06-27', 0, 2508.58, 4);
insert into certificacion(idcontrato, periodo, nrocertificado, porcentajeavance, montoavance, anticipofinanciero, descuentoanticipo, importeneto, fechavtopago, retencionmulta, otrosconceptos, manoobraocupada) values ((select idcontrato from obra o inner join contrato c on o.idobra=c.idobra where c.Numero='6' and o.idorganismo=2), '201203', 4, 0, 0, 0, 0, 0, '2013-10-31', 0, 0, 4);
insert into certificacion(idcontrato, periodo, nrocertificado, porcentajeavance, montoavance, anticipofinanciero, descuentoanticipo, importeneto, fechavtopago, retencionmulta, otrosconceptos, manoobraocupada) values ((select idcontrato from obra o inner join contrato c on o.idobra=c.idobra where c.Numero='6' and o.idorganismo=2), '201204', 5, 1.48, 17230.94, 0, 0, 16147.17, '2013-10-31', 222.22, 861.55, 4);
insert into certificacion(idcontrato, periodo, nrocertificado, porcentajeavance, montoavance, anticipofinanciero, descuentoanticipo, importeneto, fechavtopago, retencionmulta, otrosconceptos, manoobraocupada) values ((select idcontrato from obra o inner join contrato c on o.idobra=c.idobra where c.Numero='6' and o.idorganismo=2), '201205', 6, 2.34, 27331.84, 0, 0, 7557.85, '2013-10-31', 18538.12, 1235.87, 4);
insert into certificacion(idcontrato, periodo, nrocertificado, porcentajeavance, montoavance, anticipofinanciero, descuentoanticipo, importeneto, fechavtopago, retencionmulta, otrosconceptos, manoobraocupada) values ((select idcontrato from obra o inner join contrato c on o.idobra=c.idobra where c.Numero='6' and o.idorganismo=2), '201206', 7, 2.7, 31491.04, 0, 0, 26442.97, '2013-10-31', 3565.02, 1483.05, 4);
insert into certificacion(idcontrato, periodo, nrocertificado, porcentajeavance, montoavance, anticipofinanciero, descuentoanticipo, importeneto, fechavtopago, retencionmulta, otrosconceptos, manoobraocupada) values ((select idcontrato from obra o inner join contrato c on o.idobra=c.idobra where c.Numero='6' and o.idorganismo=2), '201207', 8, 2.65, 30896.87, 0, 0, 29352.03, '2013-10-31', 0, 1544.84, 4);
insert into certificacion(idcontrato, periodo, nrocertificado, porcentajeavance, montoavance, anticipofinanciero, descuentoanticipo, importeneto, fechavtopago, retencionmulta, otrosconceptos, manoobraocupada) values ((select idcontrato from obra o inner join contrato c on o.idobra=c.idobra where c.Numero='6' and o.idorganismo=2), '201208', 9, 2.39, 27926.01, 0, 0, 26529.71, '2013-10-31', 0, 1396.3, 4);
insert into certificacion(idcontrato, periodo, nrocertificado, porcentajeavance, montoavance, anticipofinanciero, descuentoanticipo, importeneto, fechavtopago, retencionmulta, otrosconceptos, manoobraocupada) values ((select idcontrato from obra o inner join contrato c on o.idobra=c.idobra where c.Numero='6' and o.idorganismo=2), '201209', 10, 1.12, 13071.75, 0, 0, 12418.16, '2013-10-31', 0, 653.59, 4);
insert into certificacion(idcontrato, periodo, nrocertificado, porcentajeavance, montoavance, anticipofinanciero, descuentoanticipo, importeneto, fechavtopago, retencionmulta, otrosconceptos, manoobraocupada) values ((select idcontrato from obra o inner join contrato c on o.idobra=c.idobra where c.Numero='6' and o.idorganismo=2), '201210', 11, 1.45, 16874.44, 0, 0, 16030.72, '2013-10-31', 0, 843.72, 4);
insert into certificacion(idcontrato, periodo, nrocertificado, porcentajeavance, montoavance, anticipofinanciero, descuentoanticipo, importeneto, fechavtopago, retencionmulta, otrosconceptos, manoobraocupada) values ((select idcontrato from obra o inner join contrato c on o.idobra=c.idobra where c.Numero='6' and o.idorganismo=2), '201211', 12, 0.51, 5941.71, 0, 0, 5261.97, '2013-10-31', 382.65, 297.09, 4);
insert into certificacion(idcontrato, periodo, nrocertificado, porcentajeavance, montoavance, anticipofinanciero, descuentoanticipo, importeneto, fechavtopago, retencionmulta, otrosconceptos, manoobraocupada) values ((select idcontrato from obra o inner join contrato c on o.idobra=c.idobra where c.Numero='6' and o.idorganismo=2), '201212', 13, 1.63, 19013.46, 0, 0, 17879.79, '2013-10-31', 183, 950.67, 4);
insert into certificacion(idcontrato, periodo, nrocertificado, porcentajeavance, montoavance, anticipofinanciero, descuentoanticipo, importeneto, fechavtopago, retencionmulta, otrosconceptos, manoobraocupada) values ((select idcontrato from obra o inner join contrato c on o.idobra=c.idobra where c.Numero='6' and o.idorganismo=2), '201301', 14, 0, 0, 0, 0, -626.26, '2013-10-31', 626.26, 0, 4);
insert into certificacion(idcontrato, periodo, nrocertificado, porcentajeavance, montoavance, anticipofinanciero, descuentoanticipo, importeneto, fechavtopago, retencionmulta, otrosconceptos, manoobraocupada) values ((select idcontrato from obra o inner join contrato c on o.idobra=c.idobra where c.Numero='6' and o.idorganismo=2), '201302', 15, 0, 0, 0, 0, -565.65, '2013-10-31', 565.65, 0, 4);
insert into certificacion(idcontrato, periodo, nrocertificado, porcentajeavance, montoavance, anticipofinanciero, descuentoanticipo, importeneto, fechavtopago, retencionmulta, otrosconceptos, manoobraocupada) values ((select idcontrato from obra o inner join contrato c on o.idobra=c.idobra where c.Numero='6' and o.idorganismo=2), '201303', 16, 1.53, 17825.12, 0, 0, 16481.1, '2013-10-31', 452.76, 891.26, 4);
insert into certificacion(idcontrato, periodo, nrocertificado, porcentajeavance, montoavance, anticipofinanciero, descuentoanticipo, importeneto, fechavtopago, retencionmulta, otrosconceptos, manoobraocupada) values ((select idcontrato from obra o inner join contrato c on o.idobra=c.idobra where c.Numero='6' and o.idorganismo=2), '201304', 17, 0.88, 10219.73, 0, 0, 9801.44, '2013-10-31', 0, 418.29, 4);
insert into certificacion(idcontrato, periodo, nrocertificado, porcentajeavance, montoavance, anticipofinanciero, descuentoanticipo, importeneto, fechavtopago, retencionmulta, otrosconceptos, manoobraocupada) values ((select idcontrato from obra o inner join contrato c on o.idobra=c.idobra where c.Numero='6' and o.idorganismo=2), '201305', 18, 0.76, 8912.56, 0, 0, 6128.27, '2013-10-31', 2338.66, 445.63, 4);
insert into certificacion(idcontrato, periodo, nrocertificado, porcentajeavance, montoavance, anticipofinanciero, descuentoanticipo, importeneto, fechavtopago, retencionmulta, otrosconceptos, manoobraocupada) values ((select idcontrato from obra o inner join contrato c on o.idobra=c.idobra where c.Numero='6' and o.idorganismo=2), '201306', 19, 0, 0, 0, 0, -4278.02, '2013-10-31', 4278.02, 0, 4);
insert into certificacion(idcontrato, periodo, nrocertificado, porcentajeavance, montoavance, anticipofinanciero, descuentoanticipo, importeneto, fechavtopago, retencionmulta, otrosconceptos, manoobraocupada) values ((select idcontrato from obra o inner join contrato c on o.idobra=c.idobra where c.Numero='6' and o.idorganismo=2), '201307', 20, 0, 0, 0, 0, -4518.08, '2013-10-31', 4518.08, 0, 4);
insert into certificacion(idcontrato, periodo, nrocertificado, porcentajeavance, montoavance, anticipofinanciero, descuentoanticipo, importeneto, fechavtopago, retencionmulta, otrosconceptos, manoobraocupada) values ((select idcontrato from obra o inner join contrato c on o.idobra=c.idobra where c.Numero='6' and o.idorganismo=2), '201308', 21, 0, 0, 0, 0, -6791.37, '2013-10-31', 6791.37, 0, 4);
insert into certificacion(idcontrato, periodo, nrocertificado, porcentajeavance, montoavance, anticipofinanciero, descuentoanticipo, importeneto, fechavtopago, retencionmulta, otrosconceptos, manoobraocupada) values ((select idcontrato from obra o inner join contrato c on o.idobra=c.idobra where c.Numero='7' and o.idorganismo=2), '201109', 1, 2.3, 51244.09, 0, 0, 48681.89, '2012-02-10', null, 2562.2, 3);
insert into certificacion(idcontrato, periodo, nrocertificado, porcentajeavance, montoavance, anticipofinanciero, descuentoanticipo, importeneto, fechavtopago, retencionmulta, otrosconceptos, manoobraocupada) values ((select idcontrato from obra o inner join contrato c on o.idobra=c.idobra where c.Numero='7' and o.idorganismo=2), '201110', 2, 2.08, 46176, 0, 0, 43867.2, '2012-02-10', null, 2308.8, 3);
insert into certificacion(idcontrato, periodo, nrocertificado, porcentajeavance, montoavance, anticipofinanciero, descuentoanticipo, importeneto, fechavtopago, retencionmulta, otrosconceptos, manoobraocupada) values ((select idcontrato from obra o inner join contrato c on o.idobra=c.idobra where c.Numero='7' and o.idorganismo=2), '201111', 3, 2.38, 52933.46, 0, 0, 50286.79, '2012-02-10', null, 2646.67, 3);
insert into certificacion(idcontrato, periodo, nrocertificado, porcentajeavance, montoavance, anticipofinanciero, descuentoanticipo, importeneto, fechavtopago, retencionmulta, otrosconceptos, manoobraocupada) values ((select idcontrato from obra o inner join contrato c on o.idobra=c.idobra where c.Numero='7' and o.idorganismo=2), '201112', 4, 1.52, 33787.31, 0, 0, 32097.94, '2012-03-14', null, 1689.37, 3);
insert into certificacion(idcontrato, periodo, nrocertificado, porcentajeavance, montoavance, anticipofinanciero, descuentoanticipo, importeneto, fechavtopago, retencionmulta, otrosconceptos, manoobraocupada) values ((select idcontrato from obra o inner join contrato c on o.idobra=c.idobra where c.Numero='7' and o.idorganismo=2), '201201', 5, 2.08, 46176, 0, 0, 43867.2, '2012-04-07', null, 2308.8, 3);
insert into certificacion(idcontrato, periodo, nrocertificado, porcentajeavance, montoavance, anticipofinanciero, descuentoanticipo, importeneto, fechavtopago, retencionmulta, otrosconceptos, manoobraocupada) values ((select idcontrato from obra o inner join contrato c on o.idobra=c.idobra where c.Numero='7' and o.idorganismo=2), '201202', 6, 0, 0, 0, 0, -20.27, '2012-03-30', 20.27, 0, 0);
insert into certificacion(idcontrato, periodo, nrocertificado, porcentajeavance, montoavance, anticipofinanciero, descuentoanticipo, importeneto, fechavtopago, retencionmulta, otrosconceptos, manoobraocupada) values ((select idcontrato from obra o inner join contrato c on o.idobra=c.idobra where c.Numero='7' and o.idorganismo=2), '201203', 7, 1.32, 29282.34, 0, 0, 29106.64, '2012-07-21', 175.7, 0, 3);
insert into certificacion(idcontrato, periodo, nrocertificado, porcentajeavance, montoavance, anticipofinanciero, descuentoanticipo, importeneto, fechavtopago, retencionmulta, otrosconceptos, manoobraocupada) values ((select idcontrato from obra o inner join contrato c on o.idobra=c.idobra where c.Numero='7' and o.idorganismo=2), '201204', 8, 0, 0, 0, 0, -822.72, '2012-12-18', 822.72, 0, 3);
insert into certificacion(idcontrato, periodo, nrocertificado, porcentajeavance, montoavance, anticipofinanciero, descuentoanticipo, importeneto, fechavtopago, retencionmulta, otrosconceptos, manoobraocupada) values ((select idcontrato from obra o inner join contrato c on o.idobra=c.idobra where c.Numero='7' and o.idorganismo=2), '201205', 9, 1.52, 33787.31, 0, 0, 24214.79, '2012-12-18', 9572.52, 0, 3);
insert into certificacion(idcontrato, periodo, nrocertificado, porcentajeavance, montoavance, anticipofinanciero, descuentoanticipo, importeneto, fechavtopago, retencionmulta, otrosconceptos, manoobraocupada) values ((select idcontrato from obra o inner join contrato c on o.idobra=c.idobra where c.Numero='7' and o.idorganismo=2), '201206', 10, 0.3, 6757.46, 0, 0, -1209.6, '2013-01-04', 7967.06, 0, 3);
insert into certificacion(idcontrato, periodo, nrocertificado, porcentajeavance, montoavance, anticipofinanciero, descuentoanticipo, importeneto, fechavtopago, retencionmulta, otrosconceptos, manoobraocupada) values ((select idcontrato from obra o inner join contrato c on o.idobra=c.idobra where c.Numero='7' and o.idorganismo=2), '201207', 11, 0, 0, 0, 0, -10755.63, '2013-01-04', 10755.63, 0, 0);
insert into certificacion(idcontrato, periodo, nrocertificado, porcentajeavance, montoavance, anticipofinanciero, descuentoanticipo, importeneto, fechavtopago, retencionmulta, otrosconceptos, manoobraocupada) values ((select idcontrato from obra o inner join contrato c on o.idobra=c.idobra where c.Numero='7' and o.idorganismo=2), '201208', 12, 2.66, 59127.8, 0, 0, 48890.24, '2013-01-04', 10237.56, 0, 3);
insert into certificacion(idcontrato, periodo, nrocertificado, porcentajeavance, montoavance, anticipofinanciero, descuentoanticipo, importeneto, fechavtopago, retencionmulta, otrosconceptos, manoobraocupada) values ((select idcontrato from obra o inner join contrato c on o.idobra=c.idobra where c.Numero='7' and o.idorganismo=2), '201209', 13, 1.32, 29282.34, 0, 0, 22997.9, '2013-01-04', 6284.44, 0, 3);
insert into certificacion(idcontrato, periodo, nrocertificado, porcentajeavance, montoavance, anticipofinanciero, descuentoanticipo, importeneto, fechavtopago, retencionmulta, otrosconceptos, manoobraocupada) values ((select idcontrato from obra o inner join contrato c on o.idobra=c.idobra where c.Numero='7' and o.idorganismo=2), '201210', 14, 1.52, 33787.31, 0, 0, 33300.77, '2013-01-04', 486.54, 0, 3);
insert into certificacion(idcontrato, periodo, nrocertificado, porcentajeavance, montoavance, anticipofinanciero, descuentoanticipo, importeneto, fechavtopago, retencionmulta, otrosconceptos, manoobraocupada) values ((select idcontrato from obra o inner join contrato c on o.idobra=c.idobra where c.Numero='7' and o.idorganismo=2), '201212', 15, 2.5, 55546.34, 0, 0, 60384.37, '2013-03-13', -4838.03, 0, 3);
insert into certificacion(idcontrato, periodo, nrocertificado, porcentajeavance, montoavance, anticipofinanciero, descuentoanticipo, importeneto, fechavtopago, retencionmulta, otrosconceptos, manoobraocupada) values ((select idcontrato from obra o inner join contrato c on o.idobra=c.idobra where c.Numero='7' and o.idorganismo=2), '201301', 16, 1.16, 25903.61, 0, 0, 27977.97, '2013-03-26', -2074.36, 0, 3);
insert into certificacion(idcontrato, periodo, nrocertificado, porcentajeavance, montoavance, anticipofinanciero, descuentoanticipo, importeneto, fechavtopago, retencionmulta, otrosconceptos, manoobraocupada) values ((select idcontrato from obra o inner join contrato c on o.idobra=c.idobra where c.Numero='7' and o.idorganismo=2), '201302', 17, 1.99, 44283.91, 0, 0, 45106.65, '2013-04-18', -822.74, 0, 3);
insert into certificacion(idcontrato, periodo, nrocertificado, porcentajeavance, montoavance, anticipofinanciero, descuentoanticipo, importeneto, fechavtopago, retencionmulta, otrosconceptos, manoobraocupada) values ((select idcontrato from obra o inner join contrato c on o.idobra=c.idobra where c.Numero='7' and o.idorganismo=2), '201303', 18, 2.49, 55343.62, 0, 0, 45019.34, '2013-05-31', 10324.28, 0, 3);
insert into certificacion(idcontrato, periodo, nrocertificado, porcentajeavance, montoavance, anticipofinanciero, descuentoanticipo, importeneto, fechavtopago, retencionmulta, otrosconceptos, manoobraocupada) values ((select idcontrato from obra o inner join contrato c on o.idobra=c.idobra where c.Numero='7' and o.idorganismo=2), '201304', 19, 2.18, 48428.48, 0, 0, 48101.86, '2013-06-14', 326.62, 0, 3);
insert into certificacion(idcontrato, periodo, nrocertificado, porcentajeavance, montoavance, anticipofinanciero, descuentoanticipo, importeneto, fechavtopago, retencionmulta, otrosconceptos, manoobraocupada) values ((select idcontrato from obra o inner join contrato c on o.idobra=c.idobra where c.Numero='7' and o.idorganismo=2), '201305', 20, 2.58, 57438.43, 0, 0, 70992.78, '2013-09-06', -13554.35, 0, 3);
insert into certificacion(idcontrato, periodo, nrocertificado, porcentajeavance, montoavance, anticipofinanciero, descuentoanticipo, importeneto, fechavtopago, retencionmulta, otrosconceptos, manoobraocupada) values ((select idcontrato from obra o inner join contrato c on o.idobra=c.idobra where c.Numero='7' and o.idorganismo=2), '201306', 21, 2.37, 52595.59, 0, 0, 54881.86, '2013-09-12', -2286.27, 0, 3);
insert into certificacion(idcontrato, periodo, nrocertificado, porcentajeavance, montoavance, anticipofinanciero, descuentoanticipo, importeneto, fechavtopago, retencionmulta, otrosconceptos, manoobraocupada) values ((select idcontrato from obra o inner join contrato c on o.idobra=c.idobra where c.Numero='7' and o.idorganismo=2), '201307', 22, 2.28, 50680.97, 0, 0, 30812.91, '2013-10-31', 19868.06, 0, null);
insert into certificacion(idcontrato, periodo, nrocertificado, porcentajeavance, montoavance, anticipofinanciero, descuentoanticipo, importeneto, fechavtopago, retencionmulta, otrosconceptos, manoobraocupada) values ((select idcontrato from obra o inner join contrato c on o.idobra=c.idobra where c.Numero='7' and o.idorganismo=2), '201308', 23, 0, 0, 0, 0, -6888.11, '2013-10-31', 6888.11, null, null);
insert into certificacion(idcontrato, periodo, nrocertificado, porcentajeavance, montoavance, anticipofinanciero, descuentoanticipo, importeneto, fechavtopago, retencionmulta, otrosconceptos, manoobraocupada) values ((select idcontrato from obra o inner join contrato c on o.idobra=c.idobra where c.Numero='8' and o.idorganismo=2), '201111', 1, 6.54, 49593.06, 0, 0, 47113.41, '2012-03-21', 0, 2479.65, 4);
insert into certificacion(idcontrato, periodo, nrocertificado, porcentajeavance, montoavance, anticipofinanciero, descuentoanticipo, importeneto, fechavtopago, retencionmulta, otrosconceptos, manoobraocupada) values ((select idcontrato from obra o inner join contrato c on o.idobra=c.idobra where c.Numero='8' and o.idorganismo=2), '201112', 2, 1.31, 9918.61, 0, 0, 9422.68, '2012-03-29', 0, 495.93, 4);
insert into certificacion(idcontrato, periodo, nrocertificado, porcentajeavance, montoavance, anticipofinanciero, descuentoanticipo, importeneto, fechavtopago, retencionmulta, otrosconceptos, manoobraocupada) values ((select idcontrato from obra o inner join contrato c on o.idobra=c.idobra where c.Numero='8' and o.idorganismo=2), '201201', 3, 0, 0, 0, 0, 0, '2012-06-27', 0, 0, 4);
insert into certificacion(idcontrato, periodo, nrocertificado, porcentajeavance, montoavance, anticipofinanciero, descuentoanticipo, importeneto, fechavtopago, retencionmulta, otrosconceptos, manoobraocupada) values ((select idcontrato from obra o inner join contrato c on o.idobra=c.idobra where c.Numero='8' and o.idorganismo=2), '201202', 4, 0, 0, 0, 0, 0, '2013-10-31', 0, 0, 4);
insert into certificacion(idcontrato, periodo, nrocertificado, porcentajeavance, montoavance, anticipofinanciero, descuentoanticipo, importeneto, fechavtopago, retencionmulta, otrosconceptos, manoobraocupada) values ((select idcontrato from obra o inner join contrato c on o.idobra=c.idobra where c.Numero='8' and o.idorganismo=2), '201203', 5, 0, 0, 0, 0, -3.71, '2013-10-31', 3.71, 0, 4);
insert into certificacion(idcontrato, periodo, nrocertificado, porcentajeavance, montoavance, anticipofinanciero, descuentoanticipo, importeneto, fechavtopago, retencionmulta, otrosconceptos, manoobraocupada) values ((select idcontrato from obra o inner join contrato c on o.idobra=c.idobra where c.Numero='8' and o.idorganismo=2), '201204', 6, 0, 0, 0, 0, -364.51, '2013-10-31', 364.51, 0, 4);
insert into certificacion(idcontrato, periodo, nrocertificado, porcentajeavance, montoavance, anticipofinanciero, descuentoanticipo, importeneto, fechavtopago, retencionmulta, otrosconceptos, manoobraocupada) values ((select idcontrato from obra o inner join contrato c on o.idobra=c.idobra where c.Numero='8' and o.idorganismo=2), '201205', 7, 5.89, 44633.75, 0, 0, 18345.7, '2013-10-31', 24424.59, 1863.46, 4);
insert into certificacion(idcontrato, periodo, nrocertificado, porcentajeavance, montoavance, anticipofinanciero, descuentoanticipo, importeneto, fechavtopago, retencionmulta, otrosconceptos, manoobraocupada) values ((select idcontrato from obra o inner join contrato c on o.idobra=c.idobra where c.Numero='8' and o.idorganismo=2), '201206', 8, 1.96, 14877.92, 0, 0, 6447.08, '2013-10-31', 7686.94, 743.9, 4);
insert into certificacion(idcontrato, periodo, nrocertificado, porcentajeavance, montoavance, anticipofinanciero, descuentoanticipo, importeneto, fechavtopago, retencionmulta, otrosconceptos, manoobraocupada) values ((select idcontrato from obra o inner join contrato c on o.idobra=c.idobra where c.Numero='8' and o.idorganismo=2), '201207', 9, 1.31, 9918.61, 0, 0, 3223.54, '2013-10-31', 6199.14, 495.93, 4);
insert into certificacion(idcontrato, periodo, nrocertificado, porcentajeavance, montoavance, anticipofinanciero, descuentoanticipo, importeneto, fechavtopago, retencionmulta, otrosconceptos, manoobraocupada) values ((select idcontrato from obra o inner join contrato c on o.idobra=c.idobra where c.Numero='8' and o.idorganismo=2), '201208', 10, 0.33, 2479.65, 0, 0, 2355.67, '2013-10-31', 0, 123.98, 4);
insert into certificacion(idcontrato, periodo, nrocertificado, porcentajeavance, montoavance, anticipofinanciero, descuentoanticipo, importeneto, fechavtopago, retencionmulta, otrosconceptos, manoobraocupada) values ((select idcontrato from obra o inner join contrato c on o.idobra=c.idobra where c.Numero='8' and o.idorganismo=2), '201209', 11, 1.06, 8058.88, 0, 0, 7655.94, '2013-10-31', 0, 402.94, 4);
insert into certificacion(idcontrato, periodo, nrocertificado, porcentajeavance, montoavance, anticipofinanciero, descuentoanticipo, importeneto, fechavtopago, retencionmulta, otrosconceptos, manoobraocupada) values ((select idcontrato from obra o inner join contrato c on o.idobra=c.idobra where c.Numero='8' and o.idorganismo=2), '201210', 12, 0, 0, 0, 0, 0, '2013-10-31', 0, 0, 4);
insert into certificacion(idcontrato, periodo, nrocertificado, porcentajeavance, montoavance, anticipofinanciero, descuentoanticipo, importeneto, fechavtopago, retencionmulta, otrosconceptos, manoobraocupada) values ((select idcontrato from obra o inner join contrato c on o.idobra=c.idobra where c.Numero='8' and o.idorganismo=2), '201211', 13, 3.62, 27474.55, 0, 0, 26090.9, '2013-10-31', 9.92, 1373.73, 4);
insert into certificacion(idcontrato, periodo, nrocertificado, porcentajeavance, montoavance, anticipofinanciero, descuentoanticipo, importeneto, fechavtopago, retencionmulta, otrosconceptos, manoobraocupada) values ((select idcontrato from obra o inner join contrato c on o.idobra=c.idobra where c.Numero='8' and o.idorganismo=2), '201212', 14, 0, 0, 0, 0, -76.87, '2013-10-31', 76.87, 0, 4);
insert into certificacion(idcontrato, periodo, nrocertificado, porcentajeavance, montoavance, anticipofinanciero, descuentoanticipo, importeneto, fechavtopago, retencionmulta, otrosconceptos, manoobraocupada) values ((select idcontrato from obra o inner join contrato c on o.idobra=c.idobra where c.Numero='8' and o.idorganismo=2), '201301', 15, 1.64, 12398.27, 0, 0, 11815.56, '2013-10-31', 0, 582.71, 4);
insert into certificacion(idcontrato, periodo, nrocertificado, porcentajeavance, montoavance, anticipofinanciero, descuentoanticipo, importeneto, fechavtopago, retencionmulta, otrosconceptos, manoobraocupada) values ((select idcontrato from obra o inner join contrato c on o.idobra=c.idobra where c.Numero='8' and o.idorganismo=2), '201302', 16, 0.49, 3719.48, 0, 0, 3310.34, '2013-10-31', 223.17, 185.97, 4);
insert into certificacion(idcontrato, periodo, nrocertificado, porcentajeavance, montoavance, anticipofinanciero, descuentoanticipo, importeneto, fechavtopago, retencionmulta, otrosconceptos, manoobraocupada) values ((select idcontrato from obra o inner join contrato c on o.idobra=c.idobra where c.Numero='8' and o.idorganismo=2), '201303', 17, 0, 0, 0, 0, -230.6, '2013-10-31', 230.6, 0, 4);
insert into certificacion(idcontrato, periodo, nrocertificado, porcentajeavance, montoavance, anticipofinanciero, descuentoanticipo, importeneto, fechavtopago, retencionmulta, otrosconceptos, manoobraocupada) values ((select idcontrato from obra o inner join contrato c on o.idobra=c.idobra where c.Numero='8' and o.idorganismo=2), '201304', 18, 0.9, 6819.05, 0, 0, 5936.3, '2013-10-31', 541.8, 340.95, 4);
insert into certificacion(idcontrato, periodo, nrocertificado, porcentajeavance, montoavance, anticipofinanciero, descuentoanticipo, importeneto, fechavtopago, retencionmulta, otrosconceptos, manoobraocupada) values ((select idcontrato from obra o inner join contrato c on o.idobra=c.idobra where c.Numero='8' and o.idorganismo=2), '201305', 19, 0.33, 2479.65, 0, 0, 1611.77, '2013-10-31', 743.9, 123.98, 4);
insert into certificacion(idcontrato, periodo, nrocertificado, porcentajeavance, montoavance, anticipofinanciero, descuentoanticipo, importeneto, fechavtopago, retencionmulta, otrosconceptos, manoobraocupada) values ((select idcontrato from obra o inner join contrato c on o.idobra=c.idobra where c.Numero='8' and o.idorganismo=2), '201306', 20, 0.65, 4959.31, 0, 0, 3259.5, '2013-10-31', 1451.84, 247.97, 4);
insert into certificacion(idcontrato, periodo, nrocertificado, porcentajeavance, montoavance, anticipofinanciero, descuentoanticipo, importeneto, fechavtopago, retencionmulta, otrosconceptos, manoobraocupada) values ((select idcontrato from obra o inner join contrato c on o.idobra=c.idobra where c.Numero='8' and o.idorganismo=2), '201307', 21, 0, 0, 0, 0, -3160.31, '2013-10-31', 3160.31, 0, 4);
insert into certificacion(idcontrato, periodo, nrocertificado, porcentajeavance, montoavance, anticipofinanciero, descuentoanticipo, importeneto, fechavtopago, retencionmulta, otrosconceptos, manoobraocupada) values ((select idcontrato from obra o inner join contrato c on o.idobra=c.idobra where c.Numero='8' and o.idorganismo=2), '201308', 22, 0, 0, 0, 0, -3542.19, '2013-10-31', 3542.19, 0, 4);
insert into certificacion(idcontrato, periodo, nrocertificado, porcentajeavance, montoavance, anticipofinanciero, descuentoanticipo, importeneto, fechavtopago, retencionmulta, otrosconceptos, manoobraocupada) values ((select idcontrato from obra o inner join contrato c on o.idobra=c.idobra where c.Numero='9' and o.idorganismo=2), '201111', 1, 1.92, 10540, 0, 0, 10013, '2012-03-20', 0, 527, 4);
insert into certificacion(idcontrato, periodo, nrocertificado, porcentajeavance, montoavance, anticipofinanciero, descuentoanticipo, importeneto, fechavtopago, retencionmulta, otrosconceptos, manoobraocupada) values ((select idcontrato from obra o inner join contrato c on o.idobra=c.idobra where c.Numero='9' and o.idorganismo=2), '201112', 2, 0.64, 3513.33, 0, 0, 3337.66, '2012-03-29', 0, 175.67, 4);
insert into certificacion(idcontrato, periodo, nrocertificado, porcentajeavance, montoavance, anticipofinanciero, descuentoanticipo, importeneto, fechavtopago, retencionmulta, otrosconceptos, manoobraocupada) values ((select idcontrato from obra o inner join contrato c on o.idobra=c.idobra where c.Numero='9' and o.idorganismo=2), '201201', 3, 0, 0, 0, 0, 0, '2012-06-27', 0, 0, 4);
insert into certificacion(idcontrato, periodo, nrocertificado, porcentajeavance, montoavance, anticipofinanciero, descuentoanticipo, importeneto, fechavtopago, retencionmulta, otrosconceptos, manoobraocupada) values ((select idcontrato from obra o inner join contrato c on o.idobra=c.idobra where c.Numero='9' and o.idorganismo=2), '201202', 4, 0, 0, 0, 0, -31445.5, '2013-10-31', 31445.5, 0, 4);
insert into certificacion(idcontrato, periodo, nrocertificado, porcentajeavance, montoavance, anticipofinanciero, descuentoanticipo, importeneto, fechavtopago, retencionmulta, otrosconceptos, manoobraocupada) values ((select idcontrato from obra o inner join contrato c on o.idobra=c.idobra where c.Numero='9' and o.idorganismo=2), '201203', 5, 0, 0, 0, 0, -389.98, '2013-10-31', 389.98, 0, 4);
insert into certificacion(idcontrato, periodo, nrocertificado, porcentajeavance, montoavance, anticipofinanciero, descuentoanticipo, importeneto, fechavtopago, retencionmulta, otrosconceptos, manoobraocupada) values ((select idcontrato from obra o inner join contrato c on o.idobra=c.idobra where c.Numero='9' and o.idorganismo=2), '201204', 6, 0, 0, 0, 0, -829.14, '2013-10-31', 829.14, 0, 4);
insert into certificacion(idcontrato, periodo, nrocertificado, porcentajeavance, montoavance, anticipofinanciero, descuentoanticipo, importeneto, fechavtopago, retencionmulta, otrosconceptos, manoobraocupada) values ((select idcontrato from obra o inner join contrato c on o.idobra=c.idobra where c.Numero='9' and o.idorganismo=2), '201205', 7, 1.49, 8197.77, 0, 0, 8125.16, '2013-10-31', 0, 72.61, 4);
insert into certificacion(idcontrato, periodo, nrocertificado, porcentajeavance, montoavance, anticipofinanciero, descuentoanticipo, importeneto, fechavtopago, retencionmulta, otrosconceptos, manoobraocupada) values ((select idcontrato from obra o inner join contrato c on o.idobra=c.idobra where c.Numero='9' and o.idorganismo=2), '201206', 8, 0.64, 3513.33, 0, 0, -2670.14, '2013-10-31', 6007.8, 175.67, 4);
insert into certificacion(idcontrato, periodo, nrocertificado, porcentajeavance, montoavance, anticipofinanciero, descuentoanticipo, importeneto, fechavtopago, retencionmulta, otrosconceptos, manoobraocupada) values ((select idcontrato from obra o inner join contrato c on o.idobra=c.idobra where c.Numero='9' and o.idorganismo=2), '201207', 9, 1.49, 8197.77, 0, 0, 8004.53, '2013-10-31', 0, 193.24, 4);
insert into certificacion(idcontrato, periodo, nrocertificado, porcentajeavance, montoavance, anticipofinanciero, descuentoanticipo, importeneto, fechavtopago, retencionmulta, otrosconceptos, manoobraocupada) values ((select idcontrato from obra o inner join contrato c on o.idobra=c.idobra where c.Numero='9' and o.idorganismo=2), '201208', 10, 1.86, 10188.66, 0, 0, 9664.01, '2013-10-31', 15.22, 509.43, 4);
insert into certificacion(idcontrato, periodo, nrocertificado, porcentajeavance, montoavance, anticipofinanciero, descuentoanticipo, importeneto, fechavtopago, retencionmulta, otrosconceptos, manoobraocupada) values ((select idcontrato from obra o inner join contrato c on o.idobra=c.idobra where c.Numero='9' and o.idorganismo=2), '201209', 11, 0, 0, 0, 0, -1187.51, '2013-10-31', 1187.51, 0, 4);
insert into certificacion(idcontrato, periodo, nrocertificado, porcentajeavance, montoavance, anticipofinanciero, descuentoanticipo, importeneto, fechavtopago, retencionmulta, otrosconceptos, manoobraocupada) values ((select idcontrato from obra o inner join contrato c on o.idobra=c.idobra where c.Numero='9' and o.idorganismo=2), '201210', 12, 0, 0, 0, 0, -1638.39, '2013-10-31', 1638.39, 0, 4);
insert into certificacion(idcontrato, periodo, nrocertificado, porcentajeavance, montoavance, anticipofinanciero, descuentoanticipo, importeneto, fechavtopago, retencionmulta, otrosconceptos, manoobraocupada) values ((select idcontrato from obra o inner join contrato c on o.idobra=c.idobra where c.Numero='9' and o.idorganismo=2), '201211', 13, 0, 0, 0, 0, -878.33, '2013-10-31', 878.33, 0, 4);
insert into certificacion(idcontrato, periodo, nrocertificado, porcentajeavance, montoavance, anticipofinanciero, descuentoanticipo, importeneto, fechavtopago, retencionmulta, otrosconceptos, manoobraocupada) values ((select idcontrato from obra o inner join contrato c on o.idobra=c.idobra where c.Numero='9' and o.idorganismo=2), '201212', 14, 0.21, 1171.11, 0, 0, 380.6, '2013-10-31', 731.95, 58.56, 4);
insert into certificacion(idcontrato, periodo, nrocertificado, porcentajeavance, montoavance, anticipofinanciero, descuentoanticipo, importeneto, fechavtopago, retencionmulta, otrosconceptos, manoobraocupada) values ((select idcontrato from obra o inner join contrato c on o.idobra=c.idobra where c.Numero='9' and o.idorganismo=2), '201301', 15, 0, 0, 0, 0, -907.61, '2013-10-31', 907.61, 0, 4);
insert into certificacion(idcontrato, periodo, nrocertificado, porcentajeavance, montoavance, anticipofinanciero, descuentoanticipo, importeneto, fechavtopago, retencionmulta, otrosconceptos, manoobraocupada) values ((select idcontrato from obra o inner join contrato c on o.idobra=c.idobra where c.Numero='9' and o.idorganismo=2), '201302', 16, 0, 0, 0, 0, -819.78, '2013-10-31', 819.78, 0, 4);
insert into certificacion(idcontrato, periodo, nrocertificado, porcentajeavance, montoavance, anticipofinanciero, descuentoanticipo, importeneto, fechavtopago, retencionmulta, otrosconceptos, manoobraocupada) values ((select idcontrato from obra o inner join contrato c on o.idobra=c.idobra where c.Numero='9' and o.idorganismo=2), '201303', 17, 0, 0, 0, 0, -907.61, '2013-10-31', 907.61, 0, 4);
insert into certificacion(idcontrato, periodo, nrocertificado, porcentajeavance, montoavance, anticipofinanciero, descuentoanticipo, importeneto, fechavtopago, retencionmulta, otrosconceptos, manoobraocupada) values ((select idcontrato from obra o inner join contrato c on o.idobra=c.idobra where c.Numero='9' and o.idorganismo=2), '201304', 18, 1.92, 10540, 0, 0, 10874.77, '2013-10-31', 0, -334.77, 4);
insert into certificacion(idcontrato, periodo, nrocertificado, porcentajeavance, montoavance, anticipofinanciero, descuentoanticipo, importeneto, fechavtopago, retencionmulta, otrosconceptos, manoobraocupada) values ((select idcontrato from obra o inner join contrato c on o.idobra=c.idobra where c.Numero='9' and o.idorganismo=2), '201305', 19, 0, 0, 0, 0, -3948.99, '2013-10-31', 3948.99, 0, 4);
insert into certificacion(idcontrato, periodo, nrocertificado, porcentajeavance, montoavance, anticipofinanciero, descuentoanticipo, importeneto, fechavtopago, retencionmulta, otrosconceptos, manoobraocupada) values ((select idcontrato from obra o inner join contrato c on o.idobra=c.idobra where c.Numero='9' and o.idorganismo=2), '201306', 20, 0, 0, 0, 0, -3044.92, '2013-10-31', 3044.92, 0, 4);
insert into certificacion(idcontrato, periodo, nrocertificado, porcentajeavance, montoavance, anticipofinanciero, descuentoanticipo, importeneto, fechavtopago, retencionmulta, otrosconceptos, manoobraocupada) values ((select idcontrato from obra o inner join contrato c on o.idobra=c.idobra where c.Numero='9' and o.idorganismo=2), '201307', 21, 0, 0, 0, 0, -4686.8, '2013-10-31', 4686.8, 0, 4);
insert into certificacion(idcontrato, periodo, nrocertificado, porcentajeavance, montoavance, anticipofinanciero, descuentoanticipo, importeneto, fechavtopago, retencionmulta, otrosconceptos, manoobraocupada) values ((select idcontrato from obra o inner join contrato c on o.idobra=c.idobra where c.Numero='9' and o.idorganismo=2), '201308', 22, 0, 0, 0, 0, -4817.74, '2013-10-31', 4817.74, 0, 4);
insert into certificacion(idcontrato, periodo, nrocertificado, porcentajeavance, montoavance, anticipofinanciero, descuentoanticipo, importeneto, fechavtopago, retencionmulta, otrosconceptos, manoobraocupada) values ((select idcontrato from obra o inner join contrato c on o.idobra=c.idobra where c.Numero='10' and o.idorganismo=2), '201205', 0, 0, 0, 85123.5, null, 85123.5, '2012-06-27', null, null, 0);
insert into certificacion(idcontrato, periodo, nrocertificado, porcentajeavance, montoavance, anticipofinanciero, descuentoanticipo, importeneto, fechavtopago, retencionmulta, otrosconceptos, manoobraocupada) values ((select idcontrato from obra o inner join contrato c on o.idobra=c.idobra where c.Numero='10' and o.idorganismo=2), '201209', 1, 20.52, 69877.5, null, 17469.38, 48914.24, '2012-11-09', null, 3493.88, 3);
insert into certificacion(idcontrato, periodo, nrocertificado, porcentajeavance, montoavance, anticipofinanciero, descuentoanticipo, importeneto, fechavtopago, retencionmulta, otrosconceptos, manoobraocupada) values ((select idcontrato from obra o inner join contrato c on o.idobra=c.idobra where c.Numero='10' and o.idorganismo=2), '201210', 2, 23.96, 81566.1, null, 20391.53, 56912.85, '2013-02-06', 183.41, 4078.31, 3);
insert into certificacion(idcontrato, periodo, nrocertificado, porcentajeavance, montoavance, anticipofinanciero, descuentoanticipo, importeneto, fechavtopago, retencionmulta, otrosconceptos, manoobraocupada) values ((select idcontrato from obra o inner join contrato c on o.idobra=c.idobra where c.Numero='10' and o.idorganismo=2), '201211', 3, 23.4, 79660.35, null, 19915.09, 54791, '2013-02-06', 971.24, 3983.02, 3);
insert into certificacion(idcontrato, periodo, nrocertificado, porcentajeavance, montoavance, anticipofinanciero, descuentoanticipo, importeneto, fechavtopago, retencionmulta, otrosconceptos, manoobraocupada) values ((select idcontrato from obra o inner join contrato c on o.idobra=c.idobra where c.Numero='11' and o.idorganismo=2), '201301', 0, 0, 0, 350415.26, null, 350415.26, '2013-02-21', null, null, 0);
insert into certificacion(idcontrato, periodo, nrocertificado, porcentajeavance, montoavance, anticipofinanciero, descuentoanticipo, importeneto, fechavtopago, retencionmulta, otrosconceptos, manoobraocupada) values ((select idcontrato from obra o inner join contrato c on o.idobra=c.idobra where c.Numero='11' and o.idorganismo=2), '201304', 1, 15.1, 264647.65, null, 52929.53, 198485.74, '2013-06-12', 0, 13232.38, 6);
insert into certificacion(idcontrato, periodo, nrocertificado, porcentajeavance, montoavance, anticipofinanciero, descuentoanticipo, importeneto, fechavtopago, retencionmulta, otrosconceptos, manoobraocupada) values ((select idcontrato from obra o inner join contrato c on o.idobra=c.idobra where c.Numero='11' and o.idorganismo=2), '201305', 2, 5.99, 104992.56, null, 20998.51, 83994.05, '2013-07-02', null, null, 6);
insert into certificacion(idcontrato, periodo, nrocertificado, porcentajeavance, montoavance, anticipofinanciero, descuentoanticipo, importeneto, fechavtopago, retencionmulta, otrosconceptos, manoobraocupada) values ((select idcontrato from obra o inner join contrato c on o.idobra=c.idobra where c.Numero='12' and o.idorganismo=2), '201304', 1, 94.89, 367399.39, 0, 0, 349029.42, '2013-06-12', 0, 18369.97, 5);
insert into certificacion(idcontrato, periodo, nrocertificado, porcentajeavance, montoavance, anticipofinanciero, descuentoanticipo, importeneto, fechavtopago, retencionmulta, otrosconceptos, manoobraocupada) values ((select idcontrato from obra o inner join contrato c on o.idobra=c.idobra where c.Numero='12' and o.idorganismo=2), '200305', 2, 5.11, 19800.61, 0, 0, 18810.58, '2013-10-31', 0, 990.03, 5);
insert into certificacion(idcontrato, periodo, nrocertificado, porcentajeavance, montoavance, anticipofinanciero, descuentoanticipo, importeneto, fechavtopago, retencionmulta, otrosconceptos, manoobraocupada) values ((select idcontrato from obra o inner join contrato c on o.idobra=c.idobra where c.Numero='13' and o.idorganismo=2), '201111', 0, 0, 0, 1268262.58, 0, 1268262.58, '2012-02-04', 0, 0, 0);
insert into certificacion(idcontrato, periodo, nrocertificado, porcentajeavance, montoavance, anticipofinanciero, descuentoanticipo, importeneto, fechavtopago, retencionmulta, otrosconceptos, manoobraocupada) values ((select idcontrato from obra o inner join contrato c on o.idobra=c.idobra where c.Numero='13' and o.idorganismo=2), '201203', 1, 1.1, 69537.34, null, 13907.47, 52153, '2012-07-13', 0, 3476.87, 1);
insert into certificacion(idcontrato, periodo, nrocertificado, porcentajeavance, montoavance, anticipofinanciero, descuentoanticipo, importeneto, fechavtopago, retencionmulta, otrosconceptos, manoobraocupada) values ((select idcontrato from obra o inner join contrato c on o.idobra=c.idobra where c.Numero='13' and o.idorganismo=2), '201204', 2, 10.86, 688435.99, null, 137687.2, 516326.99, '2012-07-21', 0, 34421.8, 5);
insert into certificacion(idcontrato, periodo, nrocertificado, porcentajeavance, montoavance, anticipofinanciero, descuentoanticipo, importeneto, fechavtopago, retencionmulta, otrosconceptos, manoobraocupada) values ((select idcontrato from obra o inner join contrato c on o.idobra=c.idobra where c.Numero='13' and o.idorganismo=2), '201205', 3, 13.93, 883295.43, null, 176659.09, 659179.01, '2012-08-04', 3292.56, 44164.77, 7);
insert into certificacion(idcontrato, periodo, nrocertificado, porcentajeavance, montoavance, anticipofinanciero, descuentoanticipo, importeneto, fechavtopago, retencionmulta, otrosconceptos, manoobraocupada) values ((select idcontrato from obra o inner join contrato c on o.idobra=c.idobra where c.Numero='13' and o.idorganismo=2), '201206', 4, 6.62, 419778.04, null, 83955.61, 282604.78, '2012-09-21', 32228.75, 20988.9, 8);
insert into certificacion(idcontrato, periodo, nrocertificado, porcentajeavance, montoavance, anticipofinanciero, descuentoanticipo, importeneto, fechavtopago, retencionmulta, otrosconceptos, manoobraocupada) values ((select idcontrato from obra o inner join contrato c on o.idobra=c.idobra where c.Numero='13' and o.idorganismo=2), '201207', 5, 7.28, 461755.84, null, 92351.17, 276608.73, '2012-09-21', 69708.15, 23087.79, 7);
insert into certificacion(idcontrato, periodo, nrocertificado, porcentajeavance, montoavance, anticipofinanciero, descuentoanticipo, importeneto, fechavtopago, retencionmulta, otrosconceptos, manoobraocupada) values ((select idcontrato from obra o inner join contrato c on o.idobra=c.idobra where c.Numero='13' and o.idorganismo=2), '201208', 6, 9.93, 629667.06, null, 125933.41, 577479.75, '2013-03-05', -105229.45, 31483.35, 7);
insert into certificacion(idcontrato, periodo, nrocertificado, porcentajeavance, montoavance, anticipofinanciero, descuentoanticipo, importeneto, fechavtopago, retencionmulta, otrosconceptos, manoobraocupada) values ((select idcontrato from obra o inner join contrato c on o.idobra=c.idobra where c.Numero='13' and o.idorganismo=2), '201209', 7, 12.2, 773431.94, null, 154686.39, 580073.95, '2013-03-05', 0, 38671.6, 10);
insert into certificacion(idcontrato, periodo, nrocertificado, porcentajeavance, montoavance, anticipofinanciero, descuentoanticipo, importeneto, fechavtopago, retencionmulta, otrosconceptos, manoobraocupada) values ((select idcontrato from obra o inner join contrato c on o.idobra=c.idobra where c.Numero='13' and o.idorganismo=2), '201210', 8, 7.14, 452752.04, null, 90550.41, 339564.03, '2013-03-05', 0, 22637.6, 10);
insert into certificacion(idcontrato, periodo, nrocertificado, porcentajeavance, montoavance, anticipofinanciero, descuentoanticipo, importeneto, fechavtopago, retencionmulta, otrosconceptos, manoobraocupada) values ((select idcontrato from obra o inner join contrato c on o.idobra=c.idobra where c.Numero='13' and o.idorganismo=2), '201211', 9, 0.93, 58995.8, null, 11799.16, 44246.85, '2013-04-27', 0, 2949.79, 10);
insert into certificacion(idcontrato, periodo, nrocertificado, porcentajeavance, montoavance, anticipofinanciero, descuentoanticipo, importeneto, fechavtopago, retencionmulta, otrosconceptos, manoobraocupada) values ((select idcontrato from obra o inner join contrato c on o.idobra=c.idobra where c.Numero='13' and o.idorganismo=2), '201212', 10, 0, 0, null, 0, 0, '2013-01-30', 0, 0, 0);
insert into certificacion(idcontrato, periodo, nrocertificado, porcentajeavance, montoavance, anticipofinanciero, descuentoanticipo, importeneto, fechavtopago, retencionmulta, otrosconceptos, manoobraocupada) values ((select idcontrato from obra o inner join contrato c on o.idobra=c.idobra where c.Numero='13' and o.idorganismo=2), '201301', 11, 0, 0, null, 0, -1844.38, '2013-03-30', 1844.38, 0, 0);
insert into certificacion(idcontrato, periodo, nrocertificado, porcentajeavance, montoavance, anticipofinanciero, descuentoanticipo, importeneto, fechavtopago, retencionmulta, otrosconceptos, manoobraocupada) values ((select idcontrato from obra o inner join contrato c on o.idobra=c.idobra where c.Numero='13' and o.idorganismo=2), '201302', 12, 1.41, 89273.8, null, 17854.76, 61535.28, '2013-04-27', 5420.07, 4463.69, 7);
insert into certificacion(idcontrato, periodo, nrocertificado, porcentajeavance, montoavance, anticipofinanciero, descuentoanticipo, importeneto, fechavtopago, retencionmulta, otrosconceptos, manoobraocupada) values ((select idcontrato from obra o inner join contrato c on o.idobra=c.idobra where c.Numero='13' and o.idorganismo=2), '201303', 13, 3.77, 238786.65, null, 47757.33, 159381.73, '2013-05-23', 19708.26, 11939.33, 7);
insert into certificacion(idcontrato, periodo, nrocertificado, porcentajeavance, montoavance, anticipofinanciero, descuentoanticipo, importeneto, fechavtopago, retencionmulta, otrosconceptos, manoobraocupada) values ((select idcontrato from obra o inner join contrato c on o.idobra=c.idobra where c.Numero='13' and o.idorganismo=2), '201304', 14, 11.2, 710482.05, null, 142096.41, 540370.17, '2013-06-18', -7508.63, 35524.1, 8);
insert into certificacion(idcontrato, periodo, nrocertificado, porcentajeavance, montoavance, anticipofinanciero, descuentoanticipo, importeneto, fechavtopago, retencionmulta, otrosconceptos, manoobraocupada) values ((select idcontrato from obra o inner join contrato c on o.idobra=c.idobra where c.Numero='13' and o.idorganismo=2), '201305', 15, 9.33, 575543.34, null, 115108.67, 416390.78, '2013-09-21', -19464.09, 63507.98, null);
insert into certificacion(idcontrato, periodo, nrocertificado, porcentajeavance, montoavance, anticipofinanciero, descuentoanticipo, importeneto, fechavtopago, retencionmulta, otrosconceptos, manoobraocupada) values ((select idcontrato from obra o inner join contrato c on o.idobra=c.idobra where c.Numero='13' and o.idorganismo=2), '201306', 16, 0, 0, null, 0, -130.08, '2013-09-21', 130.08, null, 0);
insert into certificacion(idcontrato, periodo, nrocertificado, porcentajeavance, montoavance, anticipofinanciero, descuentoanticipo, importeneto, fechavtopago, retencionmulta, otrosconceptos, manoobraocupada) values ((select idcontrato from obra o inner join contrato c on o.idobra=c.idobra where c.Numero='14' and o.idorganismo=2), '201207', 0, 0, 0, 1318957.45, null, 1318957.45, '2012-07-25', null, null, 0);
insert into certificacion(idcontrato, periodo, nrocertificado, porcentajeavance, montoavance, anticipofinanciero, descuentoanticipo, importeneto, fechavtopago, retencionmulta, otrosconceptos, manoobraocupada) values ((select idcontrato from obra o inner join contrato c on o.idobra=c.idobra where c.Numero='14' and o.idorganismo=2), '201209', 1, 0, 0, null, 0, -12.5, '2012-10-30', 12.5, 0, 0);
insert into certificacion(idcontrato, periodo, nrocertificado, porcentajeavance, montoavance, anticipofinanciero, descuentoanticipo, importeneto, fechavtopago, retencionmulta, otrosconceptos, manoobraocupada) values ((select idcontrato from obra o inner join contrato c on o.idobra=c.idobra where c.Numero='14' and o.idorganismo=2), '201210', 2, 0.65, 28526.48, null, 8557.94, 17067.94, '2013-02-02', 1474.28, 1426.32, 10);
insert into certificacion(idcontrato, periodo, nrocertificado, porcentajeavance, montoavance, anticipofinanciero, descuentoanticipo, importeneto, fechavtopago, retencionmulta, otrosconceptos, manoobraocupada) values ((select idcontrato from obra o inner join contrato c on o.idobra=c.idobra where c.Numero='14' and o.idorganismo=2), '201211', 3, 5.37, 236231.83, null, 70869.55, 150569.29, '2013-02-23', 2981.4, 11811.59, 10);
insert into certificacion(idcontrato, periodo, nrocertificado, porcentajeavance, montoavance, anticipofinanciero, descuentoanticipo, importeneto, fechavtopago, retencionmulta, otrosconceptos, manoobraocupada) values ((select idcontrato from obra o inner join contrato c on o.idobra=c.idobra where c.Numero='14' and o.idorganismo=2), '201212', 4, 4.93, 216670.34, null, 65001.1, 119506.36, '2013-02-23', 21329.36, 10833.52, 10);
insert into certificacion(idcontrato, periodo, nrocertificado, porcentajeavance, montoavance, anticipofinanciero, descuentoanticipo, importeneto, fechavtopago, retencionmulta, otrosconceptos, manoobraocupada) values ((select idcontrato from obra o inner join contrato c on o.idobra=c.idobra where c.Numero='14' and o.idorganismo=2), '201301', 5, 5.5, 241651.62, null, 72495.49, 111047.52, '2013-04-23', 46026.03, 12082.58, 8);
insert into certificacion(idcontrato, periodo, nrocertificado, porcentajeavance, montoavance, anticipofinanciero, descuentoanticipo, importeneto, fechavtopago, retencionmulta, otrosconceptos, manoobraocupada) values ((select idcontrato from obra o inner join contrato c on o.idobra=c.idobra where c.Numero='14' and o.idorganismo=2), '201302', 6, 1.46, 64079.71, null, 19223.91, -65016.43, '2013-04-23', 106668.24, 3203.99, 6);
insert into certificacion(idcontrato, periodo, nrocertificado, porcentajeavance, montoavance, anticipofinanciero, descuentoanticipo, importeneto, fechavtopago, retencionmulta, otrosconceptos, manoobraocupada) values ((select idcontrato from obra o inner join contrato c on o.idobra=c.idobra where c.Numero='14' and o.idorganismo=2), '201303', 7, 1.47, 64427.66, null, 19328.3, -131820.64, '2013-06-12', 173698.62, 3221.38, 7);
insert into certificacion(idcontrato, periodo, nrocertificado, porcentajeavance, montoavance, anticipofinanciero, descuentoanticipo, importeneto, fechavtopago, retencionmulta, otrosconceptos, manoobraocupada) values ((select idcontrato from obra o inner join contrato c on o.idobra=c.idobra where c.Numero='14' and o.idorganismo=2), '201304', 8, 6.56, 288535.39, null, 86560.62, 538875.31, '2013-06-29', -351327.31, 14426.77, 7);
insert into certificacion(idcontrato, periodo, nrocertificado, porcentajeavance, montoavance, anticipofinanciero, descuentoanticipo, importeneto, fechavtopago, retencionmulta, otrosconceptos, manoobraocupada) values ((select idcontrato from obra o inner join contrato c on o.idobra=c.idobra where c.Numero='14' and o.idorganismo=2), '201305', 9, 12.18, 535561.8, null, 160668.54, 390536.96, '2013-07-30', 2004.45, -17648.15, 7);
insert into certificacion(idcontrato, periodo, nrocertificado, porcentajeavance, montoavance, anticipofinanciero, descuentoanticipo, importeneto, fechavtopago, retencionmulta, otrosconceptos, manoobraocupada) values ((select idcontrato from obra o inner join contrato c on o.idobra=c.idobra where c.Numero='14' and o.idorganismo=2), '201306', 10, 12.88, 566198.69, null, 169859.61, 392560.77, '2013-08-28', 3778.31, null, 7);
insert into certificacion(idcontrato, periodo, nrocertificado, porcentajeavance, montoavance, anticipofinanciero, descuentoanticipo, importeneto, fechavtopago, retencionmulta, otrosconceptos, manoobraocupada) values ((select idcontrato from obra o inner join contrato c on o.idobra=c.idobra where c.Numero='14' and o.idorganismo=2), '201307', 11, 5.28, 232099.78, null, 69629.93, 131926.73, '2013-09-27', 30543.12, null, 8);
insert into certificacion(idcontrato, periodo, nrocertificado, porcentajeavance, montoavance, anticipofinanciero, descuentoanticipo, importeneto, fechavtopago, retencionmulta, otrosconceptos, manoobraocupada) values ((select idcontrato from obra o inner join contrato c on o.idobra=c.idobra where c.Numero='15' and o.idorganismo=2), '201105', 0, 0, 0, 896231.75, null, 896231.75, '2011-05-24', null, null, null);
insert into certificacion(idcontrato, periodo, nrocertificado, porcentajeavance, montoavance, anticipofinanciero, descuentoanticipo, importeneto, fechavtopago, retencionmulta, otrosconceptos, manoobraocupada) values ((select idcontrato from obra o inner join contrato c on o.idobra=c.idobra where c.Numero='15' and o.idorganismo=2), '201306', 1, 20.25, 604918.08, null, 181475.42, 393196.76, '2013-10-31', 0, 30245.9, 18);
insert into certificacion(idcontrato, periodo, nrocertificado, porcentajeavance, montoavance, anticipofinanciero, descuentoanticipo, importeneto, fechavtopago, retencionmulta, otrosconceptos, manoobraocupada) values ((select idcontrato from obra o inner join contrato c on o.idobra=c.idobra where c.Numero='15' and o.idorganismo=2), '201307', 2, 14.82, 442745.23, null, 132823.57, 280247.89, '2013-10-31', 7536.51, 22137.26, 18);
insert into certificacion(idcontrato, periodo, nrocertificado, porcentajeavance, montoavance, anticipofinanciero, descuentoanticipo, importeneto, fechavtopago, retencionmulta, otrosconceptos, manoobraocupada) values ((select idcontrato from obra o inner join contrato c on o.idobra=c.idobra where c.Numero='15' and o.idorganismo=2), '201308', 3, 16.29, 486684.65, null, 146005.4, 314378.12, '2013-10-31', 26301.13, null, 18);
insert into certificacion(idcontrato, periodo, nrocertificado, porcentajeavance, montoavance, anticipofinanciero, descuentoanticipo, importeneto, fechavtopago, retencionmulta, otrosconceptos, manoobraocupada) values ((select idcontrato from obra o inner join contrato c on o.idobra=c.idobra where c.Numero='16' and o.idorganismo=2), '201305', 0, 0, 0, 6784298.69, null, 6784298.69, '2013-06-12', null, null, 0);
insert into certificacion(idcontrato, periodo, nrocertificado, porcentajeavance, montoavance, anticipofinanciero, descuentoanticipo, importeneto, fechavtopago, retencionmulta, otrosconceptos, manoobraocupada) values ((select idcontrato from obra o inner join contrato c on o.idobra=c.idobra where c.Numero='17' and o.idorganismo=2), '201202', 0, 0, 0, 3632949.13, null, 3632949.13, '2013-10-31', null, null, 0);
insert into certificacion(idcontrato, periodo, nrocertificado, porcentajeavance, montoavance, anticipofinanciero, descuentoanticipo, importeneto, fechavtopago, retencionmulta, otrosconceptos, manoobraocupada) values ((select idcontrato from obra o inner join contrato c on o.idobra=c.idobra where c.Numero='17' and o.idorganismo=2), '201209', 0, 0, 1106361.36, null, null, 1106361.36, '2013-10-31', null, null, 0);
insert into certificacion(idcontrato, periodo, nrocertificado, porcentajeavance, montoavance, anticipofinanciero, descuentoanticipo, importeneto, fechavtopago, retencionmulta, otrosconceptos, manoobraocupada) values ((select idcontrato from obra o inner join contrato c on o.idobra=c.idobra where c.Numero='17' and o.idorganismo=2), '201303', 0, 0, 1138901.4, null, null, 1138901.4, '2013-10-31', null, null, 0);
insert into certificacion(idcontrato, periodo, nrocertificado, porcentajeavance, montoavance, anticipofinanciero, descuentoanticipo, importeneto, fechavtopago, retencionmulta, otrosconceptos, manoobraocupada) values ((select idcontrato from obra o inner join contrato c on o.idobra=c.idobra where c.Numero='17' and o.idorganismo=2), '201304', 0, 0, 726727.56, null, null, 726727.56, '2013-10-31', null, null, 0);
insert into certificacion(idcontrato, periodo, nrocertificado, porcentajeavance, montoavance, anticipofinanciero, descuentoanticipo, importeneto, fechavtopago, retencionmulta, otrosconceptos, manoobraocupada) values ((select idcontrato from obra o inner join contrato c on o.idobra=c.idobra where c.Numero='17' and o.idorganismo=2), '201305', 0, 0, 1453455.12, null, null, 1453455.12, '2013-10-31', null, null, 0);
insert into certificacion(idcontrato, periodo, nrocertificado, porcentajeavance, montoavance, anticipofinanciero, descuentoanticipo, importeneto, fechavtopago, retencionmulta, otrosconceptos, manoobraocupada) values ((select idcontrato from obra o inner join contrato c on o.idobra=c.idobra where c.Numero='17' and o.idorganismo=2), '201306', 0, 0, 249424.56, null, 74827.37, 174597.19, '2013-10-31', null, null, 0);
insert into certificacion(idcontrato, periodo, nrocertificado, porcentajeavance, montoavance, anticipofinanciero, descuentoanticipo, importeneto, fechavtopago, retencionmulta, otrosconceptos, manoobraocupada) values ((select idcontrato from obra o inner join contrato c on o.idobra=c.idobra where c.Numero='17' and o.idorganismo=2), '201306', 0, 0, 1898169, null, 1328718.3, 569450.7, '2013-10-31', null, null, 0);
insert into certificacion(idcontrato, periodo, nrocertificado, porcentajeavance, montoavance, anticipofinanciero, descuentoanticipo, importeneto, fechavtopago, retencionmulta, otrosconceptos, manoobraocupada) values ((select idcontrato from obra o inner join contrato c on o.idobra=c.idobra where c.Numero='17' and o.idorganismo=2), '201306', 0, 0, 1898169, null, 1328718.3, 569450.7, '2013-10-31', null, null, 0);
insert into certificacion(idcontrato, periodo, nrocertificado, porcentajeavance, montoavance, anticipofinanciero, descuentoanticipo, importeneto, fechavtopago, retencionmulta, otrosconceptos, manoobraocupada) values ((select idcontrato from obra o inner join contrato c on o.idobra=c.idobra where c.Numero='18' and o.idorganismo=2), '201209', 0, 0, 0, 269621.88, null, 269621.88, '2013-10-31', null, null, 0);
insert into certificacion(idcontrato, periodo, nrocertificado, porcentajeavance, montoavance, anticipofinanciero, descuentoanticipo, importeneto, fechavtopago, retencionmulta, otrosconceptos, manoobraocupada) values ((select idcontrato from obra o inner join contrato c on o.idobra=c.idobra where c.Numero='18' and o.idorganismo=2), '201304', 0, 0, 438541.44, null, 87708.28, 350833.16, '2013-10-31', null, null, 0);
insert into certificacion(idcontrato, periodo, nrocertificado, porcentajeavance, montoavance, anticipofinanciero, descuentoanticipo, importeneto, fechavtopago, retencionmulta, otrosconceptos, manoobraocupada) values ((select idcontrato from obra o inner join contrato c on o.idobra=c.idobra where c.Numero='18' and o.idorganismo=2), '201304', 0, 0, 439657.61, null, 87931.52, 351726.09, '2013-10-31', null, null, 0);
insert into certificacion(idcontrato, periodo, nrocertificado, porcentajeavance, montoavance, anticipofinanciero, descuentoanticipo, importeneto, fechavtopago, retencionmulta, otrosconceptos, manoobraocupada) values ((select idcontrato from obra o inner join contrato c on o.idobra=c.idobra where c.Numero='18' and o.idorganismo=2), '201304', 0, 0, 462662.45, null, 93982.08, 368680.37, '2013-10-31', null, null, 0);
insert into certificacion(idcontrato, periodo, nrocertificado, porcentajeavance, montoavance, anticipofinanciero, descuentoanticipo, importeneto, fechavtopago, retencionmulta, otrosconceptos, manoobraocupada) values ((select idcontrato from obra o inner join contrato c on o.idobra=c.idobra where c.Numero='18' and o.idorganismo=2), '201304', 0, 0, 13133, null, null, 13133, '2013-10-31', null, null, 0);
insert into certificacion(idcontrato, periodo, nrocertificado, porcentajeavance, montoavance, anticipofinanciero, descuentoanticipo, importeneto, fechavtopago, retencionmulta, otrosconceptos, manoobraocupada) values ((select idcontrato from obra o inner join contrato c on o.idobra=c.idobra where c.Numero='19' and o.idorganismo=2), '201210', 0, 0, 0, 4344959.95, null, 4344959.95, '2013-10-31', null, null, 0);
insert into certificacion(idcontrato, periodo, nrocertificado, porcentajeavance, montoavance, anticipofinanciero, descuentoanticipo, importeneto, fechavtopago, retencionmulta, otrosconceptos, manoobraocupada) values ((select idcontrato from obra o inner join contrato c on o.idobra=c.idobra where c.Numero='19' and o.idorganismo=2), '201301', 0, 0, 514890.96, null, 102978.19, 411912.77, '2013-10-31', null, null, 0);
insert into certificacion(idcontrato, periodo, nrocertificado, porcentajeavance, montoavance, anticipofinanciero, descuentoanticipo, importeneto, fechavtopago, retencionmulta, otrosconceptos, manoobraocupada) values ((select idcontrato from obra o inner join contrato c on o.idobra=c.idobra where c.Numero='19' and o.idorganismo=2), '201301', 0, 0, 617017.53, null, 123403.51, 493614.02, '2013-10-31', null, null, 0);
insert into certificacion(idcontrato, periodo, nrocertificado, porcentajeavance, montoavance, anticipofinanciero, descuentoanticipo, importeneto, fechavtopago, retencionmulta, otrosconceptos, manoobraocupada) values ((select idcontrato from obra o inner join contrato c on o.idobra=c.idobra where c.Numero='19' and o.idorganismo=2), '201301', 0, 0, 622374.54, null, 124474.9, 497899.64, '2013-10-31', null, null, 0);
insert into certificacion(idcontrato, periodo, nrocertificado, porcentajeavance, montoavance, anticipofinanciero, descuentoanticipo, importeneto, fechavtopago, retencionmulta, otrosconceptos, manoobraocupada) values ((select idcontrato from obra o inner join contrato c on o.idobra=c.idobra where c.Numero='19' and o.idorganismo=2), '201303', 0, 0, 620245.47, null, 124049.09, 496196.38, '2013-10-31', null, null, 0);
insert into certificacion(idcontrato, periodo, nrocertificado, porcentajeavance, montoavance, anticipofinanciero, descuentoanticipo, importeneto, fechavtopago, retencionmulta, otrosconceptos, manoobraocupada) values ((select idcontrato from obra o inner join contrato c on o.idobra=c.idobra where c.Numero='19' and o.idorganismo=2), '201303', 0, 0, 614819.78, null, 122963.95, 491855.83, '2013-10-31', null, null, 0);
insert into certificacion(idcontrato, periodo, nrocertificado, porcentajeavance, montoavance, anticipofinanciero, descuentoanticipo, importeneto, fechavtopago, retencionmulta, otrosconceptos, manoobraocupada) values ((select idcontrato from obra o inner join contrato c on o.idobra=c.idobra where c.Numero='19' and o.idorganismo=2), '201304', 0, 0, 515921.16, null, 103184.23, 412736.93, '2013-10-31', null, null, 0);
insert into certificacion(idcontrato, periodo, nrocertificado, porcentajeavance, montoavance, anticipofinanciero, descuentoanticipo, importeneto, fechavtopago, retencionmulta, otrosconceptos, manoobraocupada) values ((select idcontrato from obra o inner join contrato c on o.idobra=c.idobra where c.Numero='19' and o.idorganismo=2), '201304', 0, 0, 619009.23, null, 123801.85, 495207.38, '2013-10-31', null, null, 0);
insert into certificacion(idcontrato, periodo, nrocertificado, porcentajeavance, montoavance, anticipofinanciero, descuentoanticipo, importeneto, fechavtopago, retencionmulta, otrosconceptos, manoobraocupada) values ((select idcontrato from obra o inner join contrato c on o.idobra=c.idobra where c.Numero='19' and o.idorganismo=2), '201304', 0, 0, 615300.54, null, 123060.11, 492240.43, '2013-10-31', null, null, 0);
insert into certificacion(idcontrato, periodo, nrocertificado, porcentajeavance, montoavance, anticipofinanciero, descuentoanticipo, importeneto, fechavtopago, retencionmulta, otrosconceptos, manoobraocupada) values ((select idcontrato from obra o inner join contrato c on o.idobra=c.idobra where c.Numero='19' and o.idorganismo=2), '201304', 0, 0, 617292.24, null, 123458.45, 493833.79, '2013-10-31', null, null, 0);
insert into certificacion(idcontrato, periodo, nrocertificado, porcentajeavance, montoavance, anticipofinanciero, descuentoanticipo, importeneto, fechavtopago, retencionmulta, otrosconceptos, manoobraocupada) values ((select idcontrato from obra o inner join contrato c on o.idobra=c.idobra where c.Numero='19' and o.idorganismo=2), '201305', 0, 0, 620657.55, null, 124131.5, 496526.05, '2013-10-31', null, null, 0);
insert into certificacion(idcontrato, periodo, nrocertificado, porcentajeavance, montoavance, anticipofinanciero, descuentoanticipo, importeneto, fechavtopago, retencionmulta, otrosconceptos, manoobraocupada) values ((select idcontrato from obra o inner join contrato c on o.idobra=c.idobra where c.Numero='19' and o.idorganismo=2), '201305', 0, 0, 619970.75, null, 123994.15, 495976.6, '2013-10-31', null, null, 0);
insert into certificacion(idcontrato, periodo, nrocertificado, porcentajeavance, montoavance, anticipofinanciero, descuentoanticipo, importeneto, fechavtopago, retencionmulta, otrosconceptos, manoobraocupada) values ((select idcontrato from obra o inner join contrato c on o.idobra=c.idobra where c.Numero='19' and o.idorganismo=2), '201305', 0, 0, 310706.51, null, 62141.3, 248565.21, '2013-10-31', null, null, 0);
insert into certificacion(idcontrato, periodo, nrocertificado, porcentajeavance, montoavance, anticipofinanciero, descuentoanticipo, importeneto, fechavtopago, retencionmulta, otrosconceptos, manoobraocupada) values ((select idcontrato from obra o inner join contrato c on o.idobra=c.idobra where c.Numero='19' and o.idorganismo=2), '201305', 0, 0, 618871.88, null, 123774.37, 495097.51, '2013-10-31', null, null, 0);
insert into certificacion(idcontrato, periodo, nrocertificado, porcentajeavance, montoavance, anticipofinanciero, descuentoanticipo, importeneto, fechavtopago, retencionmulta, otrosconceptos, manoobraocupada) values ((select idcontrato from obra o inner join contrato c on o.idobra=c.idobra where c.Numero='19' and o.idorganismo=2), '201305', 0, 0, 621206.98, null, 124241.4, 496965.58, '2013-10-31', null, null, 0);
insert into certificacion(idcontrato, periodo, nrocertificado, porcentajeavance, montoavance, anticipofinanciero, descuentoanticipo, importeneto, fechavtopago, retencionmulta, otrosconceptos, manoobraocupada) values ((select idcontrato from obra o inner join contrato c on o.idobra=c.idobra where c.Numero='19' and o.idorganismo=2), '201305', 0, 0, 619627.35, null, 123925.47, 495701.88, '2013-10-31', null, null, 0);
insert into certificacion(idcontrato, periodo, nrocertificado, porcentajeavance, montoavance, anticipofinanciero, descuentoanticipo, importeneto, fechavtopago, retencionmulta, otrosconceptos, manoobraocupada) values ((select idcontrato from obra o inner join contrato c on o.idobra=c.idobra where c.Numero='19' and o.idorganismo=2), '201305', 0, 0, 616742.81, null, 123348.56, 493394.25, '2013-10-31', null, null, 0);
insert into certificacion(idcontrato, periodo, nrocertificado, porcentajeavance, montoavance, anticipofinanciero, descuentoanticipo, importeneto, fechavtopago, retencionmulta, otrosconceptos, manoobraocupada) values ((select idcontrato from obra o inner join contrato c on o.idobra=c.idobra where c.Numero='19' and o.idorganismo=2), '201305', 0, 0, 103294.12, null, 20658.83, 82635.29, '2013-10-31', null, null, 0);
insert into certificacion(idcontrato, periodo, nrocertificado, porcentajeavance, montoavance, anticipofinanciero, descuentoanticipo, importeneto, fechavtopago, retencionmulta, otrosconceptos, manoobraocupada) values ((select idcontrato from obra o inner join contrato c on o.idobra=c.idobra where c.Numero='19' and o.idorganismo=2), '201306', 0, 0, 619009.23, null, 123801.85, 495207.38, '2013-10-31', null, null, 0);
insert into certificacion(idcontrato, periodo, nrocertificado, porcentajeavance, montoavance, anticipofinanciero, descuentoanticipo, importeneto, fechavtopago, retencionmulta, otrosconceptos, manoobraocupada) values ((select idcontrato from obra o inner join contrato c on o.idobra=c.idobra where c.Numero='19' and o.idorganismo=2), '201306', 0, 0, 617498.28, null, 123499.65, 493998.63, '2013-10-31', null, null, 0);
insert into certificacion(idcontrato, periodo, nrocertificado, porcentajeavance, montoavance, anticipofinanciero, descuentoanticipo, importeneto, fechavtopago, retencionmulta, otrosconceptos, manoobraocupada) values ((select idcontrato from obra o inner join contrato c on o.idobra=c.idobra where c.Numero='19' and o.idorganismo=2), '201306', 0, 0, 616536.77, null, 123307.35, 493229.42, '2013-10-31', null, null, 0);
insert into certificacion(idcontrato, periodo, nrocertificado, porcentajeavance, montoavance, anticipofinanciero, descuentoanticipo, importeneto, fechavtopago, retencionmulta, otrosconceptos, manoobraocupada) values ((select idcontrato from obra o inner join contrato c on o.idobra=c.idobra where c.Numero='19' and o.idorganismo=2), '201306', 0, 0, 411253.44, null, 82250.69, 329002.75, '2013-10-31', null, null, 0);
insert into certificacion(idcontrato, periodo, nrocertificado, porcentajeavance, montoavance, anticipofinanciero, descuentoanticipo, importeneto, fechavtopago, retencionmulta, otrosconceptos, manoobraocupada) values ((select idcontrato from obra o inner join contrato c on o.idobra=c.idobra where c.Numero='19' and o.idorganismo=2), '201306', 0, 0, 622443.21, null, 124488.65, 497954.56, '2013-10-31', null, null, 0);
insert into certificacion(idcontrato, periodo, nrocertificado, porcentajeavance, montoavance, anticipofinanciero, descuentoanticipo, importeneto, fechavtopago, retencionmulta, otrosconceptos, manoobraocupada) values ((select idcontrato from obra o inner join contrato c on o.idobra=c.idobra where c.Numero='19' and o.idorganismo=2), '201306', 0, 0, 620657.55, null, 124131.5, 496526.05, '2013-10-31', null, null, 0);
insert into certificacion(idcontrato, periodo, nrocertificado, porcentajeavance, montoavance, anticipofinanciero, descuentoanticipo, importeneto, fechavtopago, retencionmulta, otrosconceptos, manoobraocupada) values ((select idcontrato from obra o inner join contrato c on o.idobra=c.idobra where c.Numero='19' and o.idorganismo=2), '201306', 0, 0, 620314.15, null, 124062.82, 496251.33, '2013-10-31', null, null, 0);
insert into certificacion(idcontrato, periodo, nrocertificado, porcentajeavance, montoavance, anticipofinanciero, descuentoanticipo, importeneto, fechavtopago, retencionmulta, otrosconceptos, manoobraocupada) values ((select idcontrato from obra o inner join contrato c on o.idobra=c.idobra where c.Numero='19' and o.idorganismo=2), '201306', 0, 0, 615643.93, null, 123128.79, 492515.14, '2013-10-31', null, null, 0);
insert into certificacion(idcontrato, periodo, nrocertificado, porcentajeavance, montoavance, anticipofinanciero, descuentoanticipo, importeneto, fechavtopago, retencionmulta, otrosconceptos, manoobraocupada) values ((select idcontrato from obra o inner join contrato c on o.idobra=c.idobra where c.Numero='19' and o.idorganismo=2), '201307', 0, 0, 616262.05, null, 123252.42, 493009.63, '2013-10-31', null, null, 0);
insert into certificacion(idcontrato, periodo, nrocertificado, porcentajeavance, montoavance, anticipofinanciero, descuentoanticipo, importeneto, fechavtopago, retencionmulta, otrosconceptos, manoobraocupada) values ((select idcontrato from obra o inner join contrato c on o.idobra=c.idobra where c.Numero='19' and o.idorganismo=2), '201307', 0, 0, 619696.03, null, 123939.21, 495756.82, '2013-10-31', null, null, 0);
insert into certificacion(idcontrato, periodo, nrocertificado, porcentajeavance, montoavance, anticipofinanciero, descuentoanticipo, importeneto, fechavtopago, retencionmulta, otrosconceptos, manoobraocupada) values ((select idcontrato from obra o inner join contrato c on o.idobra=c.idobra where c.Numero='19' and o.idorganismo=2), '201307', 0, 0, 620245.47, null, 124049.09, 496196.38, '2013-10-31', null, null, 0);
insert into certificacion(idcontrato, periodo, nrocertificado, porcentajeavance, montoavance, anticipofinanciero, descuentoanticipo, importeneto, fechavtopago, retencionmulta, otrosconceptos, manoobraocupada) values ((select idcontrato from obra o inner join contrato c on o.idobra=c.idobra where c.Numero='19' and o.idorganismo=2), '201307', 0, 0, 516745.31, null, 103349.06, 413396.25, '2013-10-31', null, null, 0);
insert into certificacion(idcontrato, periodo, nrocertificado, porcentajeavance, montoavance, anticipofinanciero, descuentoanticipo, importeneto, fechavtopago, retencionmulta, otrosconceptos, manoobraocupada) values ((select idcontrato from obra o inner join contrato c on o.idobra=c.idobra where c.Numero='19' and o.idorganismo=2), '201307', 0, 0, 617635.64, null, 123527.13, 494108.51, '2013-10-31', null, null, 0);
insert into certificacion(idcontrato, periodo, nrocertificado, porcentajeavance, montoavance, anticipofinanciero, descuentoanticipo, importeneto, fechavtopago, retencionmulta, otrosconceptos, manoobraocupada) values ((select idcontrato from obra o inner join contrato c on o.idobra=c.idobra where c.Numero='19' and o.idorganismo=2), '201307', 0, 0, 617154.89, null, 123430.97, 493723.92, '2013-10-31', null, null, 0);
insert into certificacion(idcontrato, periodo, nrocertificado, porcentajeavance, montoavance, anticipofinanciero, descuentoanticipo, importeneto, fechavtopago, retencionmulta, otrosconceptos, manoobraocupada) values ((select idcontrato from obra o inner join contrato c on o.idobra=c.idobra where c.Numero='20' and o.idorganismo=2), '201309', 0, 0, 0, 1205692.16, null, 1205692.16, '2013-10-11', null, null, 0);
insert into certificacion(idcontrato, periodo, nrocertificado, porcentajeavance, montoavance, anticipofinanciero, descuentoanticipo, importeneto, fechavtopago, retencionmulta, otrosconceptos, manoobraocupada) values ((select idcontrato from obra o inner join contrato c on o.idobra=c.idobra where c.Numero='21' and o.idorganismo=2), '201305', 0, 0, 3154287.34, null, null, 3154287.34, '2013-10-31', null, null, 0);
insert into certificacion(idcontrato, periodo, nrocertificado, porcentajeavance, montoavance, anticipofinanciero, descuentoanticipo, importeneto, fechavtopago, retencionmulta, otrosconceptos, manoobraocupada) values ((select idcontrato from obra o inner join contrato c on o.idobra=c.idobra where c.Numero='22' and o.idorganismo=2), '201209', 0, 0, 0, 367034.54, null, 367034.54, '2013-10-31', null, null, 0);
insert into certificacion(idcontrato, periodo, nrocertificado, porcentajeavance, montoavance, anticipofinanciero, descuentoanticipo, importeneto, fechavtopago, retencionmulta, otrosconceptos, manoobraocupada) values ((select idcontrato from obra o inner join contrato c on o.idobra=c.idobra where c.Numero='23' and o.idorganismo=2), '201209', 0, 0, 0, 399442.7, null, 399442.7, '2013-10-31', null, null, 0);
insert into certificacion(idcontrato, periodo, nrocertificado, porcentajeavance, montoavance, anticipofinanciero, descuentoanticipo, importeneto, fechavtopago, retencionmulta, otrosconceptos, manoobraocupada) values ((select idcontrato from obra o inner join contrato c on o.idobra=c.idobra where c.Numero='23' and o.idorganismo=2), '201210', 0, 0, 1243557.14, null, 248711.42, 994845.72, '2013-10-31', null, null, 0);
insert into certificacion(idcontrato, periodo, nrocertificado, porcentajeavance, montoavance, anticipofinanciero, descuentoanticipo, importeneto, fechavtopago, retencionmulta, otrosconceptos, manoobraocupada) values ((select idcontrato from obra o inner join contrato c on o.idobra=c.idobra where c.Numero='23' and o.idorganismo=2), '201211', 0, 0, 753656.4, null, 150731.28, 602925.12, '2013-10-31', null, null, 0);
insert into certificacion(idcontrato, periodo, nrocertificado, porcentajeavance, montoavance, anticipofinanciero, descuentoanticipo, importeneto, fechavtopago, retencionmulta, otrosconceptos, manoobraocupada) values ((select idcontrato from obra o inner join contrato c on o.idobra=c.idobra where c.Numero='24' and o.idorganismo=2), '201304', 0, 0, 0, 326700, null, 326700, '2013-05-05', null, null, null);
insert into certificacion(idcontrato, periodo, nrocertificado, porcentajeavance, montoavance, anticipofinanciero, descuentoanticipo, importeneto, fechavtopago, retencionmulta, otrosconceptos, manoobraocupada) values ((select idcontrato from obra o inner join contrato c on o.idobra=c.idobra where c.Numero='25' and o.idorganismo=2), '201211', 0, 0, 0, 10202451.27, null, 10202451.27, '2013-01-13', null, null, null);
insert into certificacion(idcontrato, periodo, nrocertificado, porcentajeavance, montoavance, anticipofinanciero, descuentoanticipo, importeneto, fechavtopago, retencionmulta, otrosconceptos, manoobraocupada) values ((select idcontrato from obra o inner join contrato c on o.idobra=c.idobra where c.Numero='25' and o.idorganismo=2), '201308', 1, 1.12, 379624.72, null, 113887.42, 246756.06, '2013-10-09', 0, 18981.24, 11);
insert into certificacion(idcontrato, periodo, nrocertificado, porcentajeavance, montoavance, anticipofinanciero, descuentoanticipo, importeneto, fechavtopago, retencionmulta, otrosconceptos, manoobraocupada) values ((select idcontrato from obra o inner join contrato c on o.idobra=c.idobra where c.Numero='26' and o.idorganismo=2), '201304', 0, 0, 0, 14997085.19, null, 14997085.19, '2013-05-11', null, null, 0);
insert into certificacion(idcontrato, periodo, nrocertificado, porcentajeavance, montoavance, anticipofinanciero, descuentoanticipo, importeneto, fechavtopago, retencionmulta, otrosconceptos, manoobraocupada) values ((select idcontrato from obra o inner join contrato c on o.idobra=c.idobra where c.Numero='27' and o.idorganismo=2), '201210', 0, 0, 0, 5717730.16, null, 5717730.16, '2012-11-09', null, null, null);
insert into certificacion(idcontrato, periodo, nrocertificado, porcentajeavance, montoavance, anticipofinanciero, descuentoanticipo, importeneto, fechavtopago, retencionmulta, otrosconceptos, manoobraocupada) values ((select idcontrato from obra o inner join contrato c on o.idobra=c.idobra where c.Numero='27' and o.idorganismo=2), '201307', 1, 0, 0, null, 0, 0, '2013-08-30', 0, 0, 0);
insert into certificacion(idcontrato, periodo, nrocertificado, porcentajeavance, montoavance, anticipofinanciero, descuentoanticipo, importeneto, fechavtopago, retencionmulta, otrosconceptos, manoobraocupada) values ((select idcontrato from obra o inner join contrato c on o.idobra=c.idobra where c.Numero='27' and o.idorganismo=2), '201308', 2, 2.2, 419497.13, null, 125849.14, 293647.99, '2013-10-04', 0, 0, 14);

/*EPAS*/

insert into obra (codigo, denominacion, idorganismo, creditopresupuestarioaprobado, expediente, memoriadescriptiva, cantidadbeneficiarios, presupuestooficial, fechapresupuestooficial, idtipoobra, latitud, longitud, idestadoobra) values ('0001', 'READECUACION TOMA DE AGUA POTABLE', 1, null, '4865-13054/11', null, null, 1886811.8, null, null, null, null, 8);
insert into obra (codigo, denominacion, idorganismo, creditopresupuestarioaprobado, expediente, memoriadescriptiva, cantidadbeneficiarios, presupuestooficial, fechapresupuestooficial, idtipoobra, latitud, longitud, idestadoobra) values ('0002', 'READECUACIÓN SISTEMA DE AGUA POTABLE', 1, null, '4865-12515/11', null, null, 3992061.16, null, null, null, null, 8);
insert into obra (codigo, denominacion, idorganismo, creditopresupuestarioaprobado, expediente, memoriadescriptiva, cantidadbeneficiarios, presupuestooficial, fechapresupuestooficial, idtipoobra, latitud, longitud, idestadoobra) values ('0003', 'READECUACIÓN PLAN DIRECTOR DESAGUES CLOACALES - PRIMERA ETAPA ', 1, null, '4865-13885/11', null, null, 11520464.33, null, null, null, null, 7);
insert into obra (codigo, denominacion, idorganismo, creditopresupuestarioaprobado, expediente, memoriadescriptiva, cantidadbeneficiarios, presupuestooficial, fechapresupuestooficial, idtipoobra, latitud, longitud, idestadoobra) values ('0004', 'SISTEMA DE AGUA POTABLE EN EL PARAJE HUARACOS Y CAÑADA DE LAS CABRAS', 1, null, '4865-8613/10', null, null, 1489869.15, null, null, null, null, 8);
insert into obra (codigo, denominacion, idorganismo, creditopresupuestarioaprobado, expediente, memoriadescriptiva, cantidadbeneficiarios, presupuestooficial, fechapresupuestooficial, idtipoobra, latitud, longitud, idestadoobra) values ('0005', 'AMPLIACION RED DE AGUA CENTRO DE ESQUI', 1, null, '4865-8535/10', null, null, 869877.08, null, null, null, null, 8);
insert into obra (codigo, denominacion, idorganismo, creditopresupuestarioaprobado, expediente, memoriadescriptiva, cantidadbeneficiarios, presupuestooficial, fechapresupuestooficial, idtipoobra, latitud, longitud, idestadoobra) values ('0006', 'MODIFICACION DE RED DE DISTRIBUCION DE AGUA POTABLE ', 1, null, '4765-007/08', null, null, 350023, null, null, null, null, 8);
insert into obra (codigo, denominacion, idorganismo, creditopresupuestarioaprobado, expediente, memoriadescriptiva, cantidadbeneficiarios, presupuestooficial, fechapresupuestooficial, idtipoobra, latitud, longitud, idestadoobra) values ('0007', 'REMODELACION Y AMPLIACION PLANTA POTABILIZADORA', 1, null, '4799-0721/09', null, null, null, null, null, null, null, 7);
insert into obra (codigo, denominacion, idorganismo, creditopresupuestarioaprobado, expediente, memoriadescriptiva, cantidadbeneficiarios, presupuestooficial, fechapresupuestooficial, idtipoobra, latitud, longitud, idestadoobra) values ('0008', 'RESTITUCION DE APOYOS EN TRAMO DE ACUEDUCTO DE IMPULSION Ø 500 MM A PLANTA BUENA ESPERANZA', 1, null, '4865-11766/11', null, null, 577448, null, null, null, null, 8);
insert into obra (codigo, denominacion, idorganismo, creditopresupuestarioaprobado, expediente, memoriadescriptiva, cantidadbeneficiarios, presupuestooficial, fechapresupuestooficial, idtipoobra, latitud, longitud, idestadoobra) values ('0009', 'SISTEMA DE AGUA POTABLE PARAJE CHARRA RUCA', 1, null, '4865-8432/10', null, null, 593524.74, null, null, null, null, 13);
insert into obra (codigo, denominacion, idorganismo, creditopresupuestarioaprobado, expediente, memoriadescriptiva, cantidadbeneficiarios, presupuestooficial, fechapresupuestooficial, idtipoobra, latitud, longitud, idestadoobra) values ('0010', 'READECUACION DE RED DE AGUA POTABLE', 1, null, '4865-13051/11', null, null, 1965453.63, null, null, null, null, 8);
insert into obra (codigo, denominacion, idorganismo, creditopresupuestarioaprobado, expediente, memoriadescriptiva, cantidadbeneficiarios, presupuestooficial, fechapresupuestooficial, idtipoobra, latitud, longitud, idestadoobra) values ('0011', 'COLOCACION DE MEDIDORES', 1, null, '4865-8422/10', null, null, 650000, null, null, null, null, 5);
insert into obra (codigo, denominacion, idorganismo, creditopresupuestarioaprobado, expediente, memoriadescriptiva, cantidadbeneficiarios, presupuestooficial, fechapresupuestooficial, idtipoobra, latitud, longitud, idestadoobra) values ('0012', 'SISTEMA DE CAPTACION - CONSTRUCCION 3° POZO FILTRANTE', 1, null, '4765-4139/08', null, null, 481480.1, null, null, null, null, 7);
insert into obra (codigo, denominacion, idorganismo, creditopresupuestarioaprobado, expediente, memoriadescriptiva, cantidadbeneficiarios, presupuestooficial, fechapresupuestooficial, idtipoobra, latitud, longitud, idestadoobra) values ('0013', 'REMODELACION SISTEMA DE AGUA POTABLE', 1, null, '4865-14259/11', null, null, null, null, null, null, null, 8);
insert into obra (codigo, denominacion, idorganismo, creditopresupuestarioaprobado, expediente, memoriadescriptiva, cantidadbeneficiarios, presupuestooficial, fechapresupuestooficial, idtipoobra, latitud, longitud, idestadoobra) values ('0014', 'PROVISION DE AGUA POTABLE COVUNCO ABAJO', 1, null, '4865-3865/09', null, null, 350000, null, null, null, null, 13);
insert into obra (codigo, denominacion, idorganismo, creditopresupuestarioaprobado, expediente, memoriadescriptiva, cantidadbeneficiarios, presupuestooficial, fechapresupuestooficial, idtipoobra, latitud, longitud, idestadoobra) values ('0015', 'SISTEMA CLOACAL BARDAS NORTE I ETAPA', 1, null, '4865-6983/10', null, null, null, null, null, null, null, 6);
insert into obra (codigo, denominacion, idorganismo, creditopresupuestarioaprobado, expediente, memoriadescriptiva, cantidadbeneficiarios, presupuestooficial, fechapresupuestooficial, idtipoobra, latitud, longitud, idestadoobra) values ('0016', 'CAÑERIA CLOACAL DE 400 MM CASILDA Y REPUBLICA DE ITALIA', 1, null, '4865-1930/09-ALC. 2/10', null, null, 459863.8, null, null, null, null, 6);
insert into obra (codigo, denominacion, idorganismo, creditopresupuestarioaprobado, expediente, memoriadescriptiva, cantidadbeneficiarios, presupuestooficial, fechapresupuestooficial, idtipoobra, latitud, longitud, idestadoobra) values ('0017', 'RELEVAMIENTO Y ACTUALIZACIÓN DE BASE DE DATOS AQUASIS - PROVISIÓN E INSTALACIÓN DE MEDIDORES DOMICILIARIOS', 1, null, '4865-13610/11', null, null, 3870000, null, null, null, null, 13);
insert into obra (codigo, denominacion, idorganismo, creditopresupuestarioaprobado, expediente, memoriadescriptiva, cantidadbeneficiarios, presupuestooficial, fechapresupuestooficial, idtipoobra, latitud, longitud, idestadoobra) values ('0018', 'ELECTRIFICACIÓN BOMBEO REFUERZO DE CALLE FIGUEROA', 1, null, '4865-7488/10', null, null, 57584.37, null, null, null, null, 13);
insert into obra (codigo, denominacion, idorganismo, creditopresupuestarioaprobado, expediente, memoriadescriptiva, cantidadbeneficiarios, presupuestooficial, fechapresupuestooficial, idtipoobra, latitud, longitud, idestadoobra) values ('0019', 'READECUACIÓN PLANTA DE TRATAMIENTO DE EFLUENTES CLOACALES DEL PARQUE INDUSTRIAL', 1, 12950095.95, '5902-0064/11', null, null, 10997155.26, null, null, null, null, 6);
insert into obra (codigo, denominacion, idorganismo, creditopresupuestarioaprobado, expediente, memoriadescriptiva, cantidadbeneficiarios, presupuestooficial, fechapresupuestooficial, idtipoobra, latitud, longitud, idestadoobra) values ('0020', 'REPARACIÓN DE ROTURAS DE CONEXIONES DOMICILIARIAS EN REDES Y SERVICIOS DE AGUA POTABLE - 3º TRIMESTRE/12', 1, null, '4865-12257/11', null, null, 224282.7, null, null, null, null, 8);
insert into obra (codigo, denominacion, idorganismo, creditopresupuestarioaprobado, expediente, memoriadescriptiva, cantidadbeneficiarios, presupuestooficial, fechapresupuestooficial, idtipoobra, latitud, longitud, idestadoobra) values ('0021', 'REPARACIÓN DE ROTURAS DE CONEXIONES DOMICILIARIAS EN REDES Y SERVICIOS DE AGUA POTABLE - ETAPA II/2012', 1, null, '5902-2586/12', null, null, 435161.55, null, null, null, null, 7);
insert into obra (codigo, denominacion, idorganismo, creditopresupuestarioaprobado, expediente, memoriadescriptiva, cantidadbeneficiarios, presupuestooficial, fechapresupuestooficial, idtipoobra, latitud, longitud, idestadoobra) values ('0022', 'SISTEMA DE IMPULSION TANQUES BARDA', 1, null, '3865-15745/07', null, null, 2440407.04, null, null, null, null, 7);
insert into obra (codigo, denominacion, idorganismo, creditopresupuestarioaprobado, expediente, memoriadescriptiva, cantidadbeneficiarios, presupuestooficial, fechapresupuestooficial, idtipoobra, latitud, longitud, idestadoobra) values ('0023', 'REPOSICION DE PAVIMENTOS Y VEREDAS', 1, null, '4865-5973/10', null, null, 795326.4, null, null, null, null, 8);
insert into obra (codigo, denominacion, idorganismo, creditopresupuestarioaprobado, expediente, memoriadescriptiva, cantidadbeneficiarios, presupuestooficial, fechapresupuestooficial, idtipoobra, latitud, longitud, idestadoobra) values ('0024', 'REPARACION Y CONSERVACION DE REDES DE AGUA Y CLOACAS - ETAPA I - 2011', 1, null, '4865-9450/10', null, null, 1076581.68, null, null, null, null, 8);
insert into obra (codigo, denominacion, idorganismo, creditopresupuestarioaprobado, expediente, memoriadescriptiva, cantidadbeneficiarios, presupuestooficial, fechapresupuestooficial, idtipoobra, latitud, longitud, idestadoobra) values ('0025', 'PROVISIÓN DE AGUA POTABLE MZA. 50 BARRIO TOMA NORTE II', 1, null, '4865-14354/11', null, null, 40438.5, null, null, null, null, 8);
insert into obra (codigo, denominacion, idorganismo, creditopresupuestarioaprobado, expediente, memoriadescriptiva, cantidadbeneficiarios, presupuestooficial, fechapresupuestooficial, idtipoobra, latitud, longitud, idestadoobra) values ('0026', 'REPOSICION DE PAVIMENTOS Y VEREDAS', 1, null, '5902-1613/12', null, null, 998847.68, null, null, null, null, 8);
insert into obra (codigo, denominacion, idorganismo, creditopresupuestarioaprobado, expediente, memoriadescriptiva, cantidadbeneficiarios, presupuestooficial, fechapresupuestooficial, idtipoobra, latitud, longitud, idestadoobra) values ('0027', 'EMISARIO SUBFLUVIAL PLANTA TRONADOR', 1, null, '5902-195/12', null, null, 1837317.1, null, null, null, null, 8);
insert into obra (codigo, denominacion, idorganismo, creditopresupuestarioaprobado, expediente, memoriadescriptiva, cantidadbeneficiarios, presupuestooficial, fechapresupuestooficial, idtipoobra, latitud, longitud, idestadoobra) values ('0028', 'PROVISIÓN DE AGUA POTABLE TOMA 2 DE MAYO', 1, null, '5902-2250/12', null, null, 70887.45, null, null, null, null, 8);
insert into obra (codigo, denominacion, idorganismo, creditopresupuestarioaprobado, expediente, memoriadescriptiva, cantidadbeneficiarios, presupuestooficial, fechapresupuestooficial, idtipoobra, latitud, longitud, idestadoobra) values ('0029', 'RECAMBIO RED CLOACAL CALLE DOMINGO SAVIO - PIN ESTE', 1, null, '4865-7392/10', null, null, 148995.46, null, null, null, null, 8);
insert into obra (codigo, denominacion, idorganismo, creditopresupuestarioaprobado, expediente, memoriadescriptiva, cantidadbeneficiarios, presupuestooficial, fechapresupuestooficial, idtipoobra, latitud, longitud, idestadoobra) values ('0030', 'CONSERVACIÓN Y MANTENIMIENTO DE COLECTORAS MÁXIMAS - ETAPA II/2012', 1, null, '4865-12254/11', null, null, 687555, null, null, null, null, 8);
insert into obra (codigo, denominacion, idorganismo, creditopresupuestarioaprobado, expediente, memoriadescriptiva, cantidadbeneficiarios, presupuestooficial, fechapresupuestooficial, idtipoobra, latitud, longitud, idestadoobra) values ('0031', 'REPARACIONES DE ROTURAS Y CONEXIONES DOMICILIARIAS EN REDES Y SERVICIOS DE AGUA POTABLE - NOVIEMBRE/DICIEMBRE 2012', 1, null, '5902-3846/12', null, null, 422607.8, null, null, null, null, 8);
insert into obra (codigo, denominacion, idorganismo, creditopresupuestarioaprobado, expediente, memoriadescriptiva, cantidadbeneficiarios, presupuestooficial, fechapresupuestooficial, idtipoobra, latitud, longitud, idestadoobra) values ('0032', 'REPARACIÓN Y CONSERVACIÓN DE EQUIPAMIENTO DE PLANTA TRONADOR, PLANTA PIN Y ESTACIONES DE BOMBEO CLOACALES', 1, null, '5902-3176/12', null, null, 994000, null, null, null, null, 8);
insert into obra (codigo, denominacion, idorganismo, creditopresupuestarioaprobado, expediente, memoriadescriptiva, cantidadbeneficiarios, presupuestooficial, fechapresupuestooficial, idtipoobra, latitud, longitud, idestadoobra) values ('0033', 'REPARACIÓN Y CONSERVACIÓN DE EQUIPAMIENTO DE PLANTA TRONADOR, PLANTA PIN Y ESTACIONES DE BOMBEO CLOACALES', 1, null, '5902-4549/13', null, null, 945000, null, null, null, null, 8);
insert into obra (codigo, denominacion, idorganismo, creditopresupuestarioaprobado, expediente, memoriadescriptiva, cantidadbeneficiarios, presupuestooficial, fechapresupuestooficial, idtipoobra, latitud, longitud, idestadoobra) values ('0034', 'ACUEDUCTO PUNTA BARDITA - ETAPA I', 1, null, '4865-13055/11', null, null, 1963545.56, null, null, null, null, 8);
insert into obra (codigo, denominacion, idorganismo, creditopresupuestarioaprobado, expediente, memoriadescriptiva, cantidadbeneficiarios, presupuestooficial, fechapresupuestooficial, idtipoobra, latitud, longitud, idestadoobra) values ('0035', 'COLECTOR DE DRENAJE ENTUBADO', 1, null, '4865-12347/11', null, null, 2476818.25, null, null, null, null, 8);
insert into obra (codigo, denominacion, idorganismo, creditopresupuestarioaprobado, expediente, memoriadescriptiva, cantidadbeneficiarios, presupuestooficial, fechapresupuestooficial, idtipoobra, latitud, longitud, idestadoobra) values ('0036', 'REHABILIZACION DE LA PLANTA POTABILIZADORA MODULAR', 1, null, '4865-13052/11', null, null, 1782237.4, null, null, null, null, 8);
insert into obra (codigo, denominacion, idorganismo, creditopresupuestarioaprobado, expediente, memoriadescriptiva, cantidadbeneficiarios, presupuestooficial, fechapresupuestooficial, idtipoobra, latitud, longitud, idestadoobra) values ('0037', 'REMODELACION DEL SISTEMA DE AGUA POTABLE COMUNIDAD CURRUHUINCA - ETAPA I', 1, null, '4865-11901/11', null, null, 1618739.06, null, null, null, null, 8);
insert into obra (codigo, denominacion, idorganismo, creditopresupuestarioaprobado, expediente, memoriadescriptiva, cantidadbeneficiarios, presupuestooficial, fechapresupuestooficial, idtipoobra, latitud, longitud, idestadoobra) values ('0038', 'REFUERZO SISTEMA DE AGUA POTABLE NUEVOS LOTES Y REFACCION OFICINAS', 1, null, '4865-8697/10', null, null, 334716.99, null, null, null, null, 8);
insert into obra (codigo, denominacion, idorganismo, creditopresupuestarioaprobado, expediente, memoriadescriptiva, cantidadbeneficiarios, presupuestooficial, fechapresupuestooficial, idtipoobra, latitud, longitud, idestadoobra) values ('0039', 'REPARACION Y MANTENIMIENTO INTEGRAL DE LA PLANTA DE LIQUIDOS CLOACALES', 1, null, '4865-12467/11', null, null, 288090, null, null, null, null, 8);
insert into obra (codigo, denominacion, idorganismo, creditopresupuestarioaprobado, expediente, memoriadescriptiva, cantidadbeneficiarios, presupuestooficial, fechapresupuestooficial, idtipoobra, latitud, longitud, idestadoobra) values ('0040', 'EJECUCIÓN DE RESERVA DE AGUA - PARQUE INDUSTRIAL MINERO', 1, null, '5902-1239/12', null, null, 965758.85, null, null, null, null, 8);
insert into obra (codigo, denominacion, idorganismo, creditopresupuestarioaprobado, expediente, memoriadescriptiva, cantidadbeneficiarios, presupuestooficial, fechapresupuestooficial, idtipoobra, latitud, longitud, idestadoobra) values ('0041', 'REPARACIÓN, CONSERVACION Y OPERACIÓN DEL SISTEMA DE AGUA POTABLE DE LAS COMUNIDADES PAYNEMIL-KAXIPAYÑ', 1, null, '5902-4797/13', null, null, 585058.53, null, null, null, null, 8);
insert into obra (codigo, denominacion, idorganismo, creditopresupuestarioaprobado, expediente, memoriadescriptiva, cantidadbeneficiarios, presupuestooficial, fechapresupuestooficial, idtipoobra, latitud, longitud, idestadoobra) values ('0042', 'REPARACIÓN, CONSERVACION Y OPERACIÓN DEL SISTEMA DE AGUA POTABLE DE LAS COMUNIDADES PAYNEMIL-KAXIPAYÑ', 1, null, '5902-3954/12', null, null, 1560156.08, null, null, null, null, 6);
insert into obra (codigo, denominacion, idorganismo, creditopresupuestarioaprobado, expediente, memoriadescriptiva, cantidadbeneficiarios, presupuestooficial, fechapresupuestooficial, idtipoobra, latitud, longitud, idestadoobra) values ('0043', 'REPARACION DE ROTURAS Y CONEXIONES DOMICILIARIAS EN REDES Y SERVICIOS DE AGUA POTABLE', 1, null, '5902-4375/12', null, null, 870323.1, null, null, null, null, 6);
insert into obra (codigo, denominacion, idorganismo, creditopresupuestarioaprobado, expediente, memoriadescriptiva, cantidadbeneficiarios, presupuestooficial, fechapresupuestooficial, idtipoobra, latitud, longitud, idestadoobra) values ('0044', 'CONSERVACION Y MANTENIMIENTO DE COLECTORAS MÁXIMAS.', 1, null, '5902-4852/13', null, null, 687555, null, null, null, null, 8);
insert into obra (codigo, denominacion, idorganismo, creditopresupuestarioaprobado, expediente, memoriadescriptiva, cantidadbeneficiarios, presupuestooficial, fechapresupuestooficial, idtipoobra, latitud, longitud, idestadoobra) values ('0045', 'REPARACIÓN Y CONSERVACIÓN DE EQUIPAMIENTO DE PLANTA TRONADOR, PLANTA PIN Y ESTACIONES DE BOMBEO CLOACALES', 1, null, '5902-005402/13', null, null, 630000, null, null, null, null, 8);
insert into obra (codigo, denominacion, idorganismo, creditopresupuestarioaprobado, expediente, memoriadescriptiva, cantidadbeneficiarios, presupuestooficial, fechapresupuestooficial, idtipoobra, latitud, longitud, idestadoobra) values ('0046', 'LIMPIEZA Y REFACCIÓN DE COLECTORAS MÁXIMAS - ETAPA I/2013', 1, null, '5902-4376/12', null, null, 2766327.79, null, null, null, null, 6);
insert into obra (codigo, denominacion, idorganismo, creditopresupuestarioaprobado, expediente, memoriadescriptiva, cantidadbeneficiarios, presupuestooficial, fechapresupuestooficial, idtipoobra, latitud, longitud, idestadoobra) values ('0047', 'PROVISION DE AGUA PÓTABLE PARA OBRA LOTE DEFENSA CIVIL', 1, null, '5902-2251/12', null, null, 162489.6, null, null, null, null, 6);
insert into obra (codigo, denominacion, idorganismo, creditopresupuestarioaprobado, expediente, memoriadescriptiva, cantidadbeneficiarios, presupuestooficial, fechapresupuestooficial, idtipoobra, latitud, longitud, idestadoobra) values ('0048', 'TRABAJOS COMPLEMENTARIOS DE LA OBRA: CONSERVACION Y MANTENIMIENTO DE COLECTORAS MÁXIMAS', 1, null, '5902-5760/13', null, null, null, null, null, null, null, 8);
insert into obra (codigo, denominacion, idorganismo, creditopresupuestarioaprobado, expediente, memoriadescriptiva, cantidadbeneficiarios, presupuestooficial, fechapresupuestooficial, idtipoobra, latitud, longitud, idestadoobra) values ('0049', 'READECUACIÓN DESCARGA SUR DE AGUA LAVADO DE FILTROS EN PLANTA POTABILIZADORA MARI MENUCO ', 1, null, '5902-3984/12', null, null, 995379.3, null, null, null, null, 6);
insert into obra (codigo, denominacion, idorganismo, creditopresupuestarioaprobado, expediente, memoriadescriptiva, cantidadbeneficiarios, presupuestooficial, fechapresupuestooficial, idtipoobra, latitud, longitud, idestadoobra) values ('0050', 'REPARACIONES EN REDES Y SERVICIOS DE AGUA POTABLE - SECTOR O2', 1, null, '5902-6345/13', null, null, 1500000, null, null, null, null, 6);
insert into obra (codigo, denominacion, idorganismo, creditopresupuestarioaprobado, expediente, memoriadescriptiva, cantidadbeneficiarios, presupuestooficial, fechapresupuestooficial, idtipoobra, latitud, longitud, idestadoobra) values ('0051', 'REPARACIONES EN REDES Y SERVICIOS DE AGUA POTABLE - SECTOR E2', 1, null, '5902-6347/13', null, null, 1500000, null, null, null, null, 6);
insert into obra (codigo, denominacion, idorganismo, creditopresupuestarioaprobado, expediente, memoriadescriptiva, cantidadbeneficiarios, presupuestooficial, fechapresupuestooficial, idtipoobra, latitud, longitud, idestadoobra) values ('0052', 'REPARACIONES EN REDES Y SERVICIOS DE AGUA POTABLE - SECTOR O1', 1, null, '5902-6346/13', null, null, 1500000, null, null, null, null, 6);
insert into obra (codigo, denominacion, idorganismo, creditopresupuestarioaprobado, expediente, memoriadescriptiva, cantidadbeneficiarios, presupuestooficial, fechapresupuestooficial, idtipoobra, latitud, longitud, idestadoobra) values ('0053', 'OPERACIÓN Y MANTENIMIENTO DE INSTALACIONES Y EQUIPOS PARA PLANTA TRONADOR, PLANTA PIN Y ESTACIONES DE BOMBEO DE EFLUENTES CLOACALES', 1, null, '5902-6593/13', null, null, 668343.63, null, null, null, null, 6);
insert into obra (codigo, denominacion, idorganismo, creditopresupuestarioaprobado, expediente, memoriadescriptiva, cantidadbeneficiarios, presupuestooficial, fechapresupuestooficial, idtipoobra, latitud, longitud, idestadoobra) values ('0054', 'REPARACIONES EN REDES Y SERVICIOS DE AGUA POTABLE - SECTOR E1', 1, null, '5902-6348/13', null, null, 1500000, null, null, null, null, 6);
insert into obra (codigo, denominacion, idorganismo, creditopresupuestarioaprobado, expediente, memoriadescriptiva, cantidadbeneficiarios, presupuestooficial, fechapresupuestooficial, idtipoobra, latitud, longitud, idestadoobra) values ('0055', 'OPERACIÓN Y MANTENIMIENTO DE INSTALACIONES Y EQUIPOS PARA PLANTA TRONADOR, PLANTA PIN Y ESTACIONES DE BOMBEO DE EFLUENTES CLOACALES - ETAPA I/2013', 1, null, '5902-5911/13', null, null, 964480, null, null, null, null, 8);

insert into obraestado(idobra, idestadoobra, fecha) values ((select IdObra from obra where codigo='0001' and idorganismo=1), 8, current_date);
insert into obraestado(idobra, idestadoobra, fecha) values ((select IdObra from obra where codigo='0002' and idorganismo=1), 8, current_date);
insert into obraestado(idobra, idestadoobra, fecha) values ((select IdObra from obra where codigo='0003' and idorganismo=1), 7, current_date);
insert into obraestado(idobra, idestadoobra, fecha) values ((select IdObra from obra where codigo='0004' and idorganismo=1), 8, current_date);
insert into obraestado(idobra, idestadoobra, fecha) values ((select IdObra from obra where codigo='0005' and idorganismo=1), 8, current_date);
insert into obraestado(idobra, idestadoobra, fecha) values ((select IdObra from obra where codigo='0006' and idorganismo=1), 8, current_date);
insert into obraestado(idobra, idestadoobra, fecha) values ((select IdObra from obra where codigo='0007' and idorganismo=1), 7, current_date);
insert into obraestado(idobra, idestadoobra, fecha) values ((select IdObra from obra where codigo='0008' and idorganismo=1), 8, current_date);
insert into obraestado(idobra, idestadoobra, fecha) values ((select IdObra from obra where codigo='0009' and idorganismo=1), 13, current_date);
insert into obraestado(idobra, idestadoobra, fecha) values ((select IdObra from obra where codigo='0010' and idorganismo=1), 8, current_date);
insert into obraestado(idobra, idestadoobra, fecha) values ((select IdObra from obra where codigo='0011' and idorganismo=1), 5, current_date);
insert into obraestado(idobra, idestadoobra, fecha) values ((select IdObra from obra where codigo='0012' and idorganismo=1), 7, current_date);
insert into obraestado(idobra, idestadoobra, fecha) values ((select IdObra from obra where codigo='0013' and idorganismo=1), 8, current_date);
insert into obraestado(idobra, idestadoobra, fecha) values ((select IdObra from obra where codigo='0014' and idorganismo=1), 13, current_date);
insert into obraestado(idobra, idestadoobra, fecha) values ((select IdObra from obra where codigo='0015' and idorganismo=1), 6, current_date);
insert into obraestado(idobra, idestadoobra, fecha) values ((select IdObra from obra where codigo='0016' and idorganismo=1), 6, current_date);
insert into obraestado(idobra, idestadoobra, fecha) values ((select IdObra from obra where codigo='0017' and idorganismo=1), 13, current_date);
insert into obraestado(idobra, idestadoobra, fecha) values ((select IdObra from obra where codigo='0018' and idorganismo=1), 13, current_date);
insert into obraestado(idobra, idestadoobra, fecha) values ((select IdObra from obra where codigo='0019' and idorganismo=1), 6, current_date);
insert into obraestado(idobra, idestadoobra, fecha) values ((select IdObra from obra where codigo='0020' and idorganismo=1), 8, current_date);
insert into obraestado(idobra, idestadoobra, fecha) values ((select IdObra from obra where codigo='0021' and idorganismo=1), 7, current_date);
insert into obraestado(idobra, idestadoobra, fecha) values ((select IdObra from obra where codigo='0022' and idorganismo=1), 7, current_date);
insert into obraestado(idobra, idestadoobra, fecha) values ((select IdObra from obra where codigo='0023' and idorganismo=1), 8, current_date);
insert into obraestado(idobra, idestadoobra, fecha) values ((select IdObra from obra where codigo='0024' and idorganismo=1), 8, current_date);
insert into obraestado(idobra, idestadoobra, fecha) values ((select IdObra from obra where codigo='0025' and idorganismo=1), 8, current_date);
insert into obraestado(idobra, idestadoobra, fecha) values ((select IdObra from obra where codigo='0026' and idorganismo=1), 8, current_date);
insert into obraestado(idobra, idestadoobra, fecha) values ((select IdObra from obra where codigo='0027' and idorganismo=1), 8, current_date);
insert into obraestado(idobra, idestadoobra, fecha) values ((select IdObra from obra where codigo='0028' and idorganismo=1), 8, current_date);
insert into obraestado(idobra, idestadoobra, fecha) values ((select IdObra from obra where codigo='0029' and idorganismo=1), 8, current_date);
insert into obraestado(idobra, idestadoobra, fecha) values ((select IdObra from obra where codigo='0030' and idorganismo=1), 8, current_date);
insert into obraestado(idobra, idestadoobra, fecha) values ((select IdObra from obra where codigo='0031' and idorganismo=1), 8, current_date);
insert into obraestado(idobra, idestadoobra, fecha) values ((select IdObra from obra where codigo='0032' and idorganismo=1), 8, current_date);
insert into obraestado(idobra, idestadoobra, fecha) values ((select IdObra from obra where codigo='0033' and idorganismo=1), 8, current_date);
insert into obraestado(idobra, idestadoobra, fecha) values ((select IdObra from obra where codigo='0034' and idorganismo=1), 8, current_date);
insert into obraestado(idobra, idestadoobra, fecha) values ((select IdObra from obra where codigo='0035' and idorganismo=1), 8, current_date);
insert into obraestado(idobra, idestadoobra, fecha) values ((select IdObra from obra where codigo='0036' and idorganismo=1), 8, current_date);
insert into obraestado(idobra, idestadoobra, fecha) values ((select IdObra from obra where codigo='0037' and idorganismo=1), 8, current_date);
insert into obraestado(idobra, idestadoobra, fecha) values ((select IdObra from obra where codigo='0038' and idorganismo=1), 8, current_date);
insert into obraestado(idobra, idestadoobra, fecha) values ((select IdObra from obra where codigo='0039' and idorganismo=1), 8, current_date);
insert into obraestado(idobra, idestadoobra, fecha) values ((select IdObra from obra where codigo='0040' and idorganismo=1), 8, current_date);
insert into obraestado(idobra, idestadoobra, fecha) values ((select IdObra from obra where codigo='0041' and idorganismo=1), 8, current_date);
insert into obraestado(idobra, idestadoobra, fecha) values ((select IdObra from obra where codigo='0042' and idorganismo=1), 6, current_date);
insert into obraestado(idobra, idestadoobra, fecha) values ((select IdObra from obra where codigo='0043' and idorganismo=1), 6, current_date);
insert into obraestado(idobra, idestadoobra, fecha) values ((select IdObra from obra where codigo='0044' and idorganismo=1), 8, current_date);
insert into obraestado(idobra, idestadoobra, fecha) values ((select IdObra from obra where codigo='0045' and idorganismo=1), 8, current_date);
insert into obraestado(idobra, idestadoobra, fecha) values ((select IdObra from obra where codigo='0046' and idorganismo=1), 6, current_date);
insert into obraestado(idobra, idestadoobra, fecha) values ((select IdObra from obra where codigo='0047' and idorganismo=1), 6, current_date);
insert into obraestado(idobra, idestadoobra, fecha) values ((select IdObra from obra where codigo='0048' and idorganismo=1), 8, current_date);
insert into obraestado(idobra, idestadoobra, fecha) values ((select IdObra from obra where codigo='0049' and idorganismo=1), 6, current_date);
insert into obraestado(idobra, idestadoobra, fecha) values ((select IdObra from obra where codigo='0050' and idorganismo=1), 6, current_date);
insert into obraestado(idobra, idestadoobra, fecha) values ((select IdObra from obra where codigo='0051' and idorganismo=1), 6, current_date);
insert into obraestado(idobra, idestadoobra, fecha) values ((select IdObra from obra where codigo='0052' and idorganismo=1), 6, current_date);
insert into obraestado(idobra, idestadoobra, fecha) values ((select IdObra from obra where codigo='0053' and idorganismo=1), 6, current_date);
insert into obraestado(idobra, idestadoobra, fecha) values ((select IdObra from obra where codigo='0054' and idorganismo=1), 6, current_date);
insert into obraestado(idobra, idestadoobra, fecha) values ((select IdObra from obra where codigo='0055' and idorganismo=1), 8, current_date);

insert into obralocalidad(idobra, idlocalidad) values ((select IdObra from obra where codigo='0001' and idorganismo=1), 9);
insert into obralocalidad(idobra, idlocalidad) values ((select IdObra from obra where codigo='0002' and idorganismo=1), 9);
insert into obralocalidad(idobra, idlocalidad) values ((select IdObra from obra where codigo='0003' and idorganismo=1), 10);
insert into obralocalidad(idobra, idlocalidad) values ((select IdObra from obra where codigo='0004' and idorganismo=1), 10);
insert into obralocalidad(idobra, idlocalidad) values ((select IdObra from obra where codigo='0005' and idorganismo=1), 62);
insert into obralocalidad(idobra, idlocalidad) values ((select IdObra from obra where codigo='0006' and idorganismo=1), 62);
insert into obralocalidad(idobra, idlocalidad) values ((select IdObra from obra where codigo='0007' and idorganismo=1), 64);
insert into obralocalidad(idobra, idlocalidad) values ((select IdObra from obra where codigo='0008' and idorganismo=1), 116);
insert into obralocalidad(idobra, idlocalidad) values ((select IdObra from obra where codigo='0009' and idorganismo=1), 169);
insert into obralocalidad(idobra, idlocalidad) values ((select IdObra from obra where codigo='0010' and idorganismo=1), 177);
insert into obralocalidad(idobra, idlocalidad) values ((select IdObra from obra where codigo='0011' and idorganismo=1), 177);
insert into obralocalidad(idobra, idlocalidad) values ((select IdObra from obra where codigo='0012' and idorganismo=1), 177);
insert into obralocalidad(idobra, idlocalidad) values ((select IdObra from obra where codigo='0013' and idorganismo=1), 244);
insert into obralocalidad(idobra, idlocalidad) values ((select IdObra from obra where codigo='0014' and idorganismo=1), 278);
insert into obralocalidad(idobra, idlocalidad) values ((select IdObra from obra where codigo='0015' and idorganismo=1), 292);
insert into obralocalidad(idobra, idlocalidad) values ((select IdObra from obra where codigo='0016' and idorganismo=1), 292);
insert into obralocalidad(idobra, idlocalidad) values ((select IdObra from obra where codigo='0017' and idorganismo=1), 292);
insert into obralocalidad(idobra, idlocalidad) values ((select IdObra from obra where codigo='0018' and idorganismo=1), 292);
insert into obralocalidad(idobra, idlocalidad) values ((select IdObra from obra where codigo='0019' and idorganismo=1), 292);
insert into obralocalidad(idobra, idlocalidad) values ((select IdObra from obra where codigo='0020' and idorganismo=1), 292);
insert into obralocalidad(idobra, idlocalidad) values ((select IdObra from obra where codigo='0021' and idorganismo=1), 292);
insert into obralocalidad(idobra, idlocalidad) values ((select IdObra from obra where codigo='0022' and idorganismo=1), 292);
insert into obralocalidad(idobra, idlocalidad) values ((select IdObra from obra where codigo='0023' and idorganismo=1), 292);
insert into obralocalidad(idobra, idlocalidad) values ((select IdObra from obra where codigo='0024' and idorganismo=1), 292);
insert into obralocalidad(idobra, idlocalidad) values ((select IdObra from obra where codigo='0025' and idorganismo=1), 292);
insert into obralocalidad(idobra, idlocalidad) values ((select IdObra from obra where codigo='0026' and idorganismo=1), 292);
insert into obralocalidad(idobra, idlocalidad) values ((select IdObra from obra where codigo='0027' and idorganismo=1), 292);
insert into obralocalidad(idobra, idlocalidad) values ((select IdObra from obra where codigo='0028' and idorganismo=1), 292);
insert into obralocalidad(idobra, idlocalidad) values ((select IdObra from obra where codigo='0029' and idorganismo=1), 292);
insert into obralocalidad(idobra, idlocalidad) values ((select IdObra from obra where codigo='0030' and idorganismo=1), 292);
insert into obralocalidad(idobra, idlocalidad) values ((select IdObra from obra where codigo='0031' and idorganismo=1), 292);
insert into obralocalidad(idobra, idlocalidad) values ((select IdObra from obra where codigo='0032' and idorganismo=1), 292);
insert into obralocalidad(idobra, idlocalidad) values ((select IdObra from obra where codigo='0033' and idorganismo=1), 292);
insert into obralocalidad(idobra, idlocalidad) values ((select IdObra from obra where codigo='0034' and idorganismo=1), 359);
insert into obralocalidad(idobra, idlocalidad) values ((select IdObra from obra where codigo='0035' and idorganismo=1), 368);
insert into obralocalidad(idobra, idlocalidad) values ((select IdObra from obra where codigo='0036' and idorganismo=1), 368);
insert into obralocalidad(idobra, idlocalidad) values ((select IdObra from obra where codigo='0037' and idorganismo=1), 381);
insert into obralocalidad(idobra, idlocalidad) values ((select IdObra from obra where codigo='0038' and idorganismo=1), 393);
insert into obralocalidad(idobra, idlocalidad) values ((select IdObra from obra where codigo='0039' and idorganismo=1), 411);
insert into obralocalidad(idobra, idlocalidad) values ((select IdObra from obra where codigo='0040' and idorganismo=1), 422);
insert into obralocalidad(idobra, idlocalidad) values ((select IdObra from obra where codigo='0041' and idorganismo=1), 241);
insert into obralocalidad(idobra, idlocalidad) values ((select IdObra from obra where codigo='0042' and idorganismo=1), 241);
insert into obralocalidad(idobra, idlocalidad) values ((select IdObra from obra where codigo='0043' and idorganismo=1), 292);
insert into obralocalidad(idobra, idlocalidad) values ((select IdObra from obra where codigo='0044' and idorganismo=1), 292);
insert into obralocalidad(idobra, idlocalidad) values ((select IdObra from obra where codigo='0045' and idorganismo=1), 292);
insert into obralocalidad(idobra, idlocalidad) values ((select IdObra from obra where codigo='0046' and idorganismo=1), 292);
insert into obralocalidad(idobra, idlocalidad) values ((select IdObra from obra where codigo='0047' and idorganismo=1), 292);
insert into obralocalidad(idobra, idlocalidad) values ((select IdObra from obra where codigo='0048' and idorganismo=1), 292);
insert into obralocalidad(idobra, idlocalidad) values ((select IdObra from obra where codigo='0049' and idorganismo=1), 292);
insert into obralocalidad(idobra, idlocalidad) values ((select IdObra from obra where codigo='0050' and idorganismo=1), 292);
insert into obralocalidad(idobra, idlocalidad) values ((select IdObra from obra where codigo='0051' and idorganismo=1), 292);
insert into obralocalidad(idobra, idlocalidad) values ((select IdObra from obra where codigo='0052' and idorganismo=1), 292);
insert into obralocalidad(idobra, idlocalidad) values ((select IdObra from obra where codigo='0053' and idorganismo=1), 292);
insert into obralocalidad(idobra, idlocalidad) values ((select IdObra from obra where codigo='0054' and idorganismo=1), 292);
insert into obralocalidad(idobra, idlocalidad) values ((select IdObra from obra where codigo='0055' and idorganismo=1), 292);

insert into fuentefinanciamiento (codigofufi, descripcion) select * from (select '5381', 'FUFI SIN DESCRIPCION') as tmp where not exists(select * from fuentefinanciamiento where codigofufi='5381') limit 1;
insert into fuentefinanciamiento (codigofufi, descripcion) select * from (select '6120', 'FUFI SIN DESCRIPCION') as tmp where not exists(select * from fuentefinanciamiento where codigofufi='6120') limit 1;
insert into fuentefinanciamiento (codigofufi, descripcion) select * from (select '6120', 'FUFI SIN DESCRIPCION') as tmp where not exists(select * from fuentefinanciamiento where codigofufi='6120') limit 1;
insert into fuentefinanciamiento (codigofufi, descripcion) select * from (select '4373', 'FUFI SIN DESCRIPCION') as tmp where not exists(select * from fuentefinanciamiento where codigofufi='4373') limit 1;
insert into fuentefinanciamiento (codigofufi, descripcion) select * from (select '4373', 'FUFI SIN DESCRIPCION') as tmp where not exists(select * from fuentefinanciamiento where codigofufi='4373') limit 1;
insert into fuentefinanciamiento (codigofufi, descripcion) select * from (select '3615', 'FUFI SIN DESCRIPCION') as tmp where not exists(select * from fuentefinanciamiento where codigofufi='3615') limit 1;
insert into fuentefinanciamiento (codigofufi, descripcion) select * from (select 'UPEF', 'FUFI SIN DESCRIPCION') as tmp where not exists(select * from fuentefinanciamiento where codigofufi='UPEF') limit 1;
insert into fuentefinanciamiento (codigofufi, descripcion) select * from (select '4373', 'FUFI SIN DESCRIPCION') as tmp where not exists(select * from fuentefinanciamiento where codigofufi='4373') limit 1;
insert into fuentefinanciamiento (codigofufi, descripcion) select * from (select '4373', 'FUFI SIN DESCRIPCION') as tmp where not exists(select * from fuentefinanciamiento where codigofufi='4373') limit 1;
insert into fuentefinanciamiento (codigofufi, descripcion) select * from (select '5381', 'FUFI SIN DESCRIPCION') as tmp where not exists(select * from fuentefinanciamiento where codigofufi='5381') limit 1;
insert into fuentefinanciamiento (codigofufi, descripcion) select * from (select '4373', 'FUFI SIN DESCRIPCION') as tmp where not exists(select * from fuentefinanciamiento where codigofufi='4373') limit 1;
insert into fuentefinanciamiento (codigofufi, descripcion) select * from (select '5454', 'FUFI SIN DESCRIPCION') as tmp where not exists(select * from fuentefinanciamiento where codigofufi='5454') limit 1;
insert into fuentefinanciamiento (codigofufi, descripcion) select * from (select '6120', 'FUFI SIN DESCRIPCION') as tmp where not exists(select * from fuentefinanciamiento where codigofufi='6120') limit 1;
insert into fuentefinanciamiento (codigofufi, descripcion) select * from (select '4373', 'FUFI SIN DESCRIPCION') as tmp where not exists(select * from fuentefinanciamiento where codigofufi='4373') limit 1;
insert into fuentefinanciamiento (codigofufi, descripcion) select * from (select 'UPEF', 'FUFI SIN DESCRIPCION') as tmp where not exists(select * from fuentefinanciamiento where codigofufi='UPEF') limit 1;
insert into fuentefinanciamiento (codigofufi, descripcion) select * from (select '4373', 'FUFI SIN DESCRIPCION') as tmp where not exists(select * from fuentefinanciamiento where codigofufi='4373') limit 1;
insert into fuentefinanciamiento (codigofufi, descripcion) select * from (select '4373', 'FUFI SIN DESCRIPCION') as tmp where not exists(select * from fuentefinanciamiento where codigofufi='4373') limit 1;
insert into fuentefinanciamiento (codigofufi, descripcion) select * from (select '4373', 'FUFI SIN DESCRIPCION') as tmp where not exists(select * from fuentefinanciamiento where codigofufi='4373') limit 1;
insert into fuentefinanciamiento (codigofufi, descripcion) select * from (select '3615', 'FUFI SIN DESCRIPCION') as tmp where not exists(select * from fuentefinanciamiento where codigofufi='3615') limit 1;
insert into fuentefinanciamiento (codigofufi, descripcion) select * from (select '5456', 'FUFI SIN DESCRIPCION') as tmp where not exists(select * from fuentefinanciamiento where codigofufi='5456') limit 1;
insert into fuentefinanciamiento (codigofufi, descripcion) select * from (select '5456', 'FUFI SIN DESCRIPCION') as tmp where not exists(select * from fuentefinanciamiento where codigofufi='5456') limit 1;
insert into fuentefinanciamiento (codigofufi, descripcion) select * from (select '3615', 'FUFI SIN DESCRIPCION') as tmp where not exists(select * from fuentefinanciamiento where codigofufi='3615') limit 1;
insert into fuentefinanciamiento (codigofufi, descripcion) select * from (select '1111', 'FUFI SIN DESCRIPCION') as tmp where not exists(select * from fuentefinanciamiento where codigofufi='1111') limit 1;
insert into fuentefinanciamiento (codigofufi, descripcion) select * from (select '5456', 'FUFI SIN DESCRIPCION') as tmp where not exists(select * from fuentefinanciamiento where codigofufi='5456') limit 1;
insert into fuentefinanciamiento (codigofufi, descripcion) select * from (select '4373', 'FUFI SIN DESCRIPCION') as tmp where not exists(select * from fuentefinanciamiento where codigofufi='4373') limit 1;
insert into fuentefinanciamiento (codigofufi, descripcion) select * from (select '3615', 'FUFI SIN DESCRIPCION') as tmp where not exists(select * from fuentefinanciamiento where codigofufi='3615') limit 1;
insert into fuentefinanciamiento (codigofufi, descripcion) select * from (select '4373', 'FUFI SIN DESCRIPCION') as tmp where not exists(select * from fuentefinanciamiento where codigofufi='4373') limit 1;
insert into fuentefinanciamiento (codigofufi, descripcion) select * from (select '4373', 'FUFI SIN DESCRIPCION') as tmp where not exists(select * from fuentefinanciamiento where codigofufi='4373') limit 1;
insert into fuentefinanciamiento (codigofufi, descripcion) select * from (select '4373', 'FUFI SIN DESCRIPCION') as tmp where not exists(select * from fuentefinanciamiento where codigofufi='4373') limit 1;
insert into fuentefinanciamiento (codigofufi, descripcion) select * from (select '5456', 'FUFI SIN DESCRIPCION') as tmp where not exists(select * from fuentefinanciamiento where codigofufi='5456') limit 1;
insert into fuentefinanciamiento (codigofufi, descripcion) select * from (select '5456', 'FUFI SIN DESCRIPCION') as tmp where not exists(select * from fuentefinanciamiento where codigofufi='5456') limit 1;
insert into fuentefinanciamiento (codigofufi, descripcion) select * from (select '5456', 'FUFI SIN DESCRIPCION') as tmp where not exists(select * from fuentefinanciamiento where codigofufi='5456') limit 1;
insert into fuentefinanciamiento (codigofufi, descripcion) select * from (select '5456', 'FUFI SIN DESCRIPCION') as tmp where not exists(select * from fuentefinanciamiento where codigofufi='5456') limit 1;
insert into fuentefinanciamiento (codigofufi, descripcion) select * from (select '5381', 'FUFI SIN DESCRIPCION') as tmp where not exists(select * from fuentefinanciamiento where codigofufi='5381') limit 1;
insert into fuentefinanciamiento (codigofufi, descripcion) select * from (select '3615', 'FUFI SIN DESCRIPCION') as tmp where not exists(select * from fuentefinanciamiento where codigofufi='3615') limit 1;
insert into fuentefinanciamiento (codigofufi, descripcion) select * from (select '5381', 'FUFI SIN DESCRIPCION') as tmp where not exists(select * from fuentefinanciamiento where codigofufi='5381') limit 1;
insert into fuentefinanciamiento (codigofufi, descripcion) select * from (select '6120', 'FUFI SIN DESCRIPCION') as tmp where not exists(select * from fuentefinanciamiento where codigofufi='6120') limit 1;
insert into fuentefinanciamiento (codigofufi, descripcion) select * from (select '4373', 'FUFI SIN DESCRIPCION') as tmp where not exists(select * from fuentefinanciamiento where codigofufi='4373') limit 1;
insert into fuentefinanciamiento (codigofufi, descripcion) select * from (select '4373', 'FUFI SIN DESCRIPCION') as tmp where not exists(select * from fuentefinanciamiento where codigofufi='4373') limit 1;
insert into fuentefinanciamiento (codigofufi, descripcion) select * from (select '3615', 'FUFI SIN DESCRIPCION') as tmp where not exists(select * from fuentefinanciamiento where codigofufi='3615') limit 1;
insert into fuentefinanciamiento (codigofufi, descripcion) select * from (select '5456', 'FUFI SIN DESCRIPCION') as tmp where not exists(select * from fuentefinanciamiento where codigofufi='5456') limit 1;
insert into fuentefinanciamiento (codigofufi, descripcion) select * from (select '5456', 'FUFI SIN DESCRIPCION') as tmp where not exists(select * from fuentefinanciamiento where codigofufi='5456') limit 1;
insert into fuentefinanciamiento (codigofufi, descripcion) select * from (select '5456', 'FUFI SIN DESCRIPCION') as tmp where not exists(select * from fuentefinanciamiento where codigofufi='5456') limit 1;
insert into fuentefinanciamiento (codigofufi, descripcion) select * from (select '5456', 'FUFI SIN DESCRIPCION') as tmp where not exists(select * from fuentefinanciamiento where codigofufi='5456') limit 1;
insert into fuentefinanciamiento (codigofufi, descripcion) select * from (select '5456', 'FUFI SIN DESCRIPCION') as tmp where not exists(select * from fuentefinanciamiento where codigofufi='5456') limit 1;
insert into fuentefinanciamiento (codigofufi, descripcion) select * from (select '3484', 'FUFI SIN DESCRIPCION') as tmp where not exists(select * from fuentefinanciamiento where codigofufi='3484') limit 1;
insert into fuentefinanciamiento (codigofufi, descripcion) select * from (select '5456', 'FUFI SIN DESCRIPCION') as tmp where not exists(select * from fuentefinanciamiento where codigofufi='5456') limit 1;
insert into fuentefinanciamiento (codigofufi, descripcion) select * from (select '4373', 'FUFI SIN DESCRIPCION') as tmp where not exists(select * from fuentefinanciamiento where codigofufi='4373') limit 1;
insert into fuentefinanciamiento (codigofufi, descripcion) select * from (select '1111', 'FUFI SIN DESCRIPCION') as tmp where not exists(select * from fuentefinanciamiento where codigofufi='1111') limit 1;
insert into fuentefinanciamiento (codigofufi, descripcion) select * from (select '1111', 'FUFI SIN DESCRIPCION') as tmp where not exists(select * from fuentefinanciamiento where codigofufi='1111') limit 1;
insert into fuentefinanciamiento (codigofufi, descripcion) select * from (select '1111', 'FUFI SIN DESCRIPCION') as tmp where not exists(select * from fuentefinanciamiento where codigofufi='1111') limit 1;
insert into fuentefinanciamiento (codigofufi, descripcion) select * from (select '5456', 'FUFI SIN DESCRIPCION') as tmp where not exists(select * from fuentefinanciamiento where codigofufi='5456') limit 1;
insert into fuentefinanciamiento (codigofufi, descripcion) select * from (select '1111', 'FUFI SIN DESCRIPCION') as tmp where not exists(select * from fuentefinanciamiento where codigofufi='1111') limit 1;
insert into fuentefinanciamiento (codigofufi, descripcion) select * from (select '5456', 'FUFI SIN DESCRIPCION') as tmp where not exists(select * from fuentefinanciamiento where codigofufi='5456') limit 1;

insert into obrafuentefinanciamiento(idobra, idfuentefinanciamiento) values ( (select IdObra from obra where codigo='0001' and idorganismo=1), (select IdFuenteFinanciamiento from fuentefinanciamiento where CodigoFufi='5381'));
insert into obrafuentefinanciamiento(idobra, idfuentefinanciamiento) values ( (select IdObra from obra where codigo='0002' and idorganismo=1), (select IdFuenteFinanciamiento from fuentefinanciamiento where CodigoFufi='6120'));
insert into obrafuentefinanciamiento(idobra, idfuentefinanciamiento) values ( (select IdObra from obra where codigo='0003' and idorganismo=1), (select IdFuenteFinanciamiento from fuentefinanciamiento where CodigoFufi='6120'));
insert into obrafuentefinanciamiento(idobra, idfuentefinanciamiento) values ( (select IdObra from obra where codigo='0004' and idorganismo=1), (select IdFuenteFinanciamiento from fuentefinanciamiento where CodigoFufi='4373'));
insert into obrafuentefinanciamiento(idobra, idfuentefinanciamiento) values ( (select IdObra from obra where codigo='0005' and idorganismo=1), (select IdFuenteFinanciamiento from fuentefinanciamiento where CodigoFufi='4373'));
insert into obrafuentefinanciamiento(idobra, idfuentefinanciamiento) values ( (select IdObra from obra where codigo='0006' and idorganismo=1), (select IdFuenteFinanciamiento from fuentefinanciamiento where CodigoFufi='3615'));
insert into obrafuentefinanciamiento(idobra, idfuentefinanciamiento) values ( (select IdObra from obra where codigo='0007' and idorganismo=1), (select IdFuenteFinanciamiento from fuentefinanciamiento where CodigoFufi='UPEF'));
insert into obrafuentefinanciamiento(idobra, idfuentefinanciamiento) values ( (select IdObra from obra where codigo='0008' and idorganismo=1), (select IdFuenteFinanciamiento from fuentefinanciamiento where CodigoFufi='4373'));
insert into obrafuentefinanciamiento(idobra, idfuentefinanciamiento) values ( (select IdObra from obra where codigo='0009' and idorganismo=1), (select IdFuenteFinanciamiento from fuentefinanciamiento where CodigoFufi='4373'));
insert into obrafuentefinanciamiento(idobra, idfuentefinanciamiento) values ( (select IdObra from obra where codigo='0010' and idorganismo=1), (select IdFuenteFinanciamiento from fuentefinanciamiento where CodigoFufi='5381'));
insert into obrafuentefinanciamiento(idobra, idfuentefinanciamiento) values ( (select IdObra from obra where codigo='0011' and idorganismo=1), (select IdFuenteFinanciamiento from fuentefinanciamiento where CodigoFufi='4373'));
insert into obrafuentefinanciamiento(idobra, idfuentefinanciamiento) values ( (select IdObra from obra where codigo='0012' and idorganismo=1), (select IdFuenteFinanciamiento from fuentefinanciamiento where CodigoFufi='5454'));
insert into obrafuentefinanciamiento(idobra, idfuentefinanciamiento) values ( (select IdObra from obra where codigo='0013' and idorganismo=1), (select IdFuenteFinanciamiento from fuentefinanciamiento where CodigoFufi='6120'));
insert into obrafuentefinanciamiento(idobra, idfuentefinanciamiento) values ( (select IdObra from obra where codigo='0014' and idorganismo=1), (select IdFuenteFinanciamiento from fuentefinanciamiento where CodigoFufi='4373'));
insert into obrafuentefinanciamiento(idobra, idfuentefinanciamiento) values ( (select IdObra from obra where codigo='0015' and idorganismo=1), (select IdFuenteFinanciamiento from fuentefinanciamiento where CodigoFufi='UPEF'));
insert into obrafuentefinanciamiento(idobra, idfuentefinanciamiento) values ( (select IdObra from obra where codigo='0016' and idorganismo=1), (select IdFuenteFinanciamiento from fuentefinanciamiento where CodigoFufi='4373'));
insert into obrafuentefinanciamiento(idobra, idfuentefinanciamiento) values ( (select IdObra from obra where codigo='0017' and idorganismo=1), (select IdFuenteFinanciamiento from fuentefinanciamiento where CodigoFufi='4373'));
insert into obrafuentefinanciamiento(idobra, idfuentefinanciamiento) values ( (select IdObra from obra where codigo='0018' and idorganismo=1), (select IdFuenteFinanciamiento from fuentefinanciamiento where CodigoFufi='4373'));
insert into obrafuentefinanciamiento(idobra, idfuentefinanciamiento) values ( (select IdObra from obra where codigo='0019' and idorganismo=1), (select IdFuenteFinanciamiento from fuentefinanciamiento where CodigoFufi='3615'));
insert into obrafuentefinanciamiento(idobra, idfuentefinanciamiento) values ( (select IdObra from obra where codigo='0020' and idorganismo=1), (select IdFuenteFinanciamiento from fuentefinanciamiento where CodigoFufi='5456'));
insert into obrafuentefinanciamiento(idobra, idfuentefinanciamiento) values ( (select IdObra from obra where codigo='0021' and idorganismo=1), (select IdFuenteFinanciamiento from fuentefinanciamiento where CodigoFufi='5456'));
insert into obrafuentefinanciamiento(idobra, idfuentefinanciamiento) values ( (select IdObra from obra where codigo='0022' and idorganismo=1), (select IdFuenteFinanciamiento from fuentefinanciamiento where CodigoFufi='3615'));
insert into obrafuentefinanciamiento(idobra, idfuentefinanciamiento) values ( (select IdObra from obra where codigo='0023' and idorganismo=1), (select IdFuenteFinanciamiento from fuentefinanciamiento where CodigoFufi='1111'));
insert into obrafuentefinanciamiento(idobra, idfuentefinanciamiento) values ( (select IdObra from obra where codigo='0024' and idorganismo=1), (select IdFuenteFinanciamiento from fuentefinanciamiento where CodigoFufi='5456'));
insert into obrafuentefinanciamiento(idobra, idfuentefinanciamiento) values ( (select IdObra from obra where codigo='0025' and idorganismo=1), (select IdFuenteFinanciamiento from fuentefinanciamiento where CodigoFufi='4373'));
insert into obrafuentefinanciamiento(idobra, idfuentefinanciamiento) values ( (select IdObra from obra where codigo='0026' and idorganismo=1), (select IdFuenteFinanciamiento from fuentefinanciamiento where CodigoFufi='3615'));
insert into obrafuentefinanciamiento(idobra, idfuentefinanciamiento) values ( (select IdObra from obra where codigo='0027' and idorganismo=1), (select IdFuenteFinanciamiento from fuentefinanciamiento where CodigoFufi='4373'));
insert into obrafuentefinanciamiento(idobra, idfuentefinanciamiento) values ( (select IdObra from obra where codigo='0028' and idorganismo=1), (select IdFuenteFinanciamiento from fuentefinanciamiento where CodigoFufi='4373'));
insert into obrafuentefinanciamiento(idobra, idfuentefinanciamiento) values ( (select IdObra from obra where codigo='0029' and idorganismo=1), (select IdFuenteFinanciamiento from fuentefinanciamiento where CodigoFufi='4373'));
insert into obrafuentefinanciamiento(idobra, idfuentefinanciamiento) values ( (select IdObra from obra where codigo='0030' and idorganismo=1), (select IdFuenteFinanciamiento from fuentefinanciamiento where CodigoFufi='5456'));
insert into obrafuentefinanciamiento(idobra, idfuentefinanciamiento) values ( (select IdObra from obra where codigo='0031' and idorganismo=1), (select IdFuenteFinanciamiento from fuentefinanciamiento where CodigoFufi='5456'));
insert into obrafuentefinanciamiento(idobra, idfuentefinanciamiento) values ( (select IdObra from obra where codigo='0032' and idorganismo=1), (select IdFuenteFinanciamiento from fuentefinanciamiento where CodigoFufi='5456'));
insert into obrafuentefinanciamiento(idobra, idfuentefinanciamiento) values ( (select IdObra from obra where codigo='0033' and idorganismo=1), (select IdFuenteFinanciamiento from fuentefinanciamiento where CodigoFufi='5456'));
insert into obrafuentefinanciamiento(idobra, idfuentefinanciamiento) values ( (select IdObra from obra where codigo='0034' and idorganismo=1), (select IdFuenteFinanciamiento from fuentefinanciamiento where CodigoFufi='5381'));
insert into obrafuentefinanciamiento(idobra, idfuentefinanciamiento) values ( (select IdObra from obra where codigo='0035' and idorganismo=1), (select IdFuenteFinanciamiento from fuentefinanciamiento where CodigoFufi='3615'));
insert into obrafuentefinanciamiento(idobra, idfuentefinanciamiento) values ( (select IdObra from obra where codigo='0036' and idorganismo=1), (select IdFuenteFinanciamiento from fuentefinanciamiento where CodigoFufi='5381'));
insert into obrafuentefinanciamiento(idobra, idfuentefinanciamiento) values ( (select IdObra from obra where codigo='0037' and idorganismo=1), (select IdFuenteFinanciamiento from fuentefinanciamiento where CodigoFufi='6120'));
insert into obrafuentefinanciamiento(idobra, idfuentefinanciamiento) values ( (select IdObra from obra where codigo='0038' and idorganismo=1), (select IdFuenteFinanciamiento from fuentefinanciamiento where CodigoFufi='4373'));
insert into obrafuentefinanciamiento(idobra, idfuentefinanciamiento) values ( (select IdObra from obra where codigo='0039' and idorganismo=1), (select IdFuenteFinanciamiento from fuentefinanciamiento where CodigoFufi='4373'));
insert into obrafuentefinanciamiento(idobra, idfuentefinanciamiento) values ( (select IdObra from obra where codigo='0040' and idorganismo=1), (select IdFuenteFinanciamiento from fuentefinanciamiento where CodigoFufi='3615'));
insert into obrafuentefinanciamiento(idobra, idfuentefinanciamiento) values ( (select IdObra from obra where codigo='0041' and idorganismo=1), (select IdFuenteFinanciamiento from fuentefinanciamiento where CodigoFufi='5456'));
insert into obrafuentefinanciamiento(idobra, idfuentefinanciamiento) values ( (select IdObra from obra where codigo='0042' and idorganismo=1), (select IdFuenteFinanciamiento from fuentefinanciamiento where CodigoFufi='5456'));
insert into obrafuentefinanciamiento(idobra, idfuentefinanciamiento) values ( (select IdObra from obra where codigo='0043' and idorganismo=1), (select IdFuenteFinanciamiento from fuentefinanciamiento where CodigoFufi='5456'));
insert into obrafuentefinanciamiento(idobra, idfuentefinanciamiento) values ( (select IdObra from obra where codigo='0044' and idorganismo=1), (select IdFuenteFinanciamiento from fuentefinanciamiento where CodigoFufi='5456'));
insert into obrafuentefinanciamiento(idobra, idfuentefinanciamiento) values ( (select IdObra from obra where codigo='0046' and idorganismo=1), (select IdFuenteFinanciamiento from fuentefinanciamiento where CodigoFufi='5456'));
insert into obrafuentefinanciamiento(idobra, idfuentefinanciamiento) values ( (select IdObra from obra where codigo='0047' and idorganismo=1), (select IdFuenteFinanciamiento from fuentefinanciamiento where CodigoFufi='3484'));
insert into obrafuentefinanciamiento(idobra, idfuentefinanciamiento) values ( (select IdObra from obra where codigo='0048' and idorganismo=1), (select IdFuenteFinanciamiento from fuentefinanciamiento where CodigoFufi='5456'));
insert into obrafuentefinanciamiento(idobra, idfuentefinanciamiento) values ( (select IdObra from obra where codigo='0049' and idorganismo=1), (select IdFuenteFinanciamiento from fuentefinanciamiento where CodigoFufi='4373'));
insert into obrafuentefinanciamiento(idobra, idfuentefinanciamiento) values ( (select IdObra from obra where codigo='0050' and idorganismo=1), (select IdFuenteFinanciamiento from fuentefinanciamiento where CodigoFufi='1111'));
insert into obrafuentefinanciamiento(idobra, idfuentefinanciamiento) values ( (select IdObra from obra where codigo='0051' and idorganismo=1), (select IdFuenteFinanciamiento from fuentefinanciamiento where CodigoFufi='1111'));
insert into obrafuentefinanciamiento(idobra, idfuentefinanciamiento) values ( (select IdObra from obra where codigo='0052' and idorganismo=1), (select IdFuenteFinanciamiento from fuentefinanciamiento where CodigoFufi='1111'));
insert into obrafuentefinanciamiento(idobra, idfuentefinanciamiento) values ( (select IdObra from obra where codigo='0053' and idorganismo=1), (select IdFuenteFinanciamiento from fuentefinanciamiento where CodigoFufi='5456'));
insert into obrafuentefinanciamiento(idobra, idfuentefinanciamiento) values ( (select IdObra from obra where codigo='0054' and idorganismo=1), (select IdFuenteFinanciamiento from fuentefinanciamiento where CodigoFufi='1111'));
insert into obrafuentefinanciamiento(idobra, idfuentefinanciamiento) values ( (select IdObra from obra where codigo='0055' and idorganismo=1), (select IdFuenteFinanciamiento from fuentefinanciamiento where CodigoFufi='5456'));

insert into proveedor (cuit, razonsocial) select * from (select '33-70872840-9', 'BASAP S.A.') as tmp where not exists (select * from proveedor where cuit='33-70872840-9') limit 1;
insert into proveedor (cuit, razonsocial) select * from (select '30-70268173-8', 'ZAHIDAS') as tmp where not exists (select * from proveedor where cuit='30-70268173-8') limit 1;
insert into proveedor (cuit, razonsocial) select * from (select '30-61919183-4', 'ENSA') as tmp where not exists (select * from proveedor where cuit='30-61919183-4') limit 1;
insert into proveedor (cuit, razonsocial) select * from (select '30-70942913-9', 'LINEU S.A.') as tmp where not exists (select * from proveedor where cuit='30-70942913-9') limit 1;
insert into proveedor (cuit, razonsocial) select * from (select '30-70863817-6', 'A.B.I. S.R.L.') as tmp where not exists (select * from proveedor where cuit='30-70863817-6') limit 1;
insert into proveedor (cuit, razonsocial) select * from (select '00-00000012-0', 'SOMBRA CONSTRUCCIONES') as tmp where not exists (select * from proveedor where cuit='00-00000012-0') limit 1;
insert into proveedor (cuit, razonsocial) select * from (select '30-61919183-4', 'ENSA') as tmp where not exists (select * from proveedor where cuit='30-61919183-4') limit 1;
insert into proveedor (cuit, razonsocial) select * from (select '20-14426926-9', 'EDUARDO ANTONIO SALUM') as tmp where not exists (select * from proveedor where cuit='20-14426926-9') limit 1;
insert into proveedor (cuit, razonsocial) select * from (select '00-00000013-0', 'S.C.I. NEUQUEN') as tmp where not exists (select * from proveedor where cuit='00-00000013-0') limit 1;
insert into proveedor (cuit, razonsocial) select * from (select '00-00000014-0', 'CODAM S.R.L.') as tmp where not exists (select * from proveedor where cuit='00-00000014-0') limit 1;
insert into proveedor (cuit, razonsocial) select * from (select '30-70922270-4', 'OMEGA MLP S.R.L.') as tmp where not exists (select * from proveedor where cuit='30-70922270-4') limit 1;
insert into proveedor (cuit, razonsocial) select * from (select '00-00000013-0', 'S.C.I. NEUQUEN') as tmp where not exists (select * from proveedor where cuit='00-00000013-0') limit 1;
insert into proveedor (cuit, razonsocial) select * from (select '30-70827086-1', 'MAUAD S.R.L.') as tmp where not exists (select * from proveedor where cuit='30-70827086-1') limit 1;
insert into proveedor (cuit, razonsocial) select * from (select '00-00000013-0', 'S.C.I. NEUQUEN') as tmp where not exists (select * from proveedor where cuit='00-00000013-0') limit 1;
insert into proveedor (cuit, razonsocial) select * from (select '00-00000014-0', 'CODAM S.R.L.') as tmp where not exists (select * from proveedor where cuit='00-00000014-0') limit 1;
insert into proveedor (cuit, razonsocial) select * from (select '30-70922270-4', 'OMEGA MLP S.R.L.') as tmp where not exists (select * from proveedor where cuit='30-70922270-4') limit 1;
insert into proveedor (cuit, razonsocial) select * from (select '30-70922270-4', 'OMEGA MLP S.R.L.') as tmp where not exists (select * from proveedor where cuit='30-70922270-4') limit 1;
insert into proveedor (cuit, razonsocial) select * from (select '00-00000013-0', 'S.C.I. NEUQUEN') as tmp where not exists (select * from proveedor where cuit='00-00000013-0') limit 1;
insert into proveedor (cuit, razonsocial) select * from (select '33-71017408-9', 'R.J. INGENIERÍA S.A.') as tmp where not exists (select * from proveedor where cuit='33-71017408-9') limit 1;
insert into proveedor (cuit, razonsocial) select * from (select '30-70905191-8', 'OBRAS Y DUCTOS DEL COMAHUE') as tmp where not exists (select * from proveedor where cuit='30-70905191-8') limit 1;
insert into proveedor (cuit, razonsocial) select * from (select '30-70922270-4', 'OMEGA MLP S.R.L.') as tmp where not exists (select * from proveedor where cuit='30-70922270-4') limit 1;
insert into proveedor (cuit, razonsocial) select * from (select '00-00000012-0', 'SOMBRA CONSTRUCCIONES') as tmp where not exists (select * from proveedor where cuit='00-00000012-0') limit 1;
insert into proveedor (cuit, razonsocial) select * from (select '30-70905191-8', 'OBRAS Y DUCTOS DEL COMAHUE') as tmp where not exists (select * from proveedor where cuit='30-70905191-8') limit 1;
insert into proveedor (cuit, razonsocial) select * from (select '00-00000012-0', 'SOMBRA CONSTRUCCIONES') as tmp where not exists (select * from proveedor where cuit='00-00000012-0') limit 1;
insert into proveedor (cuit, razonsocial) select * from (select '20-10184596-7', 'CASTILLO ESTEBAN MARCELINO') as tmp where not exists (select * from proveedor where cuit='20-10184596-7') limit 1;
insert into proveedor (cuit, razonsocial) select * from (select '30-70905191-8', 'OBRAS Y DUCTOS DEL COMAHUE') as tmp where not exists (select * from proveedor where cuit='30-70905191-8') limit 1;
insert into proveedor (cuit, razonsocial) select * from (select '20-12262427-8', 'GUTH MARCELO') as tmp where not exists (select * from proveedor where cuit='20-12262427-8') limit 1;
insert into proveedor (cuit, razonsocial) select * from (select '20-14426926-9', 'EDUARDO ANTONIO SALUM') as tmp where not exists (select * from proveedor where cuit='20-14426926-9') limit 1;
insert into proveedor (cuit, razonsocial) select * from (select '20-14426926-9', 'EDUARDO ANTONIO SALUM') as tmp where not exists (select * from proveedor where cuit='20-14426926-9') limit 1;
insert into proveedor (cuit, razonsocial) select * from (select '30-71130052-6', 'S.R. CONSTRUCCIONES') as tmp where not exists (select * from proveedor where cuit='30-71130052-6') limit 1;
insert into proveedor (cuit, razonsocial) select * from (select '30-70922270-4', 'OMEGA MLP S.R.L.') as tmp where not exists (select * from proveedor where cuit='30-70922270-4') limit 1;
insert into proveedor (cuit, razonsocial) select * from (select '20-10184596-7', 'CASTILLO ESTEBAN MARCELINO') as tmp where not exists (select * from proveedor where cuit='20-10184596-7') limit 1;
insert into proveedor (cuit, razonsocial) select * from (select '20-10184596-7', 'CASTILLO ESTEBAN MARCELINO') as tmp where not exists (select * from proveedor where cuit='20-10184596-7') limit 1;
insert into proveedor (cuit, razonsocial) select * from (select '30-61919183-4', 'ENSA') as tmp where not exists (select * from proveedor where cuit='30-61919183-4') limit 1;
insert into proveedor (cuit, razonsocial) select * from (select '20-12262427-8', 'GUTH MARCELO') as tmp where not exists (select * from proveedor where cuit='20-12262427-8') limit 1;
insert into proveedor (cuit, razonsocial) select * from (select '30-70905191-8', 'OBRAS Y DUCTOS DEL COMAHUE') as tmp where not exists (select * from proveedor where cuit='30-70905191-8') limit 1;
insert into proveedor (cuit, razonsocial) select * from (select '00-00000015-0', 'COOPERATIVA DE AGUA POTABLE Y SERVICIOS - SMA') as tmp where not exists (select * from proveedor where cuit='00-00000015-0') limit 1;
insert into proveedor (cuit, razonsocial) select * from (select '00-00000012-0', 'SOMBRA CONSTRUCCIONES') as tmp where not exists (select * from proveedor where cuit='00-00000012-0') limit 1;
insert into proveedor (cuit, razonsocial) select * from (select '30-70863817-6', 'A.B.I. S.R.L.') as tmp where not exists (select * from proveedor where cuit='30-70863817-6') limit 1;
insert into proveedor (cuit, razonsocial) select * from (select '30-70848293-1', 'FINES S.R.L.') as tmp where not exists (select * from proveedor where cuit='30-70848293-1') limit 1;
insert into proveedor (cuit, razonsocial) select * from (select '00-00000016-0', 'SAINT THOMAS SERVICE DE WALTER JOUBERT') as tmp where not exists (select * from proveedor where cuit='00-00000016-0') limit 1;
insert into proveedor (cuit, razonsocial) select * from (select '00-00000016-0', 'SAINT THOMAS SERVICE DE WALTER JOUBERT') as tmp where not exists (select * from proveedor where cuit='00-00000016-0') limit 1;
insert into proveedor (cuit, razonsocial) select * from (select '30-70922270-4', 'OMEGA MLP S.R.L.') as tmp where not exists (select * from proveedor where cuit='30-70922270-4') limit 1;
insert into proveedor (cuit, razonsocial) select * from (select '30-71130052-6', 'S.R. CONSTRUCCIONES') as tmp where not exists (select * from proveedor where cuit='30-71130052-6') limit 1;
insert into proveedor (cuit, razonsocial) select * from (select '20-10184596-7', 'CASTILLO ESTEBAN MARCELINO') as tmp where not exists (select * from proveedor where cuit='20-10184596-7') limit 1;
insert into proveedor (cuit, razonsocial) select * from (select '30-71130052-6', 'S.R. CONSTRUCCIONES') as tmp where not exists (select * from proveedor where cuit='30-71130052-6') limit 1;
insert into proveedor (cuit, razonsocial) select * from (select '30-70962793-3', 'SERVIOBRAS S.R.L.') as tmp where not exists (select * from proveedor where cuit='30-70962793-3') limit 1;
insert into proveedor (cuit, razonsocial) select * from (select '30-71130052-6', 'S.R. CONSTRUCCIONES') as tmp where not exists (select * from proveedor where cuit='30-71130052-6') limit 1;
insert into proveedor (cuit, razonsocial) select * from (select '30-70962793-3', 'SERVIOBRAS S.R.L.') as tmp where not exists (select * from proveedor where cuit='30-70962793-3') limit 1;
insert into proveedor (cuit, razonsocial) select * from (select '00-00000017-0', 'SERVICIOS S.R.L.') as tmp where not exists (select * from proveedor where cuit='00-00000017-0') limit 1;
insert into proveedor (cuit, razonsocial) select * from (select '30-71224778-5', 'MAPIVIAL EQUIPOS S.R.L.') as tmp where not exists (select * from proveedor where cuit='30-71224778-5') limit 1;
insert into proveedor (cuit, razonsocial) select * from (select '30-70922270-4', 'OMEGA MLP S.R.L.') as tmp where not exists (select * from proveedor where cuit='30-70922270-4') limit 1;
insert into proveedor (cuit, razonsocial) select * from (select '20-10184596-7', 'CASTILLO ESTEBAN MARCELINO') as tmp where not exists (select * from proveedor where cuit='20-10184596-7') limit 1;
insert into proveedor (cuit, razonsocial) select * from (select '30-70905191-8', 'OBRAS Y DUCTOS DEL COMAHUE') as tmp where not exists (select * from proveedor where cuit='30-70905191-8') limit 1;
insert into proveedor (cuit, razonsocial) select * from (select '20-10184596-7', 'CASTILLO ESTEBAN MARCELINO') as tmp where not exists (select * from proveedor where cuit='20-10184596-7') limit 1;

insert into contrato(idobra, idproveedor, numero, fecha, monto, fechabasemonto, normalegalautorizacion, normalegaladjudicacion, plazoejecucion, fechainicio, fechafinalizacion) values ( (select IdObra from obra where codigo='0001' and idorganismo=1), (select idproveedor from proveedor where cuit='33-70872840-9'), '64/11', '2011-10-13', 1877963.3, '2011-07-01', '678/11', '862/11', 90, '2012-02-17', '2012-05-18');
insert into contrato(idobra, idproveedor, numero, fecha, monto, fechabasemonto, normalegalautorizacion, normalegaladjudicacion, plazoejecucion, fechainicio, fechafinalizacion) values ( (select IdObra from obra where codigo='0002' and idorganismo=1), (select idproveedor from proveedor where cuit='30-70268173-8'), '61/11', '2011-09-08', 4531215.94, '2011-05-01', '514/11', '766/11', 270, '2011-11-14', '2012-08-11');
insert into contrato(idobra, idproveedor, numero, fecha, monto, fechabasemonto, normalegalautorizacion, normalegaladjudicacion, plazoejecucion, fechainicio, fechafinalizacion) values ( (select IdObra from obra where codigo='0003' and idorganismo=1), (select idproveedor from proveedor where cuit='30-61919183-4'), '72/11', '2011-12-05', 13801488.64, '2011-09-01', '858/11', '986/11', 240, '2012-04-03', '2012-11-30');
insert into contrato(idobra, idproveedor, numero, fecha, monto, fechabasemonto, normalegalautorizacion, normalegaladjudicacion, plazoejecucion, fechainicio, fechafinalizacion) values ( (select IdObra from obra where codigo='0004' and idorganismo=1), (select idproveedor from proveedor where cuit='30-70942913-9'), '26/10', '2010-11-18', 1499989.59, '2010-09-01', '633/10', '761/10', 150, '2011-04-18', '2011-09-16');
insert into contrato(idobra, idproveedor, numero, fecha, monto, fechabasemonto, normalegalautorizacion, normalegaladjudicacion, plazoejecucion, fechainicio, fechafinalizacion) values ( (select IdObra from obra where codigo='0005' and idorganismo=1), (select idproveedor from proveedor where cuit='30-70863817-6'), '24/11', '2011-03-11', 863824.97, '2010-12-01', '22/11', '155/11', 150, '2011-11-23', '2012-04-22');
insert into contrato(idobra, idproveedor, numero, fecha, monto, fechabasemonto, normalegalautorizacion, normalegaladjudicacion, plazoejecucion, fechainicio, fechafinalizacion) values ( (select IdObra from obra where codigo='0006' and idorganismo=1), (select idproveedor from proveedor where cuit='00-00000012-0'), '06/09', '2009-01-20', 400985, '2008-10-01', '1120/08', '001/09', 90, '2009-02-10', '2009-05-12');
insert into contrato(idobra, idproveedor, numero, fecha, monto, fechabasemonto, normalegalautorizacion, normalegaladjudicacion, plazoejecucion, fechainicio, fechafinalizacion) values ( (select IdObra from obra where codigo='0007' and idorganismo=1), (select idproveedor from proveedor where cuit='30-61919183-4'), 'upefe', '2010-09-13', 13798088.58, '2010-09-13', '', '', 695, '2010-09-13', '2012-08-09');
insert into contrato(idobra, idproveedor, numero, fecha, monto, fechabasemonto, normalegalautorizacion, normalegaladjudicacion, plazoejecucion, fechainicio, fechafinalizacion) values ( (select IdObra from obra where codigo='0008' and idorganismo=1), (select idproveedor from proveedor where cuit='20-14426926-9'), '02/12', '2012-01-30', 665100, '2011-11-01', '1102/11', '37/12', 30, '2012-02-22', '2012-03-24');
insert into contrato(idobra, idproveedor, numero, fecha, monto, fechabasemonto, normalegalautorizacion, normalegaladjudicacion, plazoejecucion, fechainicio, fechafinalizacion) values ( (select IdObra from obra where codigo='0009' and idorganismo=1), (select idproveedor from proveedor where cuit='00-00000013-0'), '03/11', '2011-01-19', 598718.84, '2010-11-01', '619/10', '34/11', 120, '2011-11-14', '2012-03-14');
insert into contrato(idobra, idproveedor, numero, fecha, monto, fechabasemonto, normalegalautorizacion, normalegaladjudicacion, plazoejecucion, fechainicio, fechafinalizacion) values ( (select IdObra from obra where codigo='0010' and idorganismo=1), (select idproveedor from proveedor where cuit='00-00000014-0'), '69/11', '2011-11-29', 1963273.1, '2011-07-01', '679/11', '956/11', 120, '2012-08-22', '2012-12-21');
insert into contrato(idobra, idproveedor, numero, fecha, monto, fechabasemonto, normalegalautorizacion, normalegaladjudicacion, plazoejecucion, fechainicio, fechafinalizacion) values ( (select IdObra from obra where codigo='0011' and idorganismo=1), (select idproveedor from proveedor where cuit='30-70922270-4'), '27/11', '2011-03-10', 649987.38, '2010-12-01', '893/10', '127/11', 90, '2011-03-10', DATE_ADD('2011-03-10', INTERVAL 90+1 DAY));
insert into contrato(idobra, idproveedor, numero, fecha, monto, fechabasemonto, normalegalautorizacion, normalegaladjudicacion, plazoejecucion, fechainicio, fechafinalizacion) values ( (select IdObra from obra where codigo='0012' and idorganismo=1), (select idproveedor from proveedor where cuit='00-00000013-0'), '29/09', '2009-06-05', 572448.12, '2009-02-01', '287/09', '407/09', 90, '2010-03-03', '2010-06-02');
insert into contrato(idobra, idproveedor, numero, fecha, monto, fechabasemonto, normalegalautorizacion, normalegaladjudicacion, plazoejecucion, fechainicio, fechafinalizacion) values ( (select IdObra from obra where codigo='0013' and idorganismo=1), (select idproveedor from proveedor where cuit='30-70827086-1'), '', '2011-04-18', 1966667.54, '2011-04-18', '', '', 150, '2011-04-18', '2011-09-16');
insert into contrato(idobra, idproveedor, numero, fecha, monto, fechabasemonto, normalegalautorizacion, normalegaladjudicacion, plazoejecucion, fechainicio, fechafinalizacion) values ( (select IdObra from obra where codigo='0014' and idorganismo=1), (select idproveedor from proveedor where cuit='00-00000013-0'), '28/11', '2011-04-25', 348850, '2010-11-01', '820/10', '154/11', 120, '2011-11-24', '2012-03-24');
insert into contrato(idobra, idproveedor, numero, fecha, monto, fechabasemonto, normalegalautorizacion, normalegaladjudicacion, plazoejecucion, fechainicio, fechafinalizacion) values ( (select IdObra from obra where codigo='0015' and idorganismo=1), (select idproveedor from proveedor where cuit='00-00000014-0'), '***', '2012-10-26', 9984972.15, '2012-10-26', '', '', 240, '2012-10-26', '2013-06-24');
insert into contrato(idobra, idproveedor, numero, fecha, monto, fechabasemonto, normalegalautorizacion, normalegaladjudicacion, plazoejecucion, fechainicio, fechafinalizacion) values ( (select IdObra from obra where codigo='0016' and idorganismo=1), (select idproveedor from proveedor where cuit='30-70922270-4'), '02/11', '2011-01-13', 549228.79, '2010-10-01', '742/10', '940/10', 60, '2011-03-04', '2011-05-04');
insert into contrato(idobra, idproveedor, numero, fecha, monto, fechabasemonto, normalegalautorizacion, normalegaladjudicacion, plazoejecucion, fechainicio, fechafinalizacion) values ( (select IdObra from obra where codigo='0017' and idorganismo=1), (select idproveedor from proveedor where cuit='30-70922270-4'), '71/11', '2011-11-25', 4334400, '2011-10-01', '919/11', '972/11', 540, '2011-11-25', DATE_ADD('2011-11-25', INTERVAL 540+1 DAY));
insert into contrato(idobra, idproveedor, numero, fecha, monto, fechabasemonto, normalegalautorizacion, normalegaladjudicacion, plazoejecucion, fechainicio, fechafinalizacion) values ( (select IdObra from obra where codigo='0018' and idorganismo=1), (select idproveedor from proveedor where cuit='00-00000013-0'), '10/11', '2011-05-30', 59550, '2010-11-01', '743/10', '52/11', 90, '2011-10-24', '2012-01-23');
insert into contrato(idobra, idproveedor, numero, fecha, monto, fechabasemonto, normalegalautorizacion, normalegaladjudicacion, plazoejecucion, fechainicio, fechafinalizacion) values ( (select IdObra from obra where codigo='0019' and idorganismo=1), (select idproveedor from proveedor where cuit='33-71017408-9'), '***', '2011-06-09', 12950095.95, '2011-06-09', '', '', 210, '2011-06-09', '2012-01-06');
insert into contrato(idobra, idproveedor, numero, fecha, monto, fechabasemonto, normalegalautorizacion, normalegaladjudicacion, plazoejecucion, fechainicio, fechafinalizacion) values ( (select IdObra from obra where codigo='0020' and idorganismo=1), (select idproveedor from proveedor where cuit='30-70905191-8'), '09/12', '2012-07-16', 224737.65, '2012-06-01', '444/12', '444/12', 90, '2012-07-16', '2012-10-15');
insert into contrato(idobra, idproveedor, numero, fecha, monto, fechabasemonto, normalegalautorizacion, normalegaladjudicacion, plazoejecucion, fechainicio, fechafinalizacion) values ( (select IdObra from obra where codigo='0021' and idorganismo=1), (select idproveedor from proveedor where cuit='30-70922270-4'), '12/12', '2012-08-07', 435161.55, '2012-06-01', '485/12', '485/12', 90, '2012-08-10', '2012-11-09');
insert into contrato(idobra, idproveedor, numero, fecha, monto, fechabasemonto, normalegalautorizacion, normalegaladjudicacion, plazoejecucion, fechainicio, fechafinalizacion) values ( (select IdObra from obra where codigo='0022' and idorganismo=1), (select idproveedor from proveedor where cuit='00-00000012-0'), '47/07', '2007-09-21', 2814814.11, '2007-09-21', '', '', 180, '2007-09-21', '2008-03-20');
insert into contrato(idobra, idproveedor, numero, fecha, monto, fechabasemonto, normalegalautorizacion, normalegaladjudicacion, plazoejecucion, fechainicio, fechafinalizacion) values ( (select IdObra from obra where codigo='0023' and idorganismo=1), (select idproveedor from proveedor where cuit='30-70905191-8'), '14/10', '2010-06-18', 886818.57, '2010-04-01', '205/10', '421/10', 180, '2010-07-01', '2010-12-29');
insert into contrato(idobra, idproveedor, numero, fecha, monto, fechabasemonto, normalegalautorizacion, normalegaladjudicacion, plazoejecucion, fechainicio, fechafinalizacion) values ( (select IdObra from obra where codigo='0024' and idorganismo=1), (select idproveedor from proveedor where cuit='00-00000012-0'), '15/11', '2011-02-24', 1280316, '2010-12-01', '892/10', '12//11', 180, '2011-02-11', '2011-08-11');
insert into contrato(idobra, idproveedor, numero, fecha, monto, fechabasemonto, normalegalautorizacion, normalegaladjudicacion, plazoejecucion, fechainicio, fechafinalizacion) values ( (select IdObra from obra where codigo='0025' and idorganismo=1), (select idproveedor from proveedor where cuit='20-10184596-7'), '07/12', '2012-04-24', 39903.3, '2012-02-01', '194/12', '194/12', 30, '2012-05-07', '2012-06-07');
insert into contrato(idobra, idproveedor, numero, fecha, monto, fechabasemonto, normalegalautorizacion, normalegaladjudicacion, plazoejecucion, fechainicio, fechafinalizacion) values ( (select IdObra from obra where codigo='0026' and idorganismo=1), (select idproveedor from proveedor where cuit='30-70905191-8'), '15/12', '2012-10-16', 943486.12, '2012-09-01', '638/12', '638/12', 180, '2012-12-12', '2013-06-11');
insert into contrato(idobra, idproveedor, numero, fecha, monto, fechabasemonto, normalegalautorizacion, normalegaladjudicacion, plazoejecucion, fechainicio, fechafinalizacion) values ( (select IdObra from obra where codigo='0027' and idorganismo=1), (select idproveedor from proveedor where cuit='20-12262427-8'), '03/13', '2013-02-01', 1899708.9, '2012-07-01', '457/12', '53/13', 90, '2013-08-08', '2013-11-07');
insert into contrato(idobra, idproveedor, numero, fecha, monto, fechabasemonto, normalegalautorizacion, normalegaladjudicacion, plazoejecucion, fechainicio, fechafinalizacion) values ( (select IdObra from obra where codigo='0028' and idorganismo=1), (select idproveedor from proveedor where cuit='20-14426926-9'), '14/12', '2012-10-16', 80205.72, '2012-09-01', '654/12', '654/12', 60, '2012-10-26', '2012-12-26');
insert into contrato(idobra, idproveedor, numero, fecha, monto, fechabasemonto, normalegalautorizacion, normalegaladjudicacion, plazoejecucion, fechainicio, fechafinalizacion) values ( (select IdObra from obra where codigo='0029' and idorganismo=1), (select idproveedor from proveedor where cuit='20-14426926-9'), '16/12', '2012-11-07', 254922.56, '2012-09-01', '496/12', '688/12', 30, '2012-11-14', '2012-12-15');
insert into contrato(idobra, idproveedor, numero, fecha, monto, fechabasemonto, normalegalautorizacion, normalegaladjudicacion, plazoejecucion, fechainicio, fechafinalizacion) values ( (select IdObra from obra where codigo='0030' and idorganismo=1), (select idproveedor from proveedor where cuit='30-71130052-6'), '13/12', '2012-10-16', 687555, '2012-09-01', '639/12', '639/12', 90, '2012-11-01', '2013-01-31');
insert into contrato(idobra, idproveedor, numero, fecha, monto, fechabasemonto, normalegalautorizacion, normalegaladjudicacion, plazoejecucion, fechainicio, fechafinalizacion) values ( (select IdObra from obra where codigo='0031' and idorganismo=1), (select idproveedor from proveedor where cuit='30-70922270-4'), '02/13', '2013-01-16', 422607.8, '2012-11-01', '863/12', '863/12', 90, '2013-01-16', '2013-04-17');
insert into contrato(idobra, idproveedor, numero, fecha, monto, fechabasemonto, normalegalautorizacion, normalegaladjudicacion, plazoejecucion, fechainicio, fechafinalizacion) values ( (select IdObra from obra where codigo='0032' and idorganismo=1), (select idproveedor from proveedor where cuit='20-10184596-7'), '17/12', '2013-01-03', 994000, '2012-07-01', '544/12', '544/12', 92, '2012-10-01', '2013-01-02');
insert into contrato(idobra, idproveedor, numero, fecha, monto, fechabasemonto, normalegalautorizacion, normalegaladjudicacion, plazoejecucion, fechainicio, fechafinalizacion) values ( (select IdObra from obra where codigo='0033' and idorganismo=1), (select idproveedor from proveedor where cuit='20-10184596-7'), '07/13', '2013-04-03', 945000, '2012-12-01', '34/13', '34/13', 90, '2013-01-15', '2013-04-16');
insert into contrato(idobra, idproveedor, numero, fecha, monto, fechabasemonto, normalegalautorizacion, normalegaladjudicacion, plazoejecucion, fechainicio, fechafinalizacion) values ( (select IdObra from obra where codigo='0034' and idorganismo=1), (select idproveedor from proveedor where cuit='30-61919183-4'), '66/11', '2012-03-01', 1959553.56, '2011-07-01', '716/11', '861/11', 120, '2012-03-01', '2012-06-30');
insert into contrato(idobra, idproveedor, numero, fecha, monto, fechabasemonto, normalegalautorizacion, normalegaladjudicacion, plazoejecucion, fechainicio, fechafinalizacion) values ( (select IdObra from obra where codigo='0035' and idorganismo=1), (select idproveedor from proveedor where cuit='20-12262427-8'), '10/12', '2012-07-31', 2720399.53, '2012-04-01', '209/12', '455/12', 60, '2012-08-08', '2012-10-08');
insert into contrato(idobra, idproveedor, numero, fecha, monto, fechabasemonto, normalegalautorizacion, normalegaladjudicacion, plazoejecucion, fechainicio, fechafinalizacion) values ( (select IdObra from obra where codigo='0036' and idorganismo=1), (select idproveedor from proveedor where cuit='30-70905191-8'), '63/11', '2011-10-13', 1779256.69, '2011-07-01', '730/11', '860/11', 90, '2011-11-22', '2012-02-21');
insert into contrato(idobra, idproveedor, numero, fecha, monto, fechabasemonto, normalegalautorizacion, normalegaladjudicacion, plazoejecucion, fechainicio, fechafinalizacion) values ( (select IdObra from obra where codigo='0037' and idorganismo=1), (select idproveedor from proveedor where cuit='00-00000015-0'), '62/11', '2011-09-09', 1794676.96, '2011-06-01', '701/11', '701/11', 90, '2012-01-16', '2012-04-16');
insert into contrato(idobra, idproveedor, numero, fecha, monto, fechabasemonto, normalegalautorizacion, normalegaladjudicacion, plazoejecucion, fechainicio, fechafinalizacion) values ( (select IdObra from obra where codigo='0038' and idorganismo=1), (select idproveedor from proveedor where cuit='00-00000012-0'), '25/11', '2011-03-01', 401410, '2010-12-01', '775/10', '153/11', 90, '2011-07-06', '2011-10-05');
insert into contrato(idobra, idproveedor, numero, fecha, monto, fechabasemonto, normalegalautorizacion, normalegaladjudicacion, plazoejecucion, fechainicio, fechafinalizacion) values ( (select IdObra from obra where codigo='0039' and idorganismo=1), (select idproveedor from proveedor where cuit='30-70863817-6'), '03/12', '2012-01-30', 345358.8, '2011-11-01', '973/11', '036/12', 90, '2012-07-23', '2012-10-22');
insert into contrato(idobra, idproveedor, numero, fecha, monto, fechabasemonto, normalegalautorizacion, normalegaladjudicacion, plazoejecucion, fechainicio, fechafinalizacion) values ( (select IdObra from obra where codigo='0040' and idorganismo=1), (select idproveedor from proveedor where cuit='30-70848293-1'), '11/12', '2012-08-09', 1120278.59, '2012-05-01', '210/12', '487/12', 90, '2012-10-19', '2013-01-18');
insert into contrato(idobra, idproveedor, numero, fecha, monto, fechabasemonto, normalegalautorizacion, normalegaladjudicacion, plazoejecucion, fechainicio, fechafinalizacion) values ( (select IdObra from obra where codigo='0041' and idorganismo=1), (select idproveedor from proveedor where cuit='00-00000016-0'), '06/13', '2013-04-04', 585058.53, '2013-01-01', '81/13', '81/13', 90, '2013-02-07', '2013-05-09');
insert into contrato(idobra, idproveedor, numero, fecha, monto, fechabasemonto, normalegalautorizacion, normalegaladjudicacion, plazoejecucion, fechainicio, fechafinalizacion) values ( (select IdObra from obra where codigo='0042' and idorganismo=1), (select idproveedor from proveedor where cuit='00-00000016-0'), '10/13', '2013-04-24', 1560156.08, '2013-01-01', '108/13', '166/13', 240, '2013-05-08', '2014-01-04');
insert into contrato(idobra, idproveedor, numero, fecha, monto, fechabasemonto, normalegalautorizacion, normalegaladjudicacion, plazoejecucion, fechainicio, fechafinalizacion) values ( (select IdObra from obra where codigo='0043' and idorganismo=1), (select idproveedor from proveedor where cuit='30-70922270-4'), '05/13', '2013-04-03', 870323.1, '2013-01-01', '134/13', '134/13', 180, '2013-04-03', '2013-10-01');
insert into contrato(idobra, idproveedor, numero, fecha, monto, fechabasemonto, normalegalautorizacion, normalegaladjudicacion, plazoejecucion, fechainicio, fechafinalizacion) values ( (select IdObra from obra where codigo='0044' and idorganismo=1), (select idproveedor from proveedor where cuit='30-71130052-6'), '09/13', '2013-03-13', 687555, '2013-01-01', '120/13', '120/13', 90, '2013-02-22', '2013-05-24');
insert into contrato(idobra, idproveedor, numero, fecha, monto, fechabasemonto, normalegalautorizacion, normalegaladjudicacion, plazoejecucion, fechainicio, fechafinalizacion) values ( (select IdObra from obra where codigo='0045' and idorganismo=1), (select idproveedor from proveedor where cuit='20-10184596-7'), '12/13', '2013-06-04', 63000, '2013-03-01', '222/13', '222/13', 60, '2013-04-18', '2013-06-18');
insert into contrato(idobra, idproveedor, numero, fecha, monto, fechabasemonto, normalegalautorizacion, normalegaladjudicacion, plazoejecucion, fechainicio, fechafinalizacion) values ( (select IdObra from obra where codigo='0046' and idorganismo=1), (select idproveedor from proveedor where cuit='30-71130052-6'), '14/13', '2013-07-04', 3140751.62, '2013-04-01', '165/13', '314/13', 180, '2013-06-12', '2013-12-10');
insert into contrato(idobra, idproveedor, numero, fecha, monto, fechabasemonto, normalegalautorizacion, normalegaladjudicacion, plazoejecucion, fechainicio, fechafinalizacion) values ( (select IdObra from obra where codigo='0047' and idorganismo=1), (select idproveedor from proveedor where cuit='30-70962793-3'), '13/13', '2013-07-04', 162340.65, '2013-04-01', '263/13', '263/13', 60, '2013-08-01', '2013-10-01');
insert into contrato(idobra, idproveedor, numero, fecha, monto, fechabasemonto, normalegalautorizacion, normalegaladjudicacion, plazoejecucion, fechainicio, fechafinalizacion) values ( (select IdObra from obra where codigo='0048' and idorganismo=1), (select idproveedor from proveedor where cuit='30-71130052-6'), '19/13', '2013-06-07', 208350, '2013-04-01', '257/13', '257/13', 20, '2013-05-23', '2013-06-13');
insert into contrato(idobra, idproveedor, numero, fecha, monto, fechabasemonto, normalegalautorizacion, normalegaladjudicacion, plazoejecucion, fechainicio, fechafinalizacion) values ( (select IdObra from obra where codigo='0049' and idorganismo=1), (select idproveedor from proveedor where cuit='30-70962793-3'), '18/13', '2013-07-26', 1182126.4, '2013-05-01', '274/13', '360/13', 30, '2013-09-09', '2013-10-10');
insert into contrato(idobra, idproveedor, numero, fecha, monto, fechabasemonto, normalegalautorizacion, normalegaladjudicacion, plazoejecucion, fechainicio, fechafinalizacion) values ( (select IdObra from obra where codigo='0050' and idorganismo=1), (select idproveedor from proveedor where cuit='00-00000017-0'), '20/13', '2013-08-20', 1592115.65, '2013-06-01', '393/13', '400/13', 180, '2013-08-16', '2014-02-13');
insert into contrato(idobra, idproveedor, numero, fecha, monto, fechabasemonto, normalegalautorizacion, normalegaladjudicacion, plazoejecucion, fechainicio, fechafinalizacion) values ( (select IdObra from obra where codigo='0051' and idorganismo=1), (select idproveedor from proveedor where cuit='30-71224778-5'), '22/13', '2013-08-22', 1511402.46, '2013-06-01', '395/13', '402/13', 180, '2013-08-08', '2014-02-05');
insert into contrato(idobra, idproveedor, numero, fecha, monto, fechabasemonto, normalegalautorizacion, normalegaladjudicacion, plazoejecucion, fechainicio, fechafinalizacion) values ( (select IdObra from obra where codigo='0052' and idorganismo=1), (select idproveedor from proveedor where cuit='30-70922270-4'), '21/13', '2013-08-22', 1509155.34, '2013-06-01', '394/13', '401/13', 180, '2013-08-22', '2014-02-19');
insert into contrato(idobra, idproveedor, numero, fecha, monto, fechabasemonto, normalegalautorizacion, normalegaladjudicacion, plazoejecucion, fechainicio, fechafinalizacion) values ( (select IdObra from obra where codigo='0053' and idorganismo=1), (select idproveedor from proveedor where cuit='20-10184596-7'), '24/13', '2013-09-04', 668343.63, '2013-07-01', '462/13', '462/13', 30, '2013-08-27', '2013-09-27');
insert into contrato(idobra, idproveedor, numero, fecha, monto, fechabasemonto, normalegalautorizacion, normalegaladjudicacion, plazoejecucion, fechainicio, fechafinalizacion) values ( (select IdObra from obra where codigo='0054' and idorganismo=1), (select idproveedor from proveedor where cuit='30-70905191-8'), '23/11', '2013-08-19', 41426, '2013-06-01', '403/13', '', 180, '2013-08-20', '2014-02-17');
insert into contrato(idobra, idproveedor, numero, fecha, monto, fechabasemonto, normalegalautorizacion, normalegaladjudicacion, plazoejecucion, fechainicio, fechafinalizacion) values ( (select IdObra from obra where codigo='0055' and idorganismo=1), (select idproveedor from proveedor where cuit='20-10184596-7'), '17/13', '2013-08-02', 980237.32, '2013-05-01', '359/13', '359/13', 60, '2013-06-28', '2013-08-28');

insert into alteracion(idcontrato, fecha, normalegalaprobacion, adicionaldeductivo, importe) values ((select idcontrato from obra o inner join contrato c on o.idobra=c.idobra where o.codigo='0002' and o.idorganismo=1), '2011-09-08', '', 1, 82416.22);
insert into alteracion(idcontrato, fecha, normalegalaprobacion, adicionaldeductivo, importe) values ((select idcontrato from obra o inner join contrato c on o.idobra=c.idobra where o.codigo='0005' and o.idorganismo=1), '2012-12-27', '882/12', 0, 75951.44);
insert into alteracion(idcontrato, fecha, normalegalaprobacion, adicionaldeductivo, importe) values ((select idcontrato from obra o inner join contrato c on o.idobra=c.idobra where o.codigo='0010' and o.idorganismo=1), '2011-11-29', '', 1, 1398.65);
insert into alteracion(idcontrato, fecha, normalegalaprobacion, adicionaldeductivo, importe) values ((select idcontrato from obra o inner join contrato c on o.idobra=c.idobra where o.codigo='0012' and o.idorganismo=1), '2009-06-05', '', 0, 36694.07);
insert into alteracion(idcontrato, fecha, normalegalaprobacion, adicionaldeductivo, importe) values ((select idcontrato from obra o inner join contrato c on o.idobra=c.idobra where o.codigo='0013' and o.idorganismo=1), '2013-05-10', '203/13', 0, 273246.87);
insert into alteracion(idcontrato, fecha, normalegalaprobacion, adicionaldeductivo, importe) values ((select idcontrato from obra o inner join contrato c on o.idobra=c.idobra where o.codigo='0015' and o.idorganismo=1), '2012-10-26', '', 0, 3130729.94);
insert into alteracion(idcontrato, fecha, normalegalaprobacion, adicionaldeductivo, importe) values ((select idcontrato from obra o inner join contrato c on o.idobra=c.idobra where o.codigo='0019' and o.idorganismo=1), '2011-06-09', '', 0, 141700.5);
insert into alteracion(idcontrato, fecha, normalegalaprobacion, adicionaldeductivo, importe) values ((select idcontrato from obra o inner join contrato c on o.idobra=c.idobra where o.codigo='0020' and o.idorganismo=1), '2013-01-16', '867/12', 0, 45863.53);
insert into alteracion(idcontrato, fecha, normalegalaprobacion, adicionaldeductivo, importe) values ((select idcontrato from obra o inner join contrato c on o.idobra=c.idobra where o.codigo='0026' and o.idorganismo=1), '2012-07-29', '291/13', 0, 188694.47);
insert into alteracion(idcontrato, fecha, normalegalaprobacion, adicionaldeductivo, importe) values ((select idcontrato from obra o inner join contrato c on o.idobra=c.idobra where o.codigo='0030' and o.idorganismo=1), '2012-10-16', '119/13', 0, 137511);
insert into alteracion(idcontrato, fecha, normalegalaprobacion, adicionaldeductivo, importe) values ((select idcontrato from obra o inner join contrato c on o.idobra=c.idobra where o.codigo='0037' and o.idorganismo=1), '2011-09-09', '', 0, 35909.76);
insert into alteracion(idcontrato, fecha, normalegalaprobacion, adicionaldeductivo, importe) values ((select idcontrato from obra o inner join contrato c on o.idobra=c.idobra where o.codigo='0038' and o.idorganismo=1), '2012-06-14', '259/12', 0, 66137.1);
insert into alteracion(idcontrato, fecha, normalegalaprobacion, adicionaldeductivo, importe) values ((select idcontrato from obra o inner join contrato c on o.idobra=c.idobra where o.codigo='0044' and o.idorganismo=1), '2013-03-13', '', 0, 135427.5);

insert into contratoplazo (idcontrato, cantidaddias, nuevafechafinalizacion, normalegalaprobacion) values ((select idcontrato from obra o inner join contrato c on o.idobra=c.idobra where o.codigo='0001' and o.idorganismo=1), 0, '2012-05-28', '');
insert into contratoplazo (idcontrato, cantidaddias, nuevafechafinalizacion, normalegalaprobacion) values ((select idcontrato from obra o inner join contrato c on o.idobra=c.idobra where o.codigo='0002' and o.idorganismo=1), 0, '2012-08-09', '');
insert into contratoplazo (idcontrato, cantidaddias, nuevafechafinalizacion, normalegalaprobacion) values ((select idcontrato from obra o inner join contrato c on o.idobra=c.idobra where o.codigo='0003' and o.idorganismo=1), 0, '2012-04-02', '');
insert into contratoplazo (idcontrato, cantidaddias, nuevafechafinalizacion, normalegalaprobacion) values ((select idcontrato from obra o inner join contrato c on o.idobra=c.idobra where o.codigo='0004' and o.idorganismo=1), 60, '2012-01-08', '162/12');
insert into contratoplazo (idcontrato, cantidaddias, nuevafechafinalizacion, normalegalaprobacion) values ((select idcontrato from obra o inner join contrato c on o.idobra=c.idobra where o.codigo='0005' and o.idorganismo=1), 45, '2012-01-06', '');
insert into contratoplazo (idcontrato, cantidaddias, nuevafechafinalizacion, normalegalaprobacion) values ((select idcontrato from obra o inner join contrato c on o.idobra=c.idobra where o.codigo='0006' and o.idorganismo=1), 0, '2013-04-30', '');
insert into contratoplazo (idcontrato, cantidaddias, nuevafechafinalizacion, normalegalaprobacion) values ((select idcontrato from obra o inner join contrato c on o.idobra=c.idobra where o.codigo='0007' and o.idorganismo=1), 510, '2013-02-05', '');
insert into contratoplazo (idcontrato, cantidaddias, nuevafechafinalizacion, normalegalaprobacion) values ((select idcontrato from obra o inner join contrato c on o.idobra=c.idobra where o.codigo='0008' and o.idorganismo=1), 0, '2012-02-21', '');
insert into contratoplazo (idcontrato, cantidaddias, nuevafechafinalizacion, normalegalaprobacion) values ((select idcontrato from obra o inner join contrato c on o.idobra=c.idobra where o.codigo='0009' and o.idorganismo=1), 0, '2012-03-12', '');
insert into contratoplazo (idcontrato, cantidaddias, nuevafechafinalizacion, normalegalaprobacion) values ((select idcontrato from obra o inner join contrato c on o.idobra=c.idobra where o.codigo='0010' and o.idorganismo=1), 60, '2012-08-21', '');
insert into contratoplazo (idcontrato, cantidaddias, nuevafechafinalizacion, normalegalaprobacion) values ((select idcontrato from obra o inner join contrato c on o.idobra=c.idobra where o.codigo='0012' and o.idorganismo=1), 145, '2011-12-03', '641/11');
insert into contratoplazo (idcontrato, cantidaddias, nuevafechafinalizacion, normalegalaprobacion) values ((select idcontrato from obra o inner join contrato c on o.idobra=c.idobra where o.codigo='0013' and o.idorganismo=1), 90, '2012-06-02', '');
insert into contratoplazo (idcontrato, cantidaddias, nuevafechafinalizacion, normalegalaprobacion) values ((select idcontrato from obra o inner join contrato c on o.idobra=c.idobra where o.codigo='0014' and o.idorganismo=1), 45, '2012-10-20', '');
insert into contratoplazo (idcontrato, cantidaddias, nuevafechafinalizacion, normalegalaprobacion) values ((select idcontrato from obra o inner join contrato c on o.idobra=c.idobra where o.codigo='0015' and o.idorganismo=1), 165, '2013-12-05', '');
insert into contratoplazo (idcontrato, cantidaddias, nuevafechafinalizacion, normalegalaprobacion) values ((select idcontrato from obra o inner join contrato c on o.idobra=c.idobra where o.codigo='0016' and o.idorganismo=1), 105, '2011-06-16', '');
insert into contratoplazo (idcontrato, cantidaddias, nuevafechafinalizacion, normalegalaprobacion) values ((select idcontrato from obra o inner join contrato c on o.idobra=c.idobra where o.codigo='0018' and o.idorganismo=1), 0, '2012-01-21', '');
insert into contratoplazo (idcontrato, cantidaddias, nuevafechafinalizacion, normalegalaprobacion) values ((select idcontrato from obra o inner join contrato c on o.idobra=c.idobra where o.codigo='0019' and o.idorganismo=1), 552, '2013-07-10', '');
insert into contratoplazo (idcontrato, cantidaddias, nuevafechafinalizacion, normalegalaprobacion) values ((select idcontrato from obra o inner join contrato c on o.idobra=c.idobra where o.codigo='0020' and o.idorganismo=1), 0, '2012-07-15', '');
insert into contratoplazo (idcontrato, cantidaddias, nuevafechafinalizacion, normalegalaprobacion) values ((select idcontrato from obra o inner join contrato c on o.idobra=c.idobra where o.codigo='0021' and o.idorganismo=1), 0, '2012-08-09', '');
insert into contratoplazo (idcontrato, cantidaddias, nuevafechafinalizacion, normalegalaprobacion) values ((select idcontrato from obra o inner join contrato c on o.idobra=c.idobra where o.codigo='0022' and o.idorganismo=1), 0, '2009-02-22', '');
insert into contratoplazo (idcontrato, cantidaddias, nuevafechafinalizacion, normalegalaprobacion) values ((select idcontrato from obra o inner join contrato c on o.idobra=c.idobra where o.codigo='0023' and o.idorganismo=1), 0, '2010-12-27', '');
insert into contratoplazo (idcontrato, cantidaddias, nuevafechafinalizacion, normalegalaprobacion) values ((select idcontrato from obra o inner join contrato c on o.idobra=c.idobra where o.codigo='0024' and o.idorganismo=1), 0, '2011-08-09', '');
insert into contratoplazo (idcontrato, cantidaddias, nuevafechafinalizacion, normalegalaprobacion) values ((select idcontrato from obra o inner join contrato c on o.idobra=c.idobra where o.codigo='0025' and o.idorganismo=1), 0, '2012-06-05', '');
insert into contratoplazo (idcontrato, cantidaddias, nuevafechafinalizacion, normalegalaprobacion) values ((select idcontrato from obra o inner join contrato c on o.idobra=c.idobra where o.codigo='0027' and o.idorganismo=1), 30, '2013-05-10', '');
insert into contratoplazo (idcontrato, cantidaddias, nuevafechafinalizacion, normalegalaprobacion) values ((select idcontrato from obra o inner join contrato c on o.idobra=c.idobra where o.codigo='0030' and o.idorganismo=1), 0, '2013-01-29', '');
insert into contratoplazo (idcontrato, cantidaddias, nuevafechafinalizacion, normalegalaprobacion) values ((select idcontrato from obra o inner join contrato c on o.idobra=c.idobra where o.codigo='0031' and o.idorganismo=1), 0, '2013-04-15', '');
insert into contratoplazo (idcontrato, cantidaddias, nuevafechafinalizacion, normalegalaprobacion) values ((select idcontrato from obra o inner join contrato c on o.idobra=c.idobra where o.codigo='0032' and o.idorganismo=1), 0, '2012-12-31', '');
insert into contratoplazo (idcontrato, cantidaddias, nuevafechafinalizacion, normalegalaprobacion) values ((select idcontrato from obra o inner join contrato c on o.idobra=c.idobra where o.codigo='0033' and o.idorganismo=1), 0, '2013-04-14', '');
insert into contratoplazo (idcontrato, cantidaddias, nuevafechafinalizacion, normalegalaprobacion) values ((select idcontrato from obra o inner join contrato c on o.idobra=c.idobra where o.codigo='0034' and o.idorganismo=1), 60, '2012-11-12', '');
insert into contratoplazo (idcontrato, cantidaddias, nuevafechafinalizacion, normalegalaprobacion) values ((select idcontrato from obra o inner join contrato c on o.idobra=c.idobra where o.codigo='0035' and o.idorganismo=1), 0, '2012-08-07', '');
insert into contratoplazo (idcontrato, cantidaddias, nuevafechafinalizacion, normalegalaprobacion) values ((select idcontrato from obra o inner join contrato c on o.idobra=c.idobra where o.codigo='0036' and o.idorganismo=1), 0, '2012-02-19', '');
insert into contratoplazo (idcontrato, cantidaddias, nuevafechafinalizacion, normalegalaprobacion) values ((select idcontrato from obra o inner join contrato c on o.idobra=c.idobra where o.codigo='0037' and o.idorganismo=1), 45, '2012-10-11', '');
insert into contratoplazo (idcontrato, cantidaddias, nuevafechafinalizacion, normalegalaprobacion) values ((select idcontrato from obra o inner join contrato c on o.idobra=c.idobra where o.codigo='0038' and o.idorganismo=1), 45, '2012-07-23', '');
insert into contratoplazo (idcontrato, cantidaddias, nuevafechafinalizacion, normalegalaprobacion) values ((select idcontrato from obra o inner join contrato c on o.idobra=c.idobra where o.codigo='0039' and o.idorganismo=1), 0, '2012-10-20', '');
insert into contratoplazo (idcontrato, cantidaddias, nuevafechafinalizacion, normalegalaprobacion) values ((select idcontrato from obra o inner join contrato c on o.idobra=c.idobra where o.codigo='0040' and o.idorganismo=1), 0, '2013-01-16', '');
insert into contratoplazo (idcontrato, cantidaddias, nuevafechafinalizacion, normalegalaprobacion) values ((select idcontrato from obra o inner join contrato c on o.idobra=c.idobra where o.codigo='0041' and o.idorganismo=1), 0, '2013-05-07', '');
insert into contratoplazo (idcontrato, cantidaddias, nuevafechafinalizacion, normalegalaprobacion) values ((select idcontrato from obra o inner join contrato c on o.idobra=c.idobra where o.codigo='0042' and o.idorganismo=1), 0, '2014-01-02', '');
insert into contratoplazo (idcontrato, cantidaddias, nuevafechafinalizacion, normalegalaprobacion) values ((select idcontrato from obra o inner join contrato c on o.idobra=c.idobra where o.codigo='0043' and o.idorganismo=1), 0, '2013-09-29', '');
insert into contratoplazo (idcontrato, cantidaddias, nuevafechafinalizacion, normalegalaprobacion) values ((select idcontrato from obra o inner join contrato c on o.idobra=c.idobra where o.codigo='0044' and o.idorganismo=1), 0, '2013-05-22', '');
insert into contratoplazo (idcontrato, cantidaddias, nuevafechafinalizacion, normalegalaprobacion) values ((select idcontrato from obra o inner join contrato c on o.idobra=c.idobra where o.codigo='0045' and o.idorganismo=1), 0, '2013-06-16', '');
insert into contratoplazo (idcontrato, cantidaddias, nuevafechafinalizacion, normalegalaprobacion) values ((select idcontrato from obra o inner join contrato c on o.idobra=c.idobra where o.codigo='0046' and o.idorganismo=1), 0, '2013-12-08', '');
insert into contratoplazo (idcontrato, cantidaddias, nuevafechafinalizacion, normalegalaprobacion) values ((select idcontrato from obra o inner join contrato c on o.idobra=c.idobra where o.codigo='0047' and o.idorganismo=1), 0, '2013-09-29', '');
insert into contratoplazo (idcontrato, cantidaddias, nuevafechafinalizacion, normalegalaprobacion) values ((select idcontrato from obra o inner join contrato c on o.idobra=c.idobra where o.codigo='0048' and o.idorganismo=1), 0, '2013-06-11', '');
insert into contratoplazo (idcontrato, cantidaddias, nuevafechafinalizacion, normalegalaprobacion) values ((select idcontrato from obra o inner join contrato c on o.idobra=c.idobra where o.codigo='0049' and o.idorganismo=1), 0, '2013-10-08', '');
insert into contratoplazo (idcontrato, cantidaddias, nuevafechafinalizacion, normalegalaprobacion) values ((select idcontrato from obra o inner join contrato c on o.idobra=c.idobra where o.codigo='0050' and o.idorganismo=1), 0, '2014-02-11', '');
insert into contratoplazo (idcontrato, cantidaddias, nuevafechafinalizacion, normalegalaprobacion) values ((select idcontrato from obra o inner join contrato c on o.idobra=c.idobra where o.codigo='0051' and o.idorganismo=1), 0, '2014-02-03', '');
insert into contratoplazo (idcontrato, cantidaddias, nuevafechafinalizacion, normalegalaprobacion) values ((select idcontrato from obra o inner join contrato c on o.idobra=c.idobra where o.codigo='0052' and o.idorganismo=1), 0, '2014-02-17', '');
insert into contratoplazo (idcontrato, cantidaddias, nuevafechafinalizacion, normalegalaprobacion) values ((select idcontrato from obra o inner join contrato c on o.idobra=c.idobra where o.codigo='0053' and o.idorganismo=1), 0, '2013-09-25', '');
insert into contratoplazo (idcontrato, cantidaddias, nuevafechafinalizacion, normalegalaprobacion) values ((select idcontrato from obra o inner join contrato c on o.idobra=c.idobra where o.codigo='0054' and o.idorganismo=1), 0, '2014-02-15', '');

insert into certificacion(idcontrato, periodo, nrocertificado, porcentajeavance, montoavance, anticipofinanciero, descuentoanticipo, importeneto, fechavtopago, retencionmulta, otrosconceptos, manoobraocupada) values ((select idcontrato from obra o inner join contrato c on o.idobra=c.idobra where  c.Numero='64/11' and o.idorganismo=1), '201110', 0, 0, 0, 375592.66, null, 375592.66, '2013-10-31', null, null, null);
insert into certificacion(idcontrato, periodo, nrocertificado, porcentajeavance, montoavance, anticipofinanciero, descuentoanticipo, importeneto, fechavtopago, retencionmulta, otrosconceptos, manoobraocupada) values ((select idcontrato from obra o inner join contrato c on o.idobra=c.idobra where  c.Numero='64/11' and o.idorganismo=1), '201203', 1, 45.9, 861969.79, null, 172393.958, 646477.342, '2012-05-30', null, 43098.49, null);
insert into certificacion(idcontrato, periodo, nrocertificado, porcentajeavance, montoavance, anticipofinanciero, descuentoanticipo, importeneto, fechavtopago, retencionmulta, otrosconceptos, manoobraocupada) values ((select idcontrato from obra o inner join contrato c on o.idobra=c.idobra where  c.Numero='64/11' and o.idorganismo=1), '201204', 2, 55.88, 187461.09, null, 37492.218, 135173.082, '2012-06-29', -5422.74, 9373.05, null);
insert into certificacion(idcontrato, periodo, nrocertificado, porcentajeavance, montoavance, anticipofinanciero, descuentoanticipo, importeneto, fechavtopago, retencionmulta, otrosconceptos, manoobraocupada) values ((select idcontrato from obra o inner join contrato c on o.idobra=c.idobra where  c.Numero='64/11' and o.idorganismo=1), '201205', 3, 60.66, 89743.25, null, 17948.65, 49088.9275, '2012-07-30', -18218.51, 4487.1625, null);
insert into certificacion(idcontrato, periodo, nrocertificado, porcentajeavance, montoavance, anticipofinanciero, descuentoanticipo, importeneto, fechavtopago, retencionmulta, otrosconceptos, manoobraocupada) values ((select idcontrato from obra o inner join contrato c on o.idobra=c.idobra where  c.Numero='64/11' and o.idorganismo=1), '201302', 4, 96.31, 669474.67, null, 147757.83, 545358.09, '2013-04-29', 23641.25, 0, null);
insert into certificacion(idcontrato, periodo, nrocertificado, porcentajeavance, montoavance, anticipofinanciero, descuentoanticipo, importeneto, fechavtopago, retencionmulta, otrosconceptos, manoobraocupada) values ((select idcontrato from obra o inner join contrato c on o.idobra=c.idobra where  c.Numero='61/11' and o.idorganismo=1), '201109', 0, 0, 0, 1359364.78, null, 1359364.78, '2013-10-31', null, null, null);
insert into certificacion(idcontrato, periodo, nrocertificado, porcentajeavance, montoavance, anticipofinanciero, descuentoanticipo, importeneto, fechavtopago, retencionmulta, otrosconceptos, manoobraocupada) values ((select idcontrato from obra o inner join contrato c on o.idobra=c.idobra where  c.Numero='61/11' and o.idorganismo=1), '201111', 1, 17.29, 769406.44, null, 230821.932, 500114.188, '2012-01-29', null, 38470.32, null);
insert into certificacion(idcontrato, periodo, nrocertificado, porcentajeavance, montoavance, anticipofinanciero, descuentoanticipo, importeneto, fechavtopago, retencionmulta, otrosconceptos, manoobraocupada) values ((select idcontrato from obra o inner join contrato c on o.idobra=c.idobra where  c.Numero='61/11' and o.idorganismo=1), '201112', 2, 28.08, 479869, null, 143960.7, 311914.85, '2012-02-29', null, 23993.45, null);
insert into certificacion(idcontrato, periodo, nrocertificado, porcentajeavance, montoavance, anticipofinanciero, descuentoanticipo, importeneto, fechavtopago, retencionmulta, otrosconceptos, manoobraocupada) values ((select idcontrato from obra o inner join contrato c on o.idobra=c.idobra where  c.Numero='61/11' and o.idorganismo=1), '201201', 3, 39.84, 523327.16, null, 156998.148, 366329.012, '2012-03-31', null, 0, null);
insert into certificacion(idcontrato, periodo, nrocertificado, porcentajeavance, montoavance, anticipofinanciero, descuentoanticipo, importeneto, fechavtopago, retencionmulta, otrosconceptos, manoobraocupada) values ((select idcontrato from obra o inner join contrato c on o.idobra=c.idobra where  c.Numero='61/11' and o.idorganismo=1), '201202', 4, 53.29, 598382, null, 179514.6, 416337.22, '2012-04-29', -2530.18, 0, null);
insert into certificacion(idcontrato, periodo, nrocertificado, porcentajeavance, montoavance, anticipofinanciero, descuentoanticipo, importeneto, fechavtopago, retencionmulta, otrosconceptos, manoobraocupada) values ((select idcontrato from obra o inner join contrato c on o.idobra=c.idobra where  c.Numero='61/11' and o.idorganismo=1), '201203', 5, 53.95, 29204.94, null, 8761.482, -7668.812, '2012-05-30', -28112.27, 0, null);
insert into certificacion(idcontrato, periodo, nrocertificado, porcentajeavance, montoavance, anticipofinanciero, descuentoanticipo, importeneto, fechavtopago, retencionmulta, otrosconceptos, manoobraocupada) values ((select idcontrato from obra o inner join contrato c on o.idobra=c.idobra where  c.Numero='61/11' and o.idorganismo=1), '201204', 6, 60.1, 273491.6, null, 82047.48, 163459.67, '2012-06-29', -27984.45, 0, null);
insert into certificacion(idcontrato, periodo, nrocertificado, porcentajeavance, montoavance, anticipofinanciero, descuentoanticipo, importeneto, fechavtopago, retencionmulta, otrosconceptos, manoobraocupada) values ((select idcontrato from obra o inner join contrato c on o.idobra=c.idobra where  c.Numero='61/11' and o.idorganismo=1), '201205', 7, 60.82, 32018.75, null, 9605.625, 22413.125, '2012-07-30', null, 0, null);
insert into certificacion(idcontrato, periodo, nrocertificado, porcentajeavance, montoavance, anticipofinanciero, descuentoanticipo, importeneto, fechavtopago, retencionmulta, otrosconceptos, manoobraocupada) values ((select idcontrato from obra o inner join contrato c on o.idobra=c.idobra where  c.Numero='61/11' and o.idorganismo=1), '201206', 8, 64.01, 142069.09, null, 42620.727, 9689.98299999999, '2012-08-29', -89758.38, 0, null);
insert into certificacion(idcontrato, periodo, nrocertificado, porcentajeavance, montoavance, anticipofinanciero, descuentoanticipo, importeneto, fechavtopago, retencionmulta, otrosconceptos, manoobraocupada) values ((select idcontrato from obra o inner join contrato c on o.idobra=c.idobra where  c.Numero='61/11' and o.idorganismo=1), '201207', 9, 70.24, 277234.11, null, 83170.233, 179654.437, '2012-09-29', -14409.44, 0, null);
insert into certificacion(idcontrato, periodo, nrocertificado, porcentajeavance, montoavance, anticipofinanciero, descuentoanticipo, importeneto, fechavtopago, retencionmulta, otrosconceptos, manoobraocupada) values ((select idcontrato from obra o inner join contrato c on o.idobra=c.idobra where  c.Numero='61/11' and o.idorganismo=1), '201211', 10, 100, 1323796.63, null, 421863.86, 1064727.49, '2013-01-29', 162794.72, 0, null);
insert into certificacion(idcontrato, periodo, nrocertificado, porcentajeavance, montoavance, anticipofinanciero, descuentoanticipo, importeneto, fechavtopago, retencionmulta, otrosconceptos, manoobraocupada) values ((select idcontrato from obra o inner join contrato c on o.idobra=c.idobra where  c.Numero='72/11' and o.idorganismo=1), '201112', 0, 0, 0, 2760297.73, null, 2760297.73, '2013-10-31', null, null, null);
insert into certificacion(idcontrato, periodo, nrocertificado, porcentajeavance, montoavance, anticipofinanciero, descuentoanticipo, importeneto, fechavtopago, retencionmulta, otrosconceptos, manoobraocupada) values ((select idcontrato from obra o inner join contrato c on o.idobra=c.idobra where  c.Numero='72/11' and o.idorganismo=1), '201204', 1, 4.92, 679119.99, null, 135824, 509339.99, '2012-06-29', null, 33956, null);
insert into certificacion(idcontrato, periodo, nrocertificado, porcentajeavance, montoavance, anticipofinanciero, descuentoanticipo, importeneto, fechavtopago, retencionmulta, otrosconceptos, manoobraocupada) values ((select idcontrato from obra o inner join contrato c on o.idobra=c.idobra where  c.Numero='26/10' and o.idorganismo=1), '201011', 0, 0, 0, 449996.88, null, 449996.88, '2013-10-31', null, null, null);
insert into certificacion(idcontrato, periodo, nrocertificado, porcentajeavance, montoavance, anticipofinanciero, descuentoanticipo, importeneto, fechavtopago, retencionmulta, otrosconceptos, manoobraocupada) values ((select idcontrato from obra o inner join contrato c on o.idobra=c.idobra where  c.Numero='26/10' and o.idorganismo=1), '201104', 1, 10.6, 158999.35, null, 47699.81, 103349.57, '2011-06-29', null, 7949.97, null);
insert into certificacion(idcontrato, periodo, nrocertificado, porcentajeavance, montoavance, anticipofinanciero, descuentoanticipo, importeneto, fechavtopago, retencionmulta, otrosconceptos, manoobraocupada) values ((select idcontrato from obra o inner join contrato c on o.idobra=c.idobra where  c.Numero='26/10' and o.idorganismo=1), '201105', 2, 16.17, 83613, null, 25083.9, 43816.73, '2011-07-30', -10531.72, 4180.65, null);
insert into certificacion(idcontrato, periodo, nrocertificado, porcentajeavance, montoavance, anticipofinanciero, descuentoanticipo, importeneto, fechavtopago, retencionmulta, otrosconceptos, manoobraocupada) values ((select idcontrato from obra o inner join contrato c on o.idobra=c.idobra where  c.Numero='26/10' and o.idorganismo=1), '201110', 3, 19.37, 47965.38, null, 14389.61, 31177.5, '2011-12-30', null, 2398.27, null);
insert into certificacion(idcontrato, periodo, nrocertificado, porcentajeavance, montoavance, anticipofinanciero, descuentoanticipo, importeneto, fechavtopago, retencionmulta, otrosconceptos, manoobraocupada) values ((select idcontrato from obra o inner join contrato c on o.idobra=c.idobra where  c.Numero='26/10' and o.idorganismo=1), '201111', 4, 52.2, 492487.22, null, 147746.16, 320092.45, '2012-01-29', -24.25, 24624.36, null);
insert into certificacion(idcontrato, periodo, nrocertificado, porcentajeavance, montoavance, anticipofinanciero, descuentoanticipo, importeneto, fechavtopago, retencionmulta, otrosconceptos, manoobraocupada) values ((select idcontrato from obra o inner join contrato c on o.idobra=c.idobra where  c.Numero='26/10' and o.idorganismo=1), '201112', 5, 66, 206921.3, null, 62076.39, 129732.23, '2012-02-29', -4766.62, 10346.06, null);
insert into certificacion(idcontrato, periodo, nrocertificado, porcentajeavance, montoavance, anticipofinanciero, descuentoanticipo, importeneto, fechavtopago, retencionmulta, otrosconceptos, manoobraocupada) values ((select idcontrato from obra o inner join contrato c on o.idobra=c.idobra where  c.Numero='26/10' and o.idorganismo=1), '201202', 6, 74.99, 134898.38, null, 40469, 87410.3, '2012-04-29', -274.16, 6744.92, null);
insert into certificacion(idcontrato, periodo, nrocertificado, porcentajeavance, montoavance, anticipofinanciero, descuentoanticipo, importeneto, fechavtopago, retencionmulta, otrosconceptos, manoobraocupada) values ((select idcontrato from obra o inner join contrato c on o.idobra=c.idobra where  c.Numero='26/10' and o.idorganismo=1), '201211', 7, 100, 375104.96, null, 112531.5, 278170.21, '2013-01-29', 15596.75, null, null);
insert into certificacion(idcontrato, periodo, nrocertificado, porcentajeavance, montoavance, anticipofinanciero, descuentoanticipo, importeneto, fechavtopago, retencionmulta, otrosconceptos, manoobraocupada) values ((select idcontrato from obra o inner join contrato c on o.idobra=c.idobra where  c.Numero='24/11' and o.idorganismo=1), '201104', 0, 0, 0, 259147.49, null, 259147.49, '2013-10-31', null, null, null);
insert into certificacion(idcontrato, periodo, nrocertificado, porcentajeavance, montoavance, anticipofinanciero, descuentoanticipo, importeneto, fechavtopago, retencionmulta, otrosconceptos, manoobraocupada) values ((select idcontrato from obra o inner join contrato c on o.idobra=c.idobra where  c.Numero='24/11' and o.idorganismo=1), '201111', 1, 4.15, 38965.95, null, 11689.78, 25327.87, '2012-01-29', null, 1948.3, null);
insert into certificacion(idcontrato, periodo, nrocertificado, porcentajeavance, montoavance, anticipofinanciero, descuentoanticipo, importeneto, fechavtopago, retencionmulta, otrosconceptos, manoobraocupada) values ((select idcontrato from obra o inner join contrato c on o.idobra=c.idobra where  c.Numero='24/11' and o.idorganismo=1), '201112', 2, 12.2, 75726.61, null, 22717.98, 46641.78, '2012-02-29', -2580.52, 3786.33, null);
insert into certificacion(idcontrato, periodo, nrocertificado, porcentajeavance, montoavance, anticipofinanciero, descuentoanticipo, importeneto, fechavtopago, retencionmulta, otrosconceptos, manoobraocupada) values ((select idcontrato from obra o inner join contrato c on o.idobra=c.idobra where  c.Numero='24/11' and o.idorganismo=1), '201201', 3, 23.77, 108693.46, null, 32608.04, 62048.28, '2012-03-31', -8602.47, 5434.67, null);
insert into certificacion(idcontrato, periodo, nrocertificado, porcentajeavance, montoavance, anticipofinanciero, descuentoanticipo, importeneto, fechavtopago, retencionmulta, otrosconceptos, manoobraocupada) values ((select idcontrato from obra o inner join contrato c on o.idobra=c.idobra where  c.Numero='24/11' and o.idorganismo=1), '201202', 4, 35.31, 108441.96, null, 32532.59, 60173.15, '2012-04-29', -10314.12, 5422.1, null);
insert into certificacion(idcontrato, periodo, nrocertificado, porcentajeavance, montoavance, anticipofinanciero, descuentoanticipo, importeneto, fechavtopago, retencionmulta, otrosconceptos, manoobraocupada) values ((select idcontrato from obra o inner join contrato c on o.idobra=c.idobra where  c.Numero='24/11' and o.idorganismo=1), '201203', 5, 56.1, 195416.67, null, 58625, 131822.18, '2012-05-30', 4801.34, 9770.83, null);
insert into certificacion(idcontrato, periodo, nrocertificado, porcentajeavance, montoavance, anticipofinanciero, descuentoanticipo, importeneto, fechavtopago, retencionmulta, otrosconceptos, manoobraocupada) values ((select idcontrato from obra o inner join contrato c on o.idobra=c.idobra where  c.Numero='24/11' and o.idorganismo=1), '201204', 6, 68.64, 117819.36, null, 35345.81, 75066.52, '2012-06-29', -1516.06, 5890.97, null);
insert into certificacion(idcontrato, periodo, nrocertificado, porcentajeavance, montoavance, anticipofinanciero, descuentoanticipo, importeneto, fechavtopago, retencionmulta, otrosconceptos, manoobraocupada) values ((select idcontrato from obra o inner join contrato c on o.idobra=c.idobra where  c.Numero='24/11' and o.idorganismo=1), '201205', 7, 75.6, 65386.97, null, 19616.09, 41677.79, '2012-07-30', -823.74, 3269.35, null);
insert into certificacion(idcontrato, periodo, nrocertificado, porcentajeavance, montoavance, anticipofinanciero, descuentoanticipo, importeneto, fechavtopago, retencionmulta, otrosconceptos, manoobraocupada) values ((select idcontrato from obra o inner join contrato c on o.idobra=c.idobra where  c.Numero='24/11' and o.idorganismo=1), '201211', 8, 100, 229325.43, null, 46012.2, 190882.53, '2013-01-29', 19035.57, 11466.27, null);
insert into certificacion(idcontrato, periodo, nrocertificado, porcentajeavance, montoavance, anticipofinanciero, descuentoanticipo, importeneto, fechavtopago, retencionmulta, otrosconceptos, manoobraocupada) values ((select idcontrato from obra o inner join contrato c on o.idobra=c.idobra where  c.Numero='06/09' and o.idorganismo=1), '200902', 1, 49.99, 200435.4, null, null, 190413.63, '2009-04-29', null, 10021.77, null);
insert into certificacion(idcontrato, periodo, nrocertificado, porcentajeavance, montoavance, anticipofinanciero, descuentoanticipo, importeneto, fechavtopago, retencionmulta, otrosconceptos, manoobraocupada) values ((select idcontrato from obra o inner join contrato c on o.idobra=c.idobra where  c.Numero='06/09' and o.idorganismo=1), '200903', 2, 78.24, 113291.1, null, null, 107626.54, '2009-05-29', null, 5664.56, null);
insert into certificacion(idcontrato, periodo, nrocertificado, porcentajeavance, montoavance, anticipofinanciero, descuentoanticipo, importeneto, fechavtopago, retencionmulta, otrosconceptos, manoobraocupada) values ((select idcontrato from obra o inner join contrato c on o.idobra=c.idobra where  c.Numero='06/09' and o.idorganismo=1), '201303', 3, 100, 87258.5, null, null, 82895.57, '2013-05-30', null, 4362.93, null);
insert into certificacion(idcontrato, periodo, nrocertificado, porcentajeavance, montoavance, anticipofinanciero, descuentoanticipo, importeneto, fechavtopago, retencionmulta, otrosconceptos, manoobraocupada) values ((select idcontrato from obra o inner join contrato c on o.idobra=c.idobra where  c.Numero='02/12' and o.idorganismo=1), '201202', 0, 0, 0, 133020, null, 133020, '2013-10-31', null, null, null);
insert into certificacion(idcontrato, periodo, nrocertificado, porcentajeavance, montoavance, anticipofinanciero, descuentoanticipo, importeneto, fechavtopago, retencionmulta, otrosconceptos, manoobraocupada) values ((select idcontrato from obra o inner join contrato c on o.idobra=c.idobra where  c.Numero='02/12' and o.idorganismo=1), '201202', 1, 49.73, 330758.1, null, 66151.62, 245095.22, '2012-04-29', -2973.35, 16537.91, null);
insert into certificacion(idcontrato, periodo, nrocertificado, porcentajeavance, montoavance, anticipofinanciero, descuentoanticipo, importeneto, fechavtopago, retencionmulta, otrosconceptos, manoobraocupada) values ((select idcontrato from obra o inner join contrato c on o.idobra=c.idobra where  c.Numero='02/12' and o.idorganismo=1), '201203', 2, 98.49, 324267.73, null, 65440.16, 245547.23, '2012-05-30', 2933.05, 16213.39, null);
insert into certificacion(idcontrato, periodo, nrocertificado, porcentajeavance, montoavance, anticipofinanciero, descuentoanticipo, importeneto, fechavtopago, retencionmulta, otrosconceptos, manoobraocupada) values ((select idcontrato from obra o inner join contrato c on o.idobra=c.idobra where  c.Numero='02/12' and o.idorganismo=1), '201304', 3, 100, 10074.17, null, 1428.22, 8182.54, '2013-06-29', 40.3, 503.71, null);
insert into certificacion(idcontrato, periodo, nrocertificado, porcentajeavance, montoavance, anticipofinanciero, descuentoanticipo, importeneto, fechavtopago, retencionmulta, otrosconceptos, manoobraocupada) values ((select idcontrato from obra o inner join contrato c on o.idobra=c.idobra where  c.Numero='03/11' and o.idorganismo=1), '201102', 0, 0, 0, 179615.65, null, 179615.65, '2013-10-31', null, null, null);
insert into certificacion(idcontrato, periodo, nrocertificado, porcentajeavance, montoavance, anticipofinanciero, descuentoanticipo, importeneto, fechavtopago, retencionmulta, otrosconceptos, manoobraocupada) values ((select idcontrato from obra o inner join contrato c on o.idobra=c.idobra where  c.Numero='03/11' and o.idorganismo=1), '201112', 1, 1.63, 9744, null, 2923.2, 6333.6, '2012-02-29', null, 487.2, null);
insert into certificacion(idcontrato, periodo, nrocertificado, porcentajeavance, montoavance, anticipofinanciero, descuentoanticipo, importeneto, fechavtopago, retencionmulta, otrosconceptos, manoobraocupada) values ((select idcontrato from obra o inner join contrato c on o.idobra=c.idobra where  c.Numero='69/11' and o.idorganismo=1), '201111', 0, 0, 0, 392654.62, null, 392654.62, '2013-10-31', null, null, null);
insert into certificacion(idcontrato, periodo, nrocertificado, porcentajeavance, montoavance, anticipofinanciero, descuentoanticipo, importeneto, fechavtopago, retencionmulta, otrosconceptos, manoobraocupada) values ((select idcontrato from obra o inner join contrato c on o.idobra=c.idobra where  c.Numero='69/11' and o.idorganismo=1), '201208', 1, 10.75, 210912.38, null, 42182.48, 158184.28, '2012-10-30', null, 10545.62, null);
insert into certificacion(idcontrato, periodo, nrocertificado, porcentajeavance, montoavance, anticipofinanciero, descuentoanticipo, importeneto, fechavtopago, retencionmulta, otrosconceptos, manoobraocupada) values ((select idcontrato from obra o inner join contrato c on o.idobra=c.idobra where  c.Numero='69/11' and o.idorganismo=1), '201209', 2, 37.71, 411232.78, null, 82246.56, 308424.58, '2012-11-29', null, 20561.64, null);
insert into certificacion(idcontrato, periodo, nrocertificado, porcentajeavance, montoavance, anticipofinanciero, descuentoanticipo, importeneto, fechavtopago, retencionmulta, otrosconceptos, manoobraocupada) values ((select idcontrato from obra o inner join contrato c on o.idobra=c.idobra where  c.Numero='69/11' and o.idorganismo=1), '201210', 3, 47.07, 301257.77, null, 60251.55, 239086.65, '2012-12-30', -1919.57, 0, null);
insert into certificacion(idcontrato, periodo, nrocertificado, porcentajeavance, montoavance, anticipofinanciero, descuentoanticipo, importeneto, fechavtopago, retencionmulta, otrosconceptos, manoobraocupada) values ((select idcontrato from obra o inner join contrato c on o.idobra=c.idobra where  c.Numero='69/11' and o.idorganismo=1), '201211', 4, 47.07, 0, null, 0, -25107.7, '2013-01-29', -25107.7, 0, null);
insert into certificacion(idcontrato, periodo, nrocertificado, porcentajeavance, montoavance, anticipofinanciero, descuentoanticipo, importeneto, fechavtopago, retencionmulta, otrosconceptos, manoobraocupada) values ((select idcontrato from obra o inner join contrato c on o.idobra=c.idobra where  c.Numero='69/11' and o.idorganismo=1), '201212', 5, 57.33, 162137.17, null, 32427.43, 129709.74, '2013-03-01', null, 0, null);
insert into certificacion(idcontrato, periodo, nrocertificado, porcentajeavance, montoavance, anticipofinanciero, descuentoanticipo, importeneto, fechavtopago, retencionmulta, otrosconceptos, manoobraocupada) values ((select idcontrato from obra o inner join contrato c on o.idobra=c.idobra where  c.Numero='69/11' and o.idorganismo=1), '201305', 6, 97.53, 827877.28, null, 165575.46, 662301.82, '2013-07-30', null, 0, null);
insert into certificacion(idcontrato, periodo, nrocertificado, porcentajeavance, montoavance, anticipofinanciero, descuentoanticipo, importeneto, fechavtopago, retencionmulta, otrosconceptos, manoobraocupada) values ((select idcontrato from obra o inner join contrato c on o.idobra=c.idobra where  c.Numero='69/11' and o.idorganismo=1), '201306', 7, 100, 48457.07, null, 9971.14, 65513.2, '2013-08-29', 27027.27, 0, null);
insert into certificacion(idcontrato, periodo, nrocertificado, porcentajeavance, montoavance, anticipofinanciero, descuentoanticipo, importeneto, fechavtopago, retencionmulta, otrosconceptos, manoobraocupada) values ((select idcontrato from obra o inner join contrato c on o.idobra=c.idobra where  c.Numero='27/11' and o.idorganismo=1), '201104', 0, 0, 0, 194996.21, null, 194996.21, '2013-10-31', null, null, null);
insert into certificacion(idcontrato, periodo, nrocertificado, porcentajeavance, montoavance, anticipofinanciero, descuentoanticipo, importeneto, fechavtopago, retencionmulta, otrosconceptos, manoobraocupada) values ((select idcontrato from obra o inner join contrato c on o.idobra=c.idobra where  c.Numero='29/09' and o.idorganismo=1), '200911', 0, 0, 0, 114489.62, null, 114489.62, '2013-10-31', null, null, null);
insert into certificacion(idcontrato, periodo, nrocertificado, porcentajeavance, montoavance, anticipofinanciero, descuentoanticipo, importeneto, fechavtopago, retencionmulta, otrosconceptos, manoobraocupada) values ((select idcontrato from obra o inner join contrato c on o.idobra=c.idobra where  c.Numero='29/09' and o.idorganismo=1), '201003', 1, 2.29, 13954, null, 2790.8, 8595.76, '2010-05-30', -1869.74, 697.7, null);
insert into certificacion(idcontrato, periodo, nrocertificado, porcentajeavance, montoavance, anticipofinanciero, descuentoanticipo, importeneto, fechavtopago, retencionmulta, otrosconceptos, manoobraocupada) values ((select idcontrato from obra o inner join contrato c on o.idobra=c.idobra where  c.Numero='29/09' and o.idorganismo=1), '201004', 2, 6.88, 27937.89, null, 5587.58, 10659.61, '2010-06-29', -10293.81, 1396.89, null);
insert into certificacion(idcontrato, periodo, nrocertificado, porcentajeavance, montoavance, anticipofinanciero, descuentoanticipo, importeneto, fechavtopago, retencionmulta, otrosconceptos, manoobraocupada) values ((select idcontrato from obra o inner join contrato c on o.idobra=c.idobra where  c.Numero='29/09' and o.idorganismo=1), '201005', 3, 12.07, 31609.3, null, 6321.86, 35356.68, '2010-07-30', 11649.7, 1580.46, null);
insert into certificacion(idcontrato, periodo, nrocertificado, porcentajeavance, montoavance, anticipofinanciero, descuentoanticipo, importeneto, fechavtopago, retencionmulta, otrosconceptos, manoobraocupada) values ((select idcontrato from obra o inner join contrato c on o.idobra=c.idobra where  c.Numero='29/09' and o.idorganismo=1), '201006', 4, 16.65, 27937.89, null, 5587.58, 20048.42, '2010-08-29', -905.03, 1396.86, null);
insert into certificacion(idcontrato, periodo, nrocertificado, porcentajeavance, montoavance, anticipofinanciero, descuentoanticipo, importeneto, fechavtopago, retencionmulta, otrosconceptos, manoobraocupada) values ((select idcontrato from obra o inner join contrato c on o.idobra=c.idobra where  c.Numero='29/09' and o.idorganismo=1), '201010', 5, 37.76, 128574.68, null, 25714.94, 96431.01, '2010-12-30', null, 6428.73, null);
insert into certificacion(idcontrato, periodo, nrocertificado, porcentajeavance, montoavance, anticipofinanciero, descuentoanticipo, importeneto, fechavtopago, retencionmulta, otrosconceptos, manoobraocupada) values ((select idcontrato from obra o inner join contrato c on o.idobra=c.idobra where  c.Numero='29/09' and o.idorganismo=1), '201011', 6, 50.54, 77829.59, null, 15565.92, 57768.15, '2011-01-29', -604.04, 3891.48, null);
insert into certificacion(idcontrato, periodo, nrocertificado, porcentajeavance, montoavance, anticipofinanciero, descuentoanticipo, importeneto, fechavtopago, retencionmulta, otrosconceptos, manoobraocupada) values ((select idcontrato from obra o inner join contrato c on o.idobra=c.idobra where  c.Numero='29/09' and o.idorganismo=1), '201012', 7, 54.13, 21887.76, null, 4377.55, 16415.82, '2011-03-01', null, 1094.39, null);
insert into certificacion(idcontrato, periodo, nrocertificado, porcentajeavance, montoavance, anticipofinanciero, descuentoanticipo, importeneto, fechavtopago, retencionmulta, otrosconceptos, manoobraocupada) values ((select idcontrato from obra o inner join contrato c on o.idobra=c.idobra where  c.Numero='29/09' and o.idorganismo=1), '201102', 8, 59.86, 34916.69, null, 6983.34, 26187.52, '2011-04-29', null, 1745.83, null);
insert into certificacion(idcontrato, periodo, nrocertificado, porcentajeavance, montoavance, anticipofinanciero, descuentoanticipo, importeneto, fechavtopago, retencionmulta, otrosconceptos, manoobraocupada) values ((select idcontrato from obra o inner join contrato c on o.idobra=c.idobra where  c.Numero='29/09' and o.idorganismo=1), '201103', 9, 59.86, 0, null, 0, -1567.66, '2011-05-30', -1567.66, 0, null);
insert into certificacion(idcontrato, periodo, nrocertificado, porcentajeavance, montoavance, anticipofinanciero, descuentoanticipo, importeneto, fechavtopago, retencionmulta, otrosconceptos, manoobraocupada) values ((select idcontrato from obra o inner join contrato c on o.idobra=c.idobra where  c.Numero='29/09' and o.idorganismo=1), '201104', 10, 62.97, 18949.1, null, 3789.82, 14211.83, '2011-06-29', null, 947.45, null);
insert into certificacion(idcontrato, periodo, nrocertificado, porcentajeavance, montoavance, anticipofinanciero, descuentoanticipo, importeneto, fechavtopago, retencionmulta, otrosconceptos, manoobraocupada) values ((select idcontrato from obra o inner join contrato c on o.idobra=c.idobra where  c.Numero='29/09' and o.idorganismo=1), '201108', 11, 73.57, 64521.23, null, 12904.25, 48390.92, '2011-10-30', null, 3226.06, null);
insert into certificacion(idcontrato, periodo, nrocertificado, porcentajeavance, montoavance, anticipofinanciero, descuentoanticipo, importeneto, fechavtopago, retencionmulta, otrosconceptos, manoobraocupada) values ((select idcontrato from obra o inner join contrato c on o.idobra=c.idobra where o.Expediente='4865-14259/11' and o.idorganismo=1), '201104', 1, 16.2, 379172.05, null, 75834.41, 284379.04, '2011-06-29', null, 18958.6, null);
insert into certificacion(idcontrato, periodo, nrocertificado, porcentajeavance, montoavance, anticipofinanciero, descuentoanticipo, importeneto, fechavtopago, retencionmulta, otrosconceptos, manoobraocupada) values ((select idcontrato from obra o inner join contrato c on o.idobra=c.idobra where o.Expediente='4865-14259/11' and o.idorganismo=1), '201105', 2, 29.27, 305745.99, null, 61149.2, 229309.49, '2011-07-30', null, 15287.3, null);
insert into certificacion(idcontrato, periodo, nrocertificado, porcentajeavance, montoavance, anticipofinanciero, descuentoanticipo, importeneto, fechavtopago, retencionmulta, otrosconceptos, manoobraocupada) values ((select idcontrato from obra o inner join contrato c on o.idobra=c.idobra where o.Expediente='4865-14259/11' and o.idorganismo=1), '201110', 3, 31.96, 62870.73, null, 12574.15, 47153.04, '2011-12-30', null, 3143.54, null);
insert into certificacion(idcontrato, periodo, nrocertificado, porcentajeavance, montoavance, anticipofinanciero, descuentoanticipo, importeneto, fechavtopago, retencionmulta, otrosconceptos, manoobraocupada) values ((select idcontrato from obra o inner join contrato c on o.idobra=c.idobra where o.Expediente='4865-14259/11' and o.idorganismo=1), '201111', 4, 39.86, 184827.59, null, 36965.52, 138511.66, '2012-01-29', -109.03, 9241.38, null);
insert into certificacion(idcontrato, periodo, nrocertificado, porcentajeavance, montoavance, anticipofinanciero, descuentoanticipo, importeneto, fechavtopago, retencionmulta, otrosconceptos, manoobraocupada) values ((select idcontrato from obra o inner join contrato c on o.idobra=c.idobra where o.Expediente='4865-14259/11' and o.idorganismo=1), '201112', 5, 50.19, 241760.37, null, 48352.07, 175098.58, '2012-02-29', -6221.7, 12088.02, null);
insert into certificacion(idcontrato, periodo, nrocertificado, porcentajeavance, montoavance, anticipofinanciero, descuentoanticipo, importeneto, fechavtopago, retencionmulta, otrosconceptos, manoobraocupada) values ((select idcontrato from obra o inner join contrato c on o.idobra=c.idobra where o.Expediente='4865-14259/11' and o.idorganismo=1), '201202', 6, 57.89, 180101.32, null, 36020.26, 135075.99, '2012-04-29', null, 9005.07, null);
insert into certificacion(idcontrato, periodo, nrocertificado, porcentajeavance, montoavance, anticipofinanciero, descuentoanticipo, importeneto, fechavtopago, retencionmulta, otrosconceptos, manoobraocupada) values ((select idcontrato from obra o inner join contrato c on o.idobra=c.idobra where o.Expediente='4865-14259/11' and o.idorganismo=1), '201203', 7, 60.61, 63748.28, null, 12749.66, 50998.62, '2012-05-30', null, 0, null);
insert into certificacion(idcontrato, periodo, nrocertificado, porcentajeavance, montoavance, anticipofinanciero, descuentoanticipo, importeneto, fechavtopago, retencionmulta, otrosconceptos, manoobraocupada) values ((select idcontrato from obra o inner join contrato c on o.idobra=c.idobra where o.Expediente='4865-14259/11' and o.idorganismo=1), '201204', 8, 78, 406874.67, null, 81374.33, 322528.57, '2012-06-29', -2971.77, 0, null);
insert into certificacion(idcontrato, periodo, nrocertificado, porcentajeavance, montoavance, anticipofinanciero, descuentoanticipo, importeneto, fechavtopago, retencionmulta, otrosconceptos, manoobraocupada) values ((select idcontrato from obra o inner join contrato c on o.idobra=c.idobra where o.Expediente='4865-14259/11' and o.idorganismo=1), '201205', 9, 78.39, 9257.16, null, 1851.43, 3805.23, '2012-07-30', -3600.5, 0, null);
insert into certificacion(idcontrato, periodo, nrocertificado, porcentajeavance, montoavance, anticipofinanciero, descuentoanticipo, importeneto, fechavtopago, retencionmulta, otrosconceptos, manoobraocupada) values ((select idcontrato from obra o inner join contrato c on o.idobra=c.idobra where o.Expediente='4865-14259/11' and o.idorganismo=1), '201206', 10, 80.63, 52417.04, null, 10483.41, 41933.63, '2012-07-30', null, null, null);
insert into certificacion(idcontrato, periodo, nrocertificado, porcentajeavance, montoavance, anticipofinanciero, descuentoanticipo, importeneto, fechavtopago, retencionmulta, otrosconceptos, manoobraocupada) values ((select idcontrato from obra o inner join contrato c on o.idobra=c.idobra where o.Expediente='4865-14259/11' and o.idorganismo=1), '201207', 11, 100, 453142.21, null, 15979.07, 427409.03, '2012-09-29', 12903, 22657.11, null);
insert into certificacion(idcontrato, periodo, nrocertificado, porcentajeavance, montoavance, anticipofinanciero, descuentoanticipo, importeneto, fechavtopago, retencionmulta, otrosconceptos, manoobraocupada) values ((select idcontrato from obra o inner join contrato c on o.idobra=c.idobra where  c.Numero='28/11' and o.idorganismo=1), '201105', 0, 0, 0, 104655, null, 104655, '2013-10-31', null, null, null);
insert into certificacion(idcontrato, periodo, nrocertificado, porcentajeavance, montoavance, anticipofinanciero, descuentoanticipo, importeneto, fechavtopago, retencionmulta, otrosconceptos, manoobraocupada) values ((select idcontrato from obra o inner join contrato c on o.idobra=c.idobra where  c.Numero='28/11' and o.idorganismo=1), '201112', 1, 3.77, 13155.92, null, 3946.78, 8551.34, '2012-02-29', null, 657.8, null);
insert into certificacion(idcontrato, periodo, nrocertificado, porcentajeavance, montoavance, anticipofinanciero, descuentoanticipo, importeneto, fechavtopago, retencionmulta, otrosconceptos, manoobraocupada) values ((select idcontrato from obra o inner join contrato c on o.idobra=c.idobra where  c.Numero='28/11' and o.idorganismo=1), '201201', 2, 18.8, 52419.66, null, 15725.9, 34066, '2012-03-30', -6.78, 2620.98, null);
insert into certificacion(idcontrato, periodo, nrocertificado, porcentajeavance, montoavance, anticipofinanciero, descuentoanticipo, importeneto, fechavtopago, retencionmulta, otrosconceptos, manoobraocupada) values ((select idcontrato from obra o inner join contrato c on o.idobra=c.idobra where  c.Numero='28/11' and o.idorganismo=1), '201202', 3, 19.87, 3757.8, null, 1127.37, -880.59, '2012-04-29', -3323.13, 187.89, null);
insert into certificacion(idcontrato, periodo, nrocertificado, porcentajeavance, montoavance, anticipofinanciero, descuentoanticipo, importeneto, fechavtopago, retencionmulta, otrosconceptos, manoobraocupada) values ((select idcontrato from obra o inner join contrato c on o.idobra=c.idobra where  c.Numero='28/11' and o.idorganismo=1), '201203', 4, 20.95, 3757.79, null, 1127.34, -10497.3, '2012-05-30', -12939.86, 187.89, null);
insert into certificacion(idcontrato, periodo, nrocertificado, porcentajeavance, montoavance, anticipofinanciero, descuentoanticipo, importeneto, fechavtopago, retencionmulta, otrosconceptos, manoobraocupada) values ((select idcontrato from obra o inner join contrato c on o.idobra=c.idobra where  c.Numero='28/11' and o.idorganismo=1), '201208', 5, 24.54, 12526, null, 3757.8, 24411.37, '2012-10-30', 16269.47, 626.3, null);
insert into certificacion(idcontrato, periodo, nrocertificado, porcentajeavance, montoavance, anticipofinanciero, descuentoanticipo, importeneto, fechavtopago, retencionmulta, otrosconceptos, manoobraocupada) values ((select idcontrato from obra o inner join contrato c on o.idobra=c.idobra where  c.Numero='28/11' and o.idorganismo=1), '201209', 6, 24.9, 1252.6, null, 375.78, 258.71, '2012-11-29', -555.48, 62.63, null);
insert into certificacion(idcontrato, periodo, nrocertificado, porcentajeavance, montoavance, anticipofinanciero, descuentoanticipo, importeneto, fechavtopago, retencionmulta, otrosconceptos, manoobraocupada) values ((select idcontrato from obra o inner join contrato c on o.idobra=c.idobra where  c.Numero='02/11' and o.idorganismo=1), '201102', 0, 0, 0, 109845.76, null, 109845.76, '2013-10-31', null, null, null);
insert into certificacion(idcontrato, periodo, nrocertificado, porcentajeavance, montoavance, anticipofinanciero, descuentoanticipo, importeneto, fechavtopago, retencionmulta, otrosconceptos, manoobraocupada) values ((select idcontrato from obra o inner join contrato c on o.idobra=c.idobra where  c.Numero='02/11' and o.idorganismo=1), '201103', 1, 37.05, 203492.97, null, 40698.59, 152619.73, '2011-05-30', null, 10174.65, null);
insert into certificacion(idcontrato, periodo, nrocertificado, porcentajeavance, montoavance, anticipofinanciero, descuentoanticipo, importeneto, fechavtopago, retencionmulta, otrosconceptos, manoobraocupada) values ((select idcontrato from obra o inner join contrato c on o.idobra=c.idobra where  c.Numero='02/11' and o.idorganismo=1), '201104', 2, 37.6, 3019.12, null, 603.82, 2264.34, '2011-06-29', null, 150.96, null);
insert into certificacion(idcontrato, periodo, nrocertificado, porcentajeavance, montoavance, anticipofinanciero, descuentoanticipo, importeneto, fechavtopago, retencionmulta, otrosconceptos, manoobraocupada) values ((select idcontrato from obra o inner join contrato c on o.idobra=c.idobra where  c.Numero='02/11' and o.idorganismo=1), '201105', 3, 37.95, 1924.8, null, 384.96, 1443.6, '2011-07-30', null, 96.24, null);
insert into certificacion(idcontrato, periodo, nrocertificado, porcentajeavance, montoavance, anticipofinanciero, descuentoanticipo, importeneto, fechavtopago, retencionmulta, otrosconceptos, manoobraocupada) values ((select idcontrato from obra o inner join contrato c on o.idobra=c.idobra where  c.Numero='02/11' and o.idorganismo=1), '201306', 4, 84.52, 255746.68, null, 51149.34, 191810.01, '2013-08-29', null, 12787.33, null);
insert into certificacion(idcontrato, periodo, nrocertificado, porcentajeavance, montoavance, anticipofinanciero, descuentoanticipo, importeneto, fechavtopago, retencionmulta, otrosconceptos, manoobraocupada) values ((select idcontrato from obra o inner join contrato c on o.idobra=c.idobra where  c.Numero='02/11' and o.idorganismo=1), '201307', 5, 92.92, 46172.56, null, 9234.51, 34629.42, '2013-09-29', null, 2308.63, null);
insert into certificacion(idcontrato, periodo, nrocertificado, porcentajeavance, montoavance, anticipofinanciero, descuentoanticipo, importeneto, fechavtopago, retencionmulta, otrosconceptos, manoobraocupada) values ((select idcontrato from obra o inner join contrato c on o.idobra=c.idobra where  c.Numero='71/11' and o.idorganismo=1), '201112', 0, 0, 0, 866880, null, 866880, '2013-10-31', null, null, null);
insert into certificacion(idcontrato, periodo, nrocertificado, porcentajeavance, montoavance, anticipofinanciero, descuentoanticipo, importeneto, fechavtopago, retencionmulta, otrosconceptos, manoobraocupada) values ((select idcontrato from obra o inner join contrato c on o.idobra=c.idobra where  c.Numero='10/11' and o.idorganismo=1), '201107', 0, 0, 0, 17865, null, 17865, '2013-10-31', null, null, null);
insert into certificacion(idcontrato, periodo, nrocertificado, porcentajeavance, montoavance, anticipofinanciero, descuentoanticipo, importeneto, fechavtopago, retencionmulta, otrosconceptos, manoobraocupada) values ((select idcontrato from obra o inner join contrato c on o.idobra=c.idobra where  c.Numero='10/11' and o.idorganismo=1), '201201', 1, 55.37, 32974.35, null, 9892.31, 20837.82, '2012-03-31', -595.5, 1648.72, null);
insert into certificacion(idcontrato, periodo, nrocertificado, porcentajeavance, montoavance, anticipofinanciero, descuentoanticipo, importeneto, fechavtopago, retencionmulta, otrosconceptos, manoobraocupada) values ((select idcontrato from obra o inner join contrato c on o.idobra=c.idobra where  c.Numero='10/11' and o.idorganismo=1), '201202', 2, 82.7, 16271.8, null, 4881.54, 8849.72, '2012-04-29', -1726.95, 813.59, null);
insert into certificacion(idcontrato, periodo, nrocertificado, porcentajeavance, montoavance, anticipofinanciero, descuentoanticipo, importeneto, fechavtopago, retencionmulta, otrosconceptos, manoobraocupada) values ((select idcontrato from obra o inner join contrato c on o.idobra=c.idobra where  c.Numero='09/12' and o.idorganismo=1), '201307', 1, 8.34, 22572.79, null, null, 21444.15, '2012-09-29', null, 1128.64, null);
insert into certificacion(idcontrato, periodo, nrocertificado, porcentajeavance, montoavance, anticipofinanciero, descuentoanticipo, importeneto, fechavtopago, retencionmulta, otrosconceptos, manoobraocupada) values ((select idcontrato from obra o inner join contrato c on o.idobra=c.idobra where  c.Numero='09/12' and o.idorganismo=1), '201208', 2, 44.17, 96949.74, null, null, 96949.74, '2012-10-30', null, 0, null);
insert into certificacion(idcontrato, periodo, nrocertificado, porcentajeavance, montoavance, anticipofinanciero, descuentoanticipo, importeneto, fechavtopago, retencionmulta, otrosconceptos, manoobraocupada) values ((select idcontrato from obra o inner join contrato c on o.idobra=c.idobra where  c.Numero='09/12' and o.idorganismo=1), '201209', 3, 75.99, 86103.08, null, null, 86103.08, '2012-11-29', null, 0, null);
insert into certificacion(idcontrato, periodo, nrocertificado, porcentajeavance, montoavance, anticipofinanciero, descuentoanticipo, importeneto, fechavtopago, retencionmulta, otrosconceptos, manoobraocupada) values ((select idcontrato from obra o inner join contrato c on o.idobra=c.idobra where  c.Numero='09/12' and o.idorganismo=1), '201210', 4, 100, 64972.57, null, null, 61723.94, '2012-12-30', null, 3248.63, null);
insert into certificacion(idcontrato, periodo, nrocertificado, porcentajeavance, montoavance, anticipofinanciero, descuentoanticipo, importeneto, fechavtopago, retencionmulta, otrosconceptos, manoobraocupada) values ((select idcontrato from obra o inner join contrato c on o.idobra=c.idobra where  c.Numero='12/12' and o.idorganismo=1), '201202', 1, 79.28, 345006.83, null, null, 327756.49, '2012-10-30', null, 17250.34, null);
insert into certificacion(idcontrato, periodo, nrocertificado, porcentajeavance, montoavance, anticipofinanciero, descuentoanticipo, importeneto, fechavtopago, retencionmulta, otrosconceptos, manoobraocupada) values ((select idcontrato from obra o inner join contrato c on o.idobra=c.idobra where  c.Numero='12/12' and o.idorganismo=1), '201209', 2, 99.07, 86092.52, null, null, 81787.89, '2012-11-29', null, 4304.63, null);
insert into certificacion(idcontrato, periodo, nrocertificado, porcentajeavance, montoavance, anticipofinanciero, descuentoanticipo, importeneto, fechavtopago, retencionmulta, otrosconceptos, manoobraocupada) values ((select idcontrato from obra o inner join contrato c on o.idobra=c.idobra where  c.Numero='47/07' and o.idorganismo=1), '200708', 0, 0, 0, 844444.23, null, 844444.23, '2013-10-31', null, null, null);
insert into certificacion(idcontrato, periodo, nrocertificado, porcentajeavance, montoavance, anticipofinanciero, descuentoanticipo, importeneto, fechavtopago, retencionmulta, otrosconceptos, manoobraocupada) values ((select idcontrato from obra o inner join contrato c on o.idobra=c.idobra where  c.Numero='47/07' and o.idorganismo=1), '200709', 1, 13.22, 438096.27, null, 131428.88, 284762.58, '2007-11-29', null, 21904.81, null);
insert into certificacion(idcontrato, periodo, nrocertificado, porcentajeavance, montoavance, anticipofinanciero, descuentoanticipo, importeneto, fechavtopago, retencionmulta, otrosconceptos, manoobraocupada) values ((select idcontrato from obra o inner join contrato c on o.idobra=c.idobra where  c.Numero='47/07' and o.idorganismo=1), '200710', 2, 25.9, 420280.93, null, 126084.28, 273182.6, '2007-12-30', null, 21014.05, null);
insert into certificacion(idcontrato, periodo, nrocertificado, porcentajeavance, montoavance, anticipofinanciero, descuentoanticipo, importeneto, fechavtopago, retencionmulta, otrosconceptos, manoobraocupada) values ((select idcontrato from obra o inner join contrato c on o.idobra=c.idobra where  c.Numero='47/07' and o.idorganismo=1), '200711', 3, 29.76, 127785.7, null, 38335.71, 82928.98, '2008-01-29', -131.73, 6389.28, null);
insert into certificacion(idcontrato, periodo, nrocertificado, porcentajeavance, montoavance, anticipofinanciero, descuentoanticipo, importeneto, fechavtopago, retencionmulta, otrosconceptos, manoobraocupada) values ((select idcontrato from obra o inner join contrato c on o.idobra=c.idobra where  c.Numero='47/07' and o.idorganismo=1), '200712', 4, 35.93, 204457.12, null, 61337.14, 123715.8, '2008-02-29', -9181.32, 10222.86, null);
insert into certificacion(idcontrato, periodo, nrocertificado, porcentajeavance, montoavance, anticipofinanciero, descuentoanticipo, importeneto, fechavtopago, retencionmulta, otrosconceptos, manoobraocupada) values ((select idcontrato from obra o inner join contrato c on o.idobra=c.idobra where  c.Numero='47/07' and o.idorganismo=1), '200801', 5, 50.34, 477725.93, null, 143317.78, 319760.84, '2008-03-31', 9238.99, 23886.3, null);
insert into certificacion(idcontrato, periodo, nrocertificado, porcentajeavance, montoavance, anticipofinanciero, descuentoanticipo, importeneto, fechavtopago, retencionmulta, otrosconceptos, manoobraocupada) values ((select idcontrato from obra o inner join contrato c on o.idobra=c.idobra where  c.Numero='47/07' and o.idorganismo=1), '200808', 6, 58.18, 259668.99, null, 77900.7, 168784.84, '2008-10-30', null, 12983.45, null);
insert into certificacion(idcontrato, periodo, nrocertificado, porcentajeavance, montoavance, anticipofinanciero, descuentoanticipo, importeneto, fechavtopago, retencionmulta, otrosconceptos, manoobraocupada) values ((select idcontrato from obra o inner join contrato c on o.idobra=c.idobra where  c.Numero='47/07' and o.idorganismo=1), '200809', 7, 58.18, 0, null, 0, -6604.61, '2008-12-30', -6604.61, 0, null);
insert into certificacion(idcontrato, periodo, nrocertificado, porcentajeavance, montoavance, anticipofinanciero, descuentoanticipo, importeneto, fechavtopago, retencionmulta, otrosconceptos, manoobraocupada) values ((select idcontrato from obra o inner join contrato c on o.idobra=c.idobra where  c.Numero='47/07' and o.idorganismo=1), '200811', 8, 67.05, 294109.96, null, 88232.99, 195564.56, '2009-01-29', 4393.09, 14705.5, null);
insert into certificacion(idcontrato, periodo, nrocertificado, porcentajeavance, montoavance, anticipofinanciero, descuentoanticipo, importeneto, fechavtopago, retencionmulta, otrosconceptos, manoobraocupada) values ((select idcontrato from obra o inner join contrato c on o.idobra=c.idobra where  c.Numero='47/07' and o.idorganismo=1), '200812', 9, 84, 561659.33, null, 168497.8, 365078.56, '2009-03-01', null, 28082.97, null);
insert into certificacion(idcontrato, periodo, nrocertificado, porcentajeavance, montoavance, anticipofinanciero, descuentoanticipo, importeneto, fechavtopago, retencionmulta, otrosconceptos, manoobraocupada) values ((select idcontrato from obra o inner join contrato c on o.idobra=c.idobra where  c.Numero='47/07' and o.idorganismo=1), '200901', 10, 84.3, 10029.48, null, 3008.84, 6519.17, '2009-04-01', null, 501.47, null);
insert into certificacion(idcontrato, periodo, nrocertificado, porcentajeavance, montoavance, anticipofinanciero, descuentoanticipo, importeneto, fechavtopago, retencionmulta, otrosconceptos, manoobraocupada) values ((select idcontrato from obra o inner join contrato c on o.idobra=c.idobra where  c.Numero='14/10' and o.idorganismo=1), '201007', 1, 9.96, 88323.56, null, null, 83907.38, '2010-09-29', null, 4416.18, null);
insert into certificacion(idcontrato, periodo, nrocertificado, porcentajeavance, montoavance, anticipofinanciero, descuentoanticipo, importeneto, fechavtopago, retencionmulta, otrosconceptos, manoobraocupada) values ((select idcontrato from obra o inner join contrato c on o.idobra=c.idobra where  c.Numero='14/10' and o.idorganismo=1), '201008', 2, 28.34, 162984.43, null, null, 154835.21, '2010-10-29', null, 8149.22, null);
insert into certificacion(idcontrato, periodo, nrocertificado, porcentajeavance, montoavance, anticipofinanciero, descuentoanticipo, importeneto, fechavtopago, retencionmulta, otrosconceptos, manoobraocupada) values ((select idcontrato from obra o inner join contrato c on o.idobra=c.idobra where  c.Numero='14/10' and o.idorganismo=1), '201009', 3, 44.62, 144373.12, null, null, 137129.95, '2010-11-29', -24.51, 7218.66, null);
insert into certificacion(idcontrato, periodo, nrocertificado, porcentajeavance, montoavance, anticipofinanciero, descuentoanticipo, importeneto, fechavtopago, retencionmulta, otrosconceptos, manoobraocupada) values ((select idcontrato from obra o inner join contrato c on o.idobra=c.idobra where  c.Numero='14/10' and o.idorganismo=1), '201010', 4, 58.21, 120562.51, null, null, 114045.7, '2011-12-30', -488.68, 6028.13, null);
insert into certificacion(idcontrato, periodo, nrocertificado, porcentajeavance, montoavance, anticipofinanciero, descuentoanticipo, importeneto, fechavtopago, retencionmulta, otrosconceptos, manoobraocupada) values ((select idcontrato from obra o inner join contrato c on o.idobra=c.idobra where  c.Numero='14/10' and o.idorganismo=1), '201011', 5, 80.4, 196774.54, null, null, 187406.49, '2011-01-29', 470.68, 9838.73, null);
insert into certificacion(idcontrato, periodo, nrocertificado, porcentajeavance, montoavance, anticipofinanciero, descuentoanticipo, importeneto, fechavtopago, retencionmulta, otrosconceptos, manoobraocupada) values ((select idcontrato from obra o inner join contrato c on o.idobra=c.idobra where  c.Numero='14/10' and o.idorganismo=1), '201012', 6, 100, 173800.41, null, null, 165152.9, '2011-03-01', 42.51, 8690.02, null);
insert into certificacion(idcontrato, periodo, nrocertificado, porcentajeavance, montoavance, anticipofinanciero, descuentoanticipo, importeneto, fechavtopago, retencionmulta, otrosconceptos, manoobraocupada) values ((select idcontrato from obra o inner join contrato c on o.idobra=c.idobra where  c.Numero='15/11' and o.idorganismo=1), '201102', 1, 30, 384094.8, null, null, 364890.06, '2011-04-29', null, 19204.74, null);
insert into certificacion(idcontrato, periodo, nrocertificado, porcentajeavance, montoavance, anticipofinanciero, descuentoanticipo, importeneto, fechavtopago, retencionmulta, otrosconceptos, manoobraocupada) values ((select idcontrato from obra o inner join contrato c on o.idobra=c.idobra where  c.Numero='15/11' and o.idorganismo=1), '201103', 2, 50, 256063.2, null, null, 243260.04, '2011-05-30', null, 12803.16, null);
insert into certificacion(idcontrato, periodo, nrocertificado, porcentajeavance, montoavance, anticipofinanciero, descuentoanticipo, importeneto, fechavtopago, retencionmulta, otrosconceptos, manoobraocupada) values ((select idcontrato from obra o inner join contrato c on o.idobra=c.idobra where  c.Numero='15/11' and o.idorganismo=1), '201104', 3, 66.37, 213386, null, null, 202716.7, '2011-06-29', null, 10669.3, null);
insert into certificacion(idcontrato, periodo, nrocertificado, porcentajeavance, montoavance, anticipofinanciero, descuentoanticipo, importeneto, fechavtopago, retencionmulta, otrosconceptos, manoobraocupada) values ((select idcontrato from obra o inner join contrato c on o.idobra=c.idobra where  c.Numero='15/11' and o.idorganismo=1), '201105', 4, 83.32, 213172.61, null, null, 202513.98, '2011-07-30', null, 10658.63, null);
insert into certificacion(idcontrato, periodo, nrocertificado, porcentajeavance, montoavance, anticipofinanciero, descuentoanticipo, importeneto, fechavtopago, retencionmulta, otrosconceptos, manoobraocupada) values ((select idcontrato from obra o inner join contrato c on o.idobra=c.idobra where  c.Numero='07/12' and o.idorganismo=1), '201105', 1, 36.19, 14440, null, null, 13718, '2012-07-30', null, 722, null);
insert into certificacion(idcontrato, periodo, nrocertificado, porcentajeavance, montoavance, anticipofinanciero, descuentoanticipo, importeneto, fechavtopago, retencionmulta, otrosconceptos, manoobraocupada) values ((select idcontrato from obra o inner join contrato c on o.idobra=c.idobra where  c.Numero='07/12' and o.idorganismo=1), '201212', 2, 100, 25463.3, null, null, 24190.13, '2012-07-29', null, 1273.17, null);
insert into certificacion(idcontrato, periodo, nrocertificado, porcentajeavance, montoavance, anticipofinanciero, descuentoanticipo, importeneto, fechavtopago, retencionmulta, otrosconceptos, manoobraocupada) values ((select idcontrato from obra o inner join contrato c on o.idobra=c.idobra where  c.Numero='15/12' and o.idorganismo=1), '201212', 1, 7.17, 81136.13, null, null, 77079.32, '2013-03-01', null, 4056.81, null);
insert into certificacion(idcontrato, periodo, nrocertificado, porcentajeavance, montoavance, anticipofinanciero, descuentoanticipo, importeneto, fechavtopago, retencionmulta, otrosconceptos, manoobraocupada) values ((select idcontrato from obra o inner join contrato c on o.idobra=c.idobra where  c.Numero='15/12' and o.idorganismo=1), '201301', 2, 36.56, 332836.31, null, null, 316194.49, '2013-04-01', null, 16641.82, null);
insert into certificacion(idcontrato, periodo, nrocertificado, porcentajeavance, montoavance, anticipofinanciero, descuentoanticipo, importeneto, fechavtopago, retencionmulta, otrosconceptos, manoobraocupada) values ((select idcontrato from obra o inner join contrato c on o.idobra=c.idobra where  c.Numero='15/12' and o.idorganismo=1), '201302', 3, 55.32, 212398.5, null, null, 212398.5, '2013-04-29', null, 0, null);
insert into certificacion(idcontrato, periodo, nrocertificado, porcentajeavance, montoavance, anticipofinanciero, descuentoanticipo, importeneto, fechavtopago, retencionmulta, otrosconceptos, manoobraocupada) values ((select idcontrato from obra o inner join contrato c on o.idobra=c.idobra where  c.Numero='15/12' and o.idorganismo=1), '201303', 4, 73.82, 209435.67, null, null, 209435.67, '2013-05-30', null, 0, null);
insert into certificacion(idcontrato, periodo, nrocertificado, porcentajeavance, montoavance, anticipofinanciero, descuentoanticipo, importeneto, fechavtopago, retencionmulta, otrosconceptos, manoobraocupada) values ((select idcontrato from obra o inner join contrato c on o.idobra=c.idobra where  c.Numero='15/12' and o.idorganismo=1), '201304', 5, 82.09, 96550.48, null, null, 96550.48, '2013-06-30', null, 0, null);
insert into certificacion(idcontrato, periodo, nrocertificado, porcentajeavance, montoavance, anticipofinanciero, descuentoanticipo, importeneto, fechavtopago, retencionmulta, otrosconceptos, manoobraocupada) values ((select idcontrato from obra o inner join contrato c on o.idobra=c.idobra where  c.Numero='15/12' and o.idorganismo=1), '201305', 6, 82.27, 2133.22, null, null, 2133.22, '2013-07-30', null, 0, null);
insert into certificacion(idcontrato, periodo, nrocertificado, porcentajeavance, montoavance, anticipofinanciero, descuentoanticipo, importeneto, fechavtopago, retencionmulta, otrosconceptos, manoobraocupada) values ((select idcontrato from obra o inner join contrato c on o.idobra=c.idobra where  c.Numero='15/12' and o.idorganismo=1), '1306', 7, 100, 200690.28, null, null, 190655.77, '2013-08-29', null, 10034.51, null);
insert into certificacion(idcontrato, periodo, nrocertificado, porcentajeavance, montoavance, anticipofinanciero, descuentoanticipo, importeneto, fechavtopago, retencionmulta, otrosconceptos, manoobraocupada) values ((select idcontrato from obra o inner join contrato c on o.idobra=c.idobra where  c.Numero='03/13' and o.idorganismo=1), '201302', 0, 0, 0, 569912.67, null, 569912.67, '2013-10-31', null, null, null);
insert into certificacion(idcontrato, periodo, nrocertificado, porcentajeavance, montoavance, anticipofinanciero, descuentoanticipo, importeneto, fechavtopago, retencionmulta, otrosconceptos, manoobraocupada) values ((select idcontrato from obra o inner join contrato c on o.idobra=c.idobra where  c.Numero='03/13' and o.idorganismo=1), '201302', 1, 0, 0, null, 0, -5739.4, '2013-04-29', -5739.4, 0, null);
insert into certificacion(idcontrato, periodo, nrocertificado, porcentajeavance, montoavance, anticipofinanciero, descuentoanticipo, importeneto, fechavtopago, retencionmulta, otrosconceptos, manoobraocupada) values ((select idcontrato from obra o inner join contrato c on o.idobra=c.idobra where  c.Numero='03/13' and o.idorganismo=1), '201303', 2, 26.08, 495407.5, null, 148622.25, 326919.63, '2013-05-30', 4904.76, 24770.38, null);
insert into certificacion(idcontrato, periodo, nrocertificado, porcentajeavance, montoavance, anticipofinanciero, descuentoanticipo, importeneto, fechavtopago, retencionmulta, otrosconceptos, manoobraocupada) values ((select idcontrato from obra o inner join contrato c on o.idobra=c.idobra where  c.Numero='03/13' and o.idorganismo=1), '201304', 3, 56.84, 584312.97, null, 175293.89, 374817.84, '2013-06-29', -4985.59, 29215.65, null);
insert into certificacion(idcontrato, periodo, nrocertificado, porcentajeavance, montoavance, anticipofinanciero, descuentoanticipo, importeneto, fechavtopago, retencionmulta, otrosconceptos, manoobraocupada) values ((select idcontrato from obra o inner join contrato c on o.idobra=c.idobra where  c.Numero='03/13' and o.idorganismo=1), '201305', 4, 91, 649021, null, 194706.3, 427683.88, '2013-07-30', 5820.23, 32451.05, null);
insert into certificacion(idcontrato, periodo, nrocertificado, porcentajeavance, montoavance, anticipofinanciero, descuentoanticipo, importeneto, fechavtopago, retencionmulta, otrosconceptos, manoobraocupada) values ((select idcontrato from obra o inner join contrato c on o.idobra=c.idobra where  c.Numero='03/13' and o.idorganismo=1), '201306', 5, 100, 170967.43, null, 51290.23, 111128.83, '2013-08-29', null, 8548.37, null);
insert into certificacion(idcontrato, periodo, nrocertificado, porcentajeavance, montoavance, anticipofinanciero, descuentoanticipo, importeneto, fechavtopago, retencionmulta, otrosconceptos, manoobraocupada) values ((select idcontrato from obra o inner join contrato c on o.idobra=c.idobra where  c.Numero='14/12' and o.idorganismo=1), '201210', 0, 0, 0, 24061.72, null, 24061.72, '2013-10-31', null, null, null);
insert into certificacion(idcontrato, periodo, nrocertificado, porcentajeavance, montoavance, anticipofinanciero, descuentoanticipo, importeneto, fechavtopago, retencionmulta, otrosconceptos, manoobraocupada) values ((select idcontrato from obra o inner join contrato c on o.idobra=c.idobra where  c.Numero='14/12' and o.idorganismo=1), '201210', 1, 53.08, 42570, null, 12771, 27670.5, '2012-12-30', null, 2128.5, null);
insert into certificacion(idcontrato, periodo, nrocertificado, porcentajeavance, montoavance, anticipofinanciero, descuentoanticipo, importeneto, fechavtopago, retencionmulta, otrosconceptos, manoobraocupada) values ((select idcontrato from obra o inner join contrato c on o.idobra=c.idobra where  c.Numero='14/12' and o.idorganismo=1), '201211', 2, 100, 37635.72, null, 11290.72, 24463.21, '2013-01-29', null, 1881.79, null);
insert into certificacion(idcontrato, periodo, nrocertificado, porcentajeavance, montoavance, anticipofinanciero, descuentoanticipo, importeneto, fechavtopago, retencionmulta, otrosconceptos, manoobraocupada) values ((select idcontrato from obra o inner join contrato c on o.idobra=c.idobra where  c.Numero='16/12' and o.idorganismo=1), '201210', 0, 0, 0, 20984.51, null, 20984.51, '2013-10-31', null, null, null);
insert into certificacion(idcontrato, periodo, nrocertificado, porcentajeavance, montoavance, anticipofinanciero, descuentoanticipo, importeneto, fechavtopago, retencionmulta, otrosconceptos, manoobraocupada) values ((select idcontrato from obra o inner join contrato c on o.idobra=c.idobra where  c.Numero='16/12' and o.idorganismo=1), '201211', 1, 100, 254922.56, null, 50984.51, 191191.92, '2012-01-29', null, 12746.13, null);
insert into certificacion(idcontrato, periodo, nrocertificado, porcentajeavance, montoavance, anticipofinanciero, descuentoanticipo, importeneto, fechavtopago, retencionmulta, otrosconceptos, manoobraocupada) values ((select idcontrato from obra o inner join contrato c on o.idobra=c.idobra where  c.Numero='13/12' and o.idorganismo=1), '201211', 1, 40.4, 333360, null, null, 316692, '2013-01-29', null, 16668, null);
insert into certificacion(idcontrato, periodo, nrocertificado, porcentajeavance, montoavance, anticipofinanciero, descuentoanticipo, importeneto, fechavtopago, retencionmulta, otrosconceptos, manoobraocupada) values ((select idcontrato from obra o inner join contrato c on o.idobra=c.idobra where  c.Numero='13/12' and o.idorganismo=1), '201212', 2, 67.55, 223976.25, null, null, 212777.44, '2013-03-01', null, 11198.81, null);
insert into certificacion(idcontrato, periodo, nrocertificado, porcentajeavance, montoavance, anticipofinanciero, descuentoanticipo, importeneto, fechavtopago, retencionmulta, otrosconceptos, manoobraocupada) values ((select idcontrato from obra o inner join contrato c on o.idobra=c.idobra where  c.Numero='13/12' and o.idorganismo=1), '201301', 3, 96.21, 104175, null, null, 98966.25, '2013-04-01', null, 5208.75, null);
insert into certificacion(idcontrato, periodo, nrocertificado, porcentajeavance, montoavance, anticipofinanciero, descuentoanticipo, importeneto, fechavtopago, retencionmulta, otrosconceptos, manoobraocupada) values ((select idcontrato from obra o inner join contrato c on o.idobra=c.idobra where  c.Numero='13/12' and o.idorganismo=1), '201301', 4, 100, 163554.75, null, null, 155377.01, '2013-04-01', null, 8177.74, null);
insert into certificacion(idcontrato, periodo, nrocertificado, porcentajeavance, montoavance, anticipofinanciero, descuentoanticipo, importeneto, fechavtopago, retencionmulta, otrosconceptos, manoobraocupada) values ((select idcontrato from obra o inner join contrato c on o.idobra=c.idobra where  c.Numero='02/13' and o.idorganismo=1), '201301', 1, 33.98, 143594.38, null, null, 136414.67, '2013-04-01', null, 7179.71, null);
insert into certificacion(idcontrato, periodo, nrocertificado, porcentajeavance, montoavance, anticipofinanciero, descuentoanticipo, importeneto, fechavtopago, retencionmulta, otrosconceptos, manoobraocupada) values ((select idcontrato from obra o inner join contrato c on o.idobra=c.idobra where  c.Numero='02/13' and o.idorganismo=1), '201302', 2, 79.06, 190510.64, null, null, 180985.11, '2013-04-29', null, 9525.53, null);
insert into certificacion(idcontrato, periodo, nrocertificado, porcentajeavance, montoavance, anticipofinanciero, descuentoanticipo, importeneto, fechavtopago, retencionmulta, otrosconceptos, manoobraocupada) values ((select idcontrato from obra o inner join contrato c on o.idobra=c.idobra where  c.Numero='02/13' and o.idorganismo=1), '201303', 3, 99.52, 86471.78, null, null, 85148.19, '2013-05-30', null, 1323.59, null);
insert into certificacion(idcontrato, periodo, nrocertificado, porcentajeavance, montoavance, anticipofinanciero, descuentoanticipo, importeneto, fechavtopago, retencionmulta, otrosconceptos, manoobraocupada) values ((select idcontrato from obra o inner join contrato c on o.idobra=c.idobra where  c.Numero='02/13' and o.idorganismo=1), '201304', 4, 100, 2031.1, null, null, 1929.55, '2013-06-29', null, 101.55, null);
insert into certificacion(idcontrato, periodo, nrocertificado, porcentajeavance, montoavance, anticipofinanciero, descuentoanticipo, importeneto, fechavtopago, retencionmulta, otrosconceptos, manoobraocupada) values ((select idcontrato from obra o inner join contrato c on o.idobra=c.idobra where  c.Numero='17/12' and o.idorganismo=1), '201210', 1, 33.33, 331333.33, null, null, 314766.66, '2012-12-30', null, 16566.67, null);
insert into certificacion(idcontrato, periodo, nrocertificado, porcentajeavance, montoavance, anticipofinanciero, descuentoanticipo, importeneto, fechavtopago, retencionmulta, otrosconceptos, manoobraocupada) values ((select idcontrato from obra o inner join contrato c on o.idobra=c.idobra where  c.Numero='17/12' and o.idorganismo=1), '201211', 2, 66.67, 331333.33, null, null, 314766.66, '2013-01-29', null, 16566.67, null);
insert into certificacion(idcontrato, periodo, nrocertificado, porcentajeavance, montoavance, anticipofinanciero, descuentoanticipo, importeneto, fechavtopago, retencionmulta, otrosconceptos, manoobraocupada) values ((select idcontrato from obra o inner join contrato c on o.idobra=c.idobra where  c.Numero='17/12' and o.idorganismo=1), '201212', 3, 100, 331333.34, null, null, 314766.67, '2013-03-01', null, 16566.67, null);
insert into certificacion(idcontrato, periodo, nrocertificado, porcentajeavance, montoavance, anticipofinanciero, descuentoanticipo, importeneto, fechavtopago, retencionmulta, otrosconceptos, manoobraocupada) values ((select idcontrato from obra o inner join contrato c on o.idobra=c.idobra where  c.Numero='07/13' and o.idorganismo=1), '201301', 1, 16.67, 157500, null, null, 149625, '2013-04-01', null, 7875, null);
insert into certificacion(idcontrato, periodo, nrocertificado, porcentajeavance, montoavance, anticipofinanciero, descuentoanticipo, importeneto, fechavtopago, retencionmulta, otrosconceptos, manoobraocupada) values ((select idcontrato from obra o inner join contrato c on o.idobra=c.idobra where  c.Numero='07/13' and o.idorganismo=1), '201302', 2, 50, 315000, null, null, 299250, '2013-04-29', null, 15750, null);
insert into certificacion(idcontrato, periodo, nrocertificado, porcentajeavance, montoavance, anticipofinanciero, descuentoanticipo, importeneto, fechavtopago, retencionmulta, otrosconceptos, manoobraocupada) values ((select idcontrato from obra o inner join contrato c on o.idobra=c.idobra where  c.Numero='07/13' and o.idorganismo=1), '201303', 3, 83.33, 315000, null, null, 299250, '2013-05-30', null, 15750, null);
insert into certificacion(idcontrato, periodo, nrocertificado, porcentajeavance, montoavance, anticipofinanciero, descuentoanticipo, importeneto, fechavtopago, retencionmulta, otrosconceptos, manoobraocupada) values ((select idcontrato from obra o inner join contrato c on o.idobra=c.idobra where  c.Numero='07/13' and o.idorganismo=1), '201304', 4, 100, 157500, null, null, 149625, '2013-06-29', null, 7875, null);
insert into certificacion(idcontrato, periodo, nrocertificado, porcentajeavance, montoavance, anticipofinanciero, descuentoanticipo, importeneto, fechavtopago, retencionmulta, otrosconceptos, manoobraocupada) values ((select idcontrato from obra o inner join contrato c on o.idobra=c.idobra where  c.Numero='66/11' and o.idorganismo=1), '201111', 0, 0, 0, 391910.71, null, 391910.71, '2013-10-31', null, null, null);
insert into certificacion(idcontrato, periodo, nrocertificado, porcentajeavance, montoavance, anticipofinanciero, descuentoanticipo, importeneto, fechavtopago, retencionmulta, otrosconceptos, manoobraocupada) values ((select idcontrato from obra o inner join contrato c on o.idobra=c.idobra where  c.Numero='66/11' and o.idorganismo=1), '201203', 1, 56.33, 1103849.45, null, 220769.89, 827887.09, '2012-05-30', null, 55192.47, null);
insert into certificacion(idcontrato, periodo, nrocertificado, porcentajeavance, montoavance, anticipofinanciero, descuentoanticipo, importeneto, fechavtopago, retencionmulta, otrosconceptos, manoobraocupada) values ((select idcontrato from obra o inner join contrato c on o.idobra=c.idobra where  c.Numero='66/11' and o.idorganismo=1), '201204', 2, 68.11, 230709.38, null, 46141.88, 184567.5, '2012-06-29', null, null, null);
insert into certificacion(idcontrato, periodo, nrocertificado, porcentajeavance, montoavance, anticipofinanciero, descuentoanticipo, importeneto, fechavtopago, retencionmulta, otrosconceptos, manoobraocupada) values ((select idcontrato from obra o inner join contrato c on o.idobra=c.idobra where  c.Numero='66/11' and o.idorganismo=1), '201205', 3, 68.61, 9845.22, null, 1969.04, 7778.69, '2012-07-30', -97.49, null, null);
insert into certificacion(idcontrato, periodo, nrocertificado, porcentajeavance, montoavance, anticipofinanciero, descuentoanticipo, importeneto, fechavtopago, retencionmulta, otrosconceptos, manoobraocupada) values ((select idcontrato from obra o inner join contrato c on o.idobra=c.idobra where  c.Numero='66/11' and o.idorganismo=1), '201208', 4, 82.56, 273458.41, null, 54691.68, 218766.73, '2012-01-30', null, null, null);
insert into certificacion(idcontrato, periodo, nrocertificado, porcentajeavance, montoavance, anticipofinanciero, descuentoanticipo, importeneto, fechavtopago, retencionmulta, otrosconceptos, manoobraocupada) values ((select idcontrato from obra o inner join contrato c on o.idobra=c.idobra where  c.Numero='66/11' and o.idorganismo=1), '201209', 5, 90.61, 157687.27, null, 31537.45, 126149.82, '2012-11-29', null, null, null);
insert into certificacion(idcontrato, periodo, nrocertificado, porcentajeavance, montoavance, anticipofinanciero, descuentoanticipo, importeneto, fechavtopago, retencionmulta, otrosconceptos, manoobraocupada) values ((select idcontrato from obra o inner join contrato c on o.idobra=c.idobra where  c.Numero='66/11' and o.idorganismo=1), '201210', 6, 99.03, 164929.35, null, 32985.87, 131943.48, '2012-12-30', null, null, null);
insert into certificacion(idcontrato, periodo, nrocertificado, porcentajeavance, montoavance, anticipofinanciero, descuentoanticipo, importeneto, fechavtopago, retencionmulta, otrosconceptos, manoobraocupada) values ((select idcontrato from obra o inner join contrato c on o.idobra=c.idobra where  c.Numero='66/11' and o.idorganismo=1), '201211', 7, 100, 19074.48, null, 3814.9, 15357.07, '2013-01-29', 97.49, null, null);
insert into certificacion(idcontrato, periodo, nrocertificado, porcentajeavance, montoavance, anticipofinanciero, descuentoanticipo, importeneto, fechavtopago, retencionmulta, otrosconceptos, manoobraocupada) values ((select idcontrato from obra o inner join contrato c on o.idobra=c.idobra where  c.Numero='10/12' and o.idorganismo=1), '201208', 0, 0, 0, 544079.91, null, 544079.91, '2013-10-31', null, null, null);
insert into certificacion(idcontrato, periodo, nrocertificado, porcentajeavance, montoavance, anticipofinanciero, descuentoanticipo, importeneto, fechavtopago, retencionmulta, otrosconceptos, manoobraocupada) values ((select idcontrato from obra o inner join contrato c on o.idobra=c.idobra where  c.Numero='10/12' and o.idorganismo=1), '201208', 1, 13.47, 366412.15, null, 73282.43, 274809.11, '2012-10-30', null, 18320.61, null);
insert into certificacion(idcontrato, periodo, nrocertificado, porcentajeavance, montoavance, anticipofinanciero, descuentoanticipo, importeneto, fechavtopago, retencionmulta, otrosconceptos, manoobraocupada) values ((select idcontrato from obra o inner join contrato c on o.idobra=c.idobra where  c.Numero='10/12' and o.idorganismo=1), '201209', 2, 45.38, 868217.07, null, 173643.41, 640523.26, '2012-11-29', -10639.55, 43410.85, null);
insert into certificacion(idcontrato, periodo, nrocertificado, porcentajeavance, montoavance, anticipofinanciero, descuentoanticipo, importeneto, fechavtopago, retencionmulta, otrosconceptos, manoobraocupada) values ((select idcontrato from obra o inner join contrato c on o.idobra=c.idobra where  c.Numero='10/12' and o.idorganismo=1), '201210', 3, 100, 1485770.31, null, 297154.07, 1124967.27, '2012-12-30', 10639.55, 74288.52, null);
insert into certificacion(idcontrato, periodo, nrocertificado, porcentajeavance, montoavance, anticipofinanciero, descuentoanticipo, importeneto, fechavtopago, retencionmulta, otrosconceptos, manoobraocupada) values ((select idcontrato from obra o inner join contrato c on o.idobra=c.idobra where  c.Numero='63/11' and o.idorganismo=1), '201110', 0, 0, 0, 355851.34, null, 355851.34, '2013-10-31', null, null, null);
insert into certificacion(idcontrato, periodo, nrocertificado, porcentajeavance, montoavance, anticipofinanciero, descuentoanticipo, importeneto, fechavtopago, retencionmulta, otrosconceptos, manoobraocupada) values ((select idcontrato from obra o inner join contrato c on o.idobra=c.idobra where  c.Numero='63/11' and o.idorganismo=1), '201111', 1, 8.87, 157753.4, null, 31550.68, 118315.05, '2012-01-29', null, 7887.67, null);
insert into certificacion(idcontrato, periodo, nrocertificado, porcentajeavance, montoavance, anticipofinanciero, descuentoanticipo, importeneto, fechavtopago, retencionmulta, otrosconceptos, manoobraocupada) values ((select idcontrato from obra o inner join contrato c on o.idobra=c.idobra where  c.Numero='63/11' and o.idorganismo=1), '201112', 2, 30.06, 377140.62, null, 75428.12, 301712.5, '2012-02-29', null, 0, null);
insert into certificacion(idcontrato, periodo, nrocertificado, porcentajeavance, montoavance, anticipofinanciero, descuentoanticipo, importeneto, fechavtopago, retencionmulta, otrosconceptos, manoobraocupada) values ((select idcontrato from obra o inner join contrato c on o.idobra=c.idobra where  c.Numero='63/11' and o.idorganismo=1), '201201', 3, 66.88, 655131.19, null, 131026.24, 524104.95, '2012-03-31', null, 0, null);
insert into certificacion(idcontrato, periodo, nrocertificado, porcentajeavance, montoavance, anticipofinanciero, descuentoanticipo, importeneto, fechavtopago, retencionmulta, otrosconceptos, manoobraocupada) values ((select idcontrato from obra o inner join contrato c on o.idobra=c.idobra where  c.Numero='63/11' and o.idorganismo=1), '201202', 4, 100, 589231.48, null, 117846.3, 471385.18, '2012-04-29', null, 0, null);
insert into certificacion(idcontrato, periodo, nrocertificado, porcentajeavance, montoavance, anticipofinanciero, descuentoanticipo, importeneto, fechavtopago, retencionmulta, otrosconceptos, manoobraocupada) values ((select idcontrato from obra o inner join contrato c on o.idobra=c.idobra where  c.Numero='62/11' and o.idorganismo=1), '201110', 0, 0, 0, 538403.09, null, 538403.09, '2013-10-31', null, null, null);
insert into certificacion(idcontrato, periodo, nrocertificado, porcentajeavance, montoavance, anticipofinanciero, descuentoanticipo, importeneto, fechavtopago, retencionmulta, otrosconceptos, manoobraocupada) values ((select idcontrato from obra o inner join contrato c on o.idobra=c.idobra where  c.Numero='62/11' and o.idorganismo=1), '201201', 1, 12.76, 224358.44, null, 67307.53, 145832.99, '2012-03-31', null, 11217.92, null);
insert into certificacion(idcontrato, periodo, nrocertificado, porcentajeavance, montoavance, anticipofinanciero, descuentoanticipo, importeneto, fechavtopago, retencionmulta, otrosconceptos, manoobraocupada) values ((select idcontrato from obra o inner join contrato c on o.idobra=c.idobra where  c.Numero='62/11' and o.idorganismo=1), '201202', 2, 16.9, 72859.46, null, 21857.84, 42670.64, '2012-04-29', -4688.01, 3642.97, null);
insert into certificacion(idcontrato, periodo, nrocertificado, porcentajeavance, montoavance, anticipofinanciero, descuentoanticipo, importeneto, fechavtopago, retencionmulta, otrosconceptos, manoobraocupada) values ((select idcontrato from obra o inner join contrato c on o.idobra=c.idobra where  c.Numero='62/11' and o.idorganismo=1), '201203', 3, 18.6, 29944.1, null, 8983.23, 19463.66, '2012-05-30', null, 1497.21, null);
insert into certificacion(idcontrato, periodo, nrocertificado, porcentajeavance, montoavance, anticipofinanciero, descuentoanticipo, importeneto, fechavtopago, retencionmulta, otrosconceptos, manoobraocupada) values ((select idcontrato from obra o inner join contrato c on o.idobra=c.idobra where  c.Numero='62/11' and o.idorganismo=1), '201207', 4, 28.1, 167050.4, null, 50115.12, 113270.77, '2012-09-29', 4688.01, 8352.52, null);
insert into certificacion(idcontrato, periodo, nrocertificado, porcentajeavance, montoavance, anticipofinanciero, descuentoanticipo, importeneto, fechavtopago, retencionmulta, otrosconceptos, manoobraocupada) values ((select idcontrato from obra o inner join contrato c on o.idobra=c.idobra where  c.Numero='62/11' and o.idorganismo=1), '201208', 5, 54.7, 467790.9, null, 140337.27, 304064.08, '2012-10-30', null, 23389.55, null);
insert into certificacion(idcontrato, periodo, nrocertificado, porcentajeavance, montoavance, anticipofinanciero, descuentoanticipo, importeneto, fechavtopago, retencionmulta, otrosconceptos, manoobraocupada) values ((select idcontrato from obra o inner join contrato c on o.idobra=c.idobra where  c.Numero='62/11' and o.idorganismo=1), '201209', 6, 82.41, 487388.4, null, 146216.52, 316802.46, '2012-11-29', null, 24369.42, null);
insert into certificacion(idcontrato, periodo, nrocertificado, porcentajeavance, montoavance, anticipofinanciero, descuentoanticipo, importeneto, fechavtopago, retencionmulta, otrosconceptos, manoobraocupada) values ((select idcontrato from obra o inner join contrato c on o.idobra=c.idobra where  c.Numero='62/11' and o.idorganismo=1), '201210', 7, 96.79, 252902.5, null, 103585.58, 136671.79, '2012-12-30', null, 12645.13, null);
insert into certificacion(idcontrato, periodo, nrocertificado, porcentajeavance, montoavance, anticipofinanciero, descuentoanticipo, importeneto, fechavtopago, retencionmulta, otrosconceptos, manoobraocupada) values ((select idcontrato from obra o inner join contrato c on o.idobra=c.idobra where  c.Numero='25/11' and o.idorganismo=1), '201103', 0, 0, 0, 120423, null, 120423, '2013-10-31', null, null, null);
insert into certificacion(idcontrato, periodo, nrocertificado, porcentajeavance, montoavance, anticipofinanciero, descuentoanticipo, importeneto, fechavtopago, retencionmulta, otrosconceptos, manoobraocupada) values ((select idcontrato from obra o inner join contrato c on o.idobra=c.idobra where  c.Numero='25/11' and o.idorganismo=1), '201107', 1, 63.24, 295680, null, 88704, 192192, '2011-09-29', null, 14784, null);
insert into certificacion(idcontrato, periodo, nrocertificado, porcentajeavance, montoavance, anticipofinanciero, descuentoanticipo, importeneto, fechavtopago, retencionmulta, otrosconceptos, manoobraocupada) values ((select idcontrato from obra o inner join contrato c on o.idobra=c.idobra where  c.Numero='25/11' and o.idorganismo=1), '201108', 2, 64.16, 4288, null, 1286.4, 2491.18, '2011-10-30', -296.02, 214.4, null);
insert into certificacion(idcontrato, periodo, nrocertificado, porcentajeavance, montoavance, anticipofinanciero, descuentoanticipo, importeneto, fechavtopago, retencionmulta, otrosconceptos, manoobraocupada) values ((select idcontrato from obra o inner join contrato c on o.idobra=c.idobra where  c.Numero='25/11' and o.idorganismo=1), '201109', 3, 70.72, 30681.5, null, 9204.45, 18442.25, '2011-11-29', -1500.72, 1534.08, null);
insert into certificacion(idcontrato, periodo, nrocertificado, porcentajeavance, montoavance, anticipofinanciero, descuentoanticipo, importeneto, fechavtopago, retencionmulta, otrosconceptos, manoobraocupada) values ((select idcontrato from obra o inner join contrato c on o.idobra=c.idobra where  c.Numero='25/11' and o.idorganismo=1), '201302', 4, 100, 136897.6, null, 21228.15, 49372.64, '2013-04-29', -59451.93, 6844.88, null);
insert into certificacion(idcontrato, periodo, nrocertificado, porcentajeavance, montoavance, anticipofinanciero, descuentoanticipo, importeneto, fechavtopago, retencionmulta, otrosconceptos, manoobraocupada) values ((select idcontrato from obra o inner join contrato c on o.idobra=c.idobra where  c.Numero='03/12' and o.idorganismo=1), '201202', 0, 0, 0, 69071.76, null, 69071.76, '2013-10-31', null, null, null);
insert into certificacion(idcontrato, periodo, nrocertificado, porcentajeavance, montoavance, anticipofinanciero, descuentoanticipo, importeneto, fechavtopago, retencionmulta, otrosconceptos, manoobraocupada) values ((select idcontrato from obra o inner join contrato c on o.idobra=c.idobra where  c.Numero='03/12' and o.idorganismo=1), '201207', 1, 11.87, 41002.76, null, 8200.55, 30752.07, '2012-09-29', null, 2050.14, null);
insert into certificacion(idcontrato, periodo, nrocertificado, porcentajeavance, montoavance, anticipofinanciero, descuentoanticipo, importeneto, fechavtopago, retencionmulta, otrosconceptos, manoobraocupada) values ((select idcontrato from obra o inner join contrato c on o.idobra=c.idobra where  c.Numero='03/12' and o.idorganismo=1), '201208', 2, 35.47, 81480.94, null, 16296.19, 60948.98, '2012-10-30', -161.72, 4074.05, null);
insert into certificacion(idcontrato, periodo, nrocertificado, porcentajeavance, montoavance, anticipofinanciero, descuentoanticipo, importeneto, fechavtopago, retencionmulta, otrosconceptos, manoobraocupada) values ((select idcontrato from obra o inner join contrato c on o.idobra=c.idobra where  c.Numero='03/12' and o.idorganismo=1), '201209', 3, 100, 222875.1, null, 44575.02, 167318.04, '2012-11-29', 161.72, 11143.76, null);
insert into certificacion(idcontrato, periodo, nrocertificado, porcentajeavance, montoavance, anticipofinanciero, descuentoanticipo, importeneto, fechavtopago, retencionmulta, otrosconceptos, manoobraocupada) values ((select idcontrato from obra o inner join contrato c on o.idobra=c.idobra where  c.Numero='11/12' and o.idorganismo=1), '201208', 0, 0, 0, 336083.58, null, 336083.58, '2013-10-31', null, null, null);
insert into certificacion(idcontrato, periodo, nrocertificado, porcentajeavance, montoavance, anticipofinanciero, descuentoanticipo, importeneto, fechavtopago, retencionmulta, otrosconceptos, manoobraocupada) values ((select idcontrato from obra o inner join contrato c on o.idobra=c.idobra where  c.Numero='11/12' and o.idorganismo=1), '201210', 1, 28.16, 315462.55, null, 94638.77, 205050.65, '2012-12-30', null, 15773.13, null);
insert into certificacion(idcontrato, periodo, nrocertificado, porcentajeavance, montoavance, anticipofinanciero, descuentoanticipo, importeneto, fechavtopago, retencionmulta, otrosconceptos, manoobraocupada) values ((select idcontrato from obra o inner join contrato c on o.idobra=c.idobra where  c.Numero='11/12' and o.idorganismo=1), '201211', 2, 57.57, 329435.72, null, 98830.72, 213998.55, '2013-01-09', -134.66, 16471.79, null);
insert into certificacion(idcontrato, periodo, nrocertificado, porcentajeavance, montoavance, anticipofinanciero, descuentoanticipo, importeneto, fechavtopago, retencionmulta, otrosconceptos, manoobraocupada) values ((select idcontrato from obra o inner join contrato c on o.idobra=c.idobra where  c.Numero='11/12' and o.idorganismo=1), '201212', 3, 83.85, 294478.55, null, 88343.57, 190363.83, '2013-03-01', -1047.22, 14723.93, null);
insert into certificacion(idcontrato, periodo, nrocertificado, porcentajeavance, montoavance, anticipofinanciero, descuentoanticipo, importeneto, fechavtopago, retencionmulta, otrosconceptos, manoobraocupada) values ((select idcontrato from obra o inner join contrato c on o.idobra=c.idobra where  c.Numero='11/12' and o.idorganismo=1), '201301', 4, 100, 180901.77, null, 54270.52, 127813.13, '2013-04-01', 1181.88, 0, null);
insert into certificacion(idcontrato, periodo, nrocertificado, porcentajeavance, montoavance, anticipofinanciero, descuentoanticipo, importeneto, fechavtopago, retencionmulta, otrosconceptos, manoobraocupada) values ((select idcontrato from obra o inner join contrato c on o.idobra=c.idobra where  c.Numero='06/13' and o.idorganismo=1), '201202', 1, 24.45, 143046.81, null, null, 135894.47, '2013-04-29', null, 7152.34, null);
insert into certificacion(idcontrato, periodo, nrocertificado, porcentajeavance, montoavance, anticipofinanciero, descuentoanticipo, importeneto, fechavtopago, retencionmulta, otrosconceptos, manoobraocupada) values ((select idcontrato from obra o inner join contrato c on o.idobra=c.idobra where  c.Numero='06/13' and o.idorganismo=1), '201203', 2, 58.89, 201494.16, null, null, 191419.45, '2013-05-30', null, 10074.71, null);
insert into certificacion(idcontrato, periodo, nrocertificado, porcentajeavance, montoavance, anticipofinanciero, descuentoanticipo, importeneto, fechavtopago, retencionmulta, otrosconceptos, manoobraocupada) values ((select idcontrato from obra o inner join contrato c on o.idobra=c.idobra where  c.Numero='06/13' and o.idorganismo=1), '201304', 3, 92.22, 195000.01, null, null, 185250.01, '2013-06-29', null, 9750, null);
insert into certificacion(idcontrato, periodo, nrocertificado, porcentajeavance, montoavance, anticipofinanciero, descuentoanticipo, importeneto, fechavtopago, retencionmulta, otrosconceptos, manoobraocupada) values ((select idcontrato from obra o inner join contrato c on o.idobra=c.idobra where  c.Numero='06/13' and o.idorganismo=1), '201305', 4, 100, 45517.55, null, null, 45517.55, '2013-07-30', null, 0, null);
insert into certificacion(idcontrato, periodo, nrocertificado, porcentajeavance, montoavance, anticipofinanciero, descuentoanticipo, importeneto, fechavtopago, retencionmulta, otrosconceptos, manoobraocupada) values ((select idcontrato from obra o inner join contrato c on o.idobra=c.idobra where  c.Numero='10/13' and o.idorganismo=1), '201305', 1, 10, 156015.61, null, null, 148214.83, '2013-07-30', null, 7800.78, null);
insert into certificacion(idcontrato, periodo, nrocertificado, porcentajeavance, montoavance, anticipofinanciero, descuentoanticipo, importeneto, fechavtopago, retencionmulta, otrosconceptos, manoobraocupada) values ((select idcontrato from obra o inner join contrato c on o.idobra=c.idobra where  c.Numero='10/13' and o.idorganismo=1), '201306', 2, 22.5, 195019.51, null, null, 185268.73, '2013-08-29', null, 9750.78, null);
insert into certificacion(idcontrato, periodo, nrocertificado, porcentajeavance, montoavance, anticipofinanciero, descuentoanticipo, importeneto, fechavtopago, retencionmulta, otrosconceptos, manoobraocupada) values ((select idcontrato from obra o inner join contrato c on o.idobra=c.idobra where  c.Numero='10/13' and o.idorganismo=1), '201307', 3, 35.42, 201572.16, null, null, 201572.16, '2013-09-29', null, 0, null);
insert into certificacion(idcontrato, periodo, nrocertificado, porcentajeavance, montoavance, anticipofinanciero, descuentoanticipo, importeneto, fechavtopago, retencionmulta, otrosconceptos, manoobraocupada) values ((select idcontrato from obra o inner join contrato c on o.idobra=c.idobra where  c.Numero='10/13' and o.idorganismo=1), '201308', 4, 48.34, 201572.17, null, null, 201572.17, '2013-10-30', null, 0, null);
insert into certificacion(idcontrato, periodo, nrocertificado, porcentajeavance, montoavance, anticipofinanciero, descuentoanticipo, importeneto, fechavtopago, retencionmulta, otrosconceptos, manoobraocupada) values ((select idcontrato from obra o inner join contrato c on o.idobra=c.idobra where  c.Numero='05/13' and o.idorganismo=1), '201304', 1, 30.34, 264029.33, null, null, 250827.86, '2013-06-29', null, 13201.47, null);
insert into certificacion(idcontrato, periodo, nrocertificado, porcentajeavance, montoavance, anticipofinanciero, descuentoanticipo, importeneto, fechavtopago, retencionmulta, otrosconceptos, manoobraocupada) values ((select idcontrato from obra o inner join contrato c on o.idobra=c.idobra where  c.Numero='05/13' and o.idorganismo=1), '201305', 2, 63.39, 287703.87, null, null, 273318.68, '2013-07-30', null, 14385.19, null);
insert into certificacion(idcontrato, periodo, nrocertificado, porcentajeavance, montoavance, anticipofinanciero, descuentoanticipo, importeneto, fechavtopago, retencionmulta, otrosconceptos, manoobraocupada) values ((select idcontrato from obra o inner join contrato c on o.idobra=c.idobra where  c.Numero='05/13' and o.idorganismo=1), '201306', 3, 82.24, 163977.86, null, null, 155778.97, '2013-08-29', null, 8198.89, null);
insert into certificacion(idcontrato, periodo, nrocertificado, porcentajeavance, montoavance, anticipofinanciero, descuentoanticipo, importeneto, fechavtopago, retencionmulta, otrosconceptos, manoobraocupada) values ((select idcontrato from obra o inner join contrato c on o.idobra=c.idobra where  c.Numero='05/13' and o.idorganismo=1), '201307', 4, 98.65, 142831.66, null, null, 135690.08, '2013-09-29', null, 7141.58, null);
insert into certificacion(idcontrato, periodo, nrocertificado, porcentajeavance, montoavance, anticipofinanciero, descuentoanticipo, importeneto, fechavtopago, retencionmulta, otrosconceptos, manoobraocupada) values ((select idcontrato from obra o inner join contrato c on o.idobra=c.idobra where  c.Numero='09/13' and o.idorganismo=1), '201302', 1, 8.86, 72922.5, null, null, 69276.37, '2013-04-29', null, 3646.13, null);
insert into certificacion(idcontrato, periodo, nrocertificado, porcentajeavance, montoavance, anticipofinanciero, descuentoanticipo, importeneto, fechavtopago, retencionmulta, otrosconceptos, manoobraocupada) values ((select idcontrato from obra o inner join contrato c on o.idobra=c.idobra where  c.Numero='09/13' and o.idorganismo=1), '201303', 2, 48.1, 322942.5, null, null, 306795.37, '2013-05-30', null, 16147.13, null);
insert into certificacion(idcontrato, periodo, nrocertificado, porcentajeavance, montoavance, anticipofinanciero, descuentoanticipo, importeneto, fechavtopago, retencionmulta, otrosconceptos, manoobraocupada) values ((select idcontrato from obra o inner join contrato c on o.idobra=c.idobra where  c.Numero='09/13' and o.idorganismo=1), '201304', 3, 73.42, 208350, null, null, 197932.5, '2013-06-29', null, 10417.5, null);
insert into certificacion(idcontrato, periodo, nrocertificado, porcentajeavance, montoavance, anticipofinanciero, descuentoanticipo, importeneto, fechavtopago, retencionmulta, otrosconceptos, manoobraocupada) values ((select idcontrato from obra o inner join contrato c on o.idobra=c.idobra where  c.Numero='09/13' and o.idorganismo=1), '201305', 4, 82.28, 72922.5, null, null, 72922.5, '2013-07-30', null, 0, null);
insert into certificacion(idcontrato, periodo, nrocertificado, porcentajeavance, montoavance, anticipofinanciero, descuentoanticipo, importeneto, fechavtopago, retencionmulta, otrosconceptos, manoobraocupada) values ((select idcontrato from obra o inner join contrato c on o.idobra=c.idobra where  c.Numero='09/13' and o.idorganismo=1), '201305', 5, 100, 145845, null, null, 145845, '2013-07-30', null, 0, null);
insert into certificacion(idcontrato, periodo, nrocertificado, porcentajeavance, montoavance, anticipofinanciero, descuentoanticipo, importeneto, fechavtopago, retencionmulta, otrosconceptos, manoobraocupada) values ((select idcontrato from obra o inner join contrato c on o.idobra=c.idobra where  c.Numero='12/13' and o.idorganismo=1), '201304', 1, 25, 157500, null, null, 149625, '2013-06-29', null, 7875, null);
insert into certificacion(idcontrato, periodo, nrocertificado, porcentajeavance, montoavance, anticipofinanciero, descuentoanticipo, importeneto, fechavtopago, retencionmulta, otrosconceptos, manoobraocupada) values ((select idcontrato from obra o inner join contrato c on o.idobra=c.idobra where  c.Numero='12/13' and o.idorganismo=1), '201305', 2, 75, 315000, null, null, 299250, '2013-07-30', null, 15750, null);
insert into certificacion(idcontrato, periodo, nrocertificado, porcentajeavance, montoavance, anticipofinanciero, descuentoanticipo, importeneto, fechavtopago, retencionmulta, otrosconceptos, manoobraocupada) values ((select idcontrato from obra o inner join contrato c on o.idobra=c.idobra where  c.Numero='12/13' and o.idorganismo=1), '201306', 3, 100, 157500, null, null, 149625, '2013-08-29', null, 7875, null);
insert into certificacion(idcontrato, periodo, nrocertificado, porcentajeavance, montoavance, anticipofinanciero, descuentoanticipo, importeneto, fechavtopago, retencionmulta, otrosconceptos, manoobraocupada) values ((select idcontrato from obra o inner join contrato c on o.idobra=c.idobra where  c.Numero='14/13' and o.idorganismo=1), '201306', 1, 21.19, 665491.26, null, null, 632216.7, '2013-08-29', null, 33274.56, null);
insert into certificacion(idcontrato, periodo, nrocertificado, porcentajeavance, montoavance, anticipofinanciero, descuentoanticipo, importeneto, fechavtopago, retencionmulta, otrosconceptos, manoobraocupada) values ((select idcontrato from obra o inner join contrato c on o.idobra=c.idobra where  c.Numero='14/13' and o.idorganismo=1), '201307', 2, 42.34, 664322.3, null, null, 664322.3, '2013-09-29', null, null, null);
insert into certificacion(idcontrato, periodo, nrocertificado, porcentajeavance, montoavance, anticipofinanciero, descuentoanticipo, importeneto, fechavtopago, retencionmulta, otrosconceptos, manoobraocupada) values ((select idcontrato from obra o inner join contrato c on o.idobra=c.idobra where  c.Numero='14/13' and o.idorganismo=1), '201308', 3, 62.55, 634728.6, null, null, 634728.6, '2013-10-30', null, null, null);
insert into certificacion(idcontrato, periodo, nrocertificado, porcentajeavance, montoavance, anticipofinanciero, descuentoanticipo, importeneto, fechavtopago, retencionmulta, otrosconceptos, manoobraocupada) values ((select idcontrato from obra o inner join contrato c on o.idobra=c.idobra where  c.Numero='13/13' and o.idorganismo=1), '201308', 0, 0, 0, 48702.2, null, 48702.2, '2013-10-31', null, null, null);
insert into certificacion(idcontrato, periodo, nrocertificado, porcentajeavance, montoavance, anticipofinanciero, descuentoanticipo, importeneto, fechavtopago, retencionmulta, otrosconceptos, manoobraocupada) values ((select idcontrato from obra o inner join contrato c on o.idobra=c.idobra where  c.Numero='19/13' and o.idorganismo=1), '201305', 1, 10, 20835, null, null, 19793.25, '2013-07-30', null, 1041.75, null);
insert into certificacion(idcontrato, periodo, nrocertificado, porcentajeavance, montoavance, anticipofinanciero, descuentoanticipo, importeneto, fechavtopago, retencionmulta, otrosconceptos, manoobraocupada) values ((select idcontrato from obra o inner join contrato c on o.idobra=c.idobra where  c.Numero='19/13' and o.idorganismo=1), '201306', 2, 100, 187515, null, null, 178139.25, '2013-08-29', null, 9375.75, null);
insert into certificacion(idcontrato, periodo, nrocertificado, porcentajeavance, montoavance, anticipofinanciero, descuentoanticipo, importeneto, fechavtopago, retencionmulta, otrosconceptos, manoobraocupada) values ((select idcontrato from obra o inner join contrato c on o.idobra=c.idobra where  c.Numero='18/13' and o.idorganismo=1), '201309', 0, 0, 0, 236425.28, null, 236425.28, '2013-10-31', null, null, null);
insert into certificacion(idcontrato, periodo, nrocertificado, porcentajeavance, montoavance, anticipofinanciero, descuentoanticipo, importeneto, fechavtopago, retencionmulta, otrosconceptos, manoobraocupada) values ((select idcontrato from obra o inner join contrato c on o.idobra=c.idobra where  c.Numero='20/13' and o.idorganismo=1), '201308', 1, 8.83, 140636.88, null, null, 133605.04, '2013-10-30', null, 7031.84, null);
insert into certificacion(idcontrato, periodo, nrocertificado, porcentajeavance, montoavance, anticipofinanciero, descuentoanticipo, importeneto, fechavtopago, retencionmulta, otrosconceptos, manoobraocupada) values ((select idcontrato from obra o inner join contrato c on o.idobra=c.idobra where  c.Numero='22/13' and o.idorganismo=1), '201308', 1, 13.83, 209077.34, null, null, 198623.47, '2013-10-30', null, 10453.87, null);
insert into certificacion(idcontrato, periodo, nrocertificado, porcentajeavance, montoavance, anticipofinanciero, descuentoanticipo, importeneto, fechavtopago, retencionmulta, otrosconceptos, manoobraocupada) values ((select idcontrato from obra o inner join contrato c on o.idobra=c.idobra where  c.Numero='21/13' and o.idorganismo=1), '201308', 1, 5, 75457.77, null, null, 71684.88, '2013-10-30', null, 3772.89, null);
insert into certificacion(idcontrato, periodo, nrocertificado, porcentajeavance, montoavance, anticipofinanciero, descuentoanticipo, importeneto, fechavtopago, retencionmulta, otrosconceptos, manoobraocupada) values ((select idcontrato from obra o inner join contrato c on o.idobra=c.idobra where  c.Numero='24/13' and o.idorganismo=1), '201308', 1, 16.66, 111346.05, null, null, 105778.75, '2013-10-30', null, 5567.3, null);
insert into certificacion(idcontrato, periodo, nrocertificado, porcentajeavance, montoavance, anticipofinanciero, descuentoanticipo, importeneto, fechavtopago, retencionmulta, otrosconceptos, manoobraocupada) values ((select idcontrato from obra o inner join contrato c on o.idobra=c.idobra where  c.Numero='23/11' and o.idorganismo=1), '201308', 1, 6.5, 101988.07, null, null, 96888.67, '2013-10-30', null, 5099.4, null);
insert into certificacion(idcontrato, periodo, nrocertificado, porcentajeavance, montoavance, anticipofinanciero, descuentoanticipo, importeneto, fechavtopago, retencionmulta, otrosconceptos, manoobraocupada) values ((select idcontrato from obra o inner join contrato c on o.idobra=c.idobra where  c.Numero='17/13' and o.idorganismo=1), '201306', 1, 5.29, 51813.24, null, null, 49222.58, '2013-08-29', null, 2590.66, null);
insert into certificacion(idcontrato, periodo, nrocertificado, porcentajeavance, montoavance, anticipofinanciero, descuentoanticipo, importeneto, fechavtopago, retencionmulta, otrosconceptos, manoobraocupada) values ((select idcontrato from obra o inner join contrato c on o.idobra=c.idobra where  c.Numero='17/13' and o.idorganismo=1), '201307', 2, 59.91, 535403.48, null, null, 508633.31, '2013-09-29', null, 26770.17, null);
insert into certificacion(idcontrato, periodo, nrocertificado, porcentajeavance, montoavance, anticipofinanciero, descuentoanticipo, importeneto, fechavtopago, retencionmulta, otrosconceptos, manoobraocupada) values ((select idcontrato from obra o inner join contrato c on o.idobra=c.idobra where  c.Numero='17/13' and o.idorganismo=1), '201308', 3, 100, 393020.6, null, null, 373369.57, '2013-10-30', null, 19651.03, null);

insert into pago(idproveedor, fecha, ordenpago, importebruto, retenciones, importeneto, idorganismo) values((select idproveedor from obra o inner join contrato c on o.idobra=c.idobra where  c.Numero='64/11' and o.idorganismo=1), '2012-01-31', '0900035/2012',  375592.66, 0, 375592.66, 1); insert into pagocertificacion(idpago, idcertificacion, importe) values ((select idpago from pago where ordenpago='0900035/2012' and idorganismo=1), (select idcertificacion from certificacion ce inner join contrato c on ce.idcontrato=c.idcontrato inner join obra o on c.idobra=o.idobra where  c.Numero='64/11' and o.idorganismo=1 and ce.periodo='201110' and ce.nrocertificado=0), 375592.66);
insert into pago(idproveedor, fecha, ordenpago, importebruto, retenciones, importeneto, idorganismo) values((select idproveedor from obra o inner join contrato c on o.idobra=c.idobra where  c.Numero='64/11' and o.idorganismo=1), '2012-07-11', '0901634/2012',  646477.342, 0, 646477.342, 1); insert into pagocertificacion(idpago, idcertificacion, importe) values ((select idpago from pago where ordenpago='0901634/2012' and idorganismo=1), (select idcertificacion from certificacion ce inner join contrato c on ce.idcontrato=c.idcontrato inner join obra o on c.idobra=o.idobra where  c.Numero='64/11' and o.idorganismo=1 and ce.periodo='201203' and ce.nrocertificado=1), 646477.342);
insert into pago(idproveedor, fecha, ordenpago, importebruto, retenciones, importeneto, idorganismo) values((select idproveedor from obra o inner join contrato c on o.idobra=c.idobra where  c.Numero='64/11' and o.idorganismo=1), '2012-07-27', '0901819/2012',  135173.082, 0, 135173.082, 1); insert into pagocertificacion(idpago, idcertificacion, importe) values ((select idpago from pago where ordenpago='0901819/2012' and idorganismo=1), (select idcertificacion from certificacion ce inner join contrato c on ce.idcontrato=c.idcontrato inner join obra o on c.idobra=o.idobra where  c.Numero='64/11' and o.idorganismo=1 and ce.periodo='201204' and ce.nrocertificado=2), 135173.082);
insert into pago(idproveedor, fecha, ordenpago, importebruto, retenciones, importeneto, idorganismo) values((select idproveedor from obra o inner join contrato c on o.idobra=c.idobra where  c.Numero='64/11' and o.idorganismo=1), '2013-03-07', '0900173/2013',  49088.9275, 0, 49088.9275, 1); insert into pagocertificacion(idpago, idcertificacion, importe) values ((select idpago from pago where ordenpago='0900173/2013' and idorganismo=1), (select idcertificacion from certificacion ce inner join contrato c on ce.idcontrato=c.idcontrato inner join obra o on c.idobra=o.idobra where  c.Numero='64/11' and o.idorganismo=1 and ce.periodo='201205' and ce.nrocertificado=3), 49088.9275);
insert into pago(idproveedor, fecha, ordenpago, importebruto, retenciones, importeneto, idorganismo) values((select idproveedor from obra o inner join contrato c on o.idobra=c.idobra where  c.Numero='64/11' and o.idorganismo=1), '2013-07-24', '0901375/2013',  545358.09, 0, 545358.09, 1); insert into pagocertificacion(idpago, idcertificacion, importe) values ((select idpago from pago where ordenpago='0901375/2013' and idorganismo=1), (select idcertificacion from certificacion ce inner join contrato c on ce.idcontrato=c.idcontrato inner join obra o on c.idobra=o.idobra where  c.Numero='64/11' and o.idorganismo=1 and ce.periodo='201302' and ce.nrocertificado=4), 545358.09);
insert into pago(idproveedor, fecha, ordenpago, importebruto, retenciones, importeneto, idorganismo) values((select idproveedor from obra o inner join contrato c on o.idobra=c.idobra where  c.Numero='61/11' and o.idorganismo=1), '2011-10-27', '0903406/2011',  1359364.78, 0, 1359364.78, 1); insert into pagocertificacion(idpago, idcertificacion, importe) values ((select idpago from pago where ordenpago='0903406/2011' and idorganismo=1), (select idcertificacion from certificacion ce inner join contrato c on ce.idcontrato=c.idcontrato inner join obra o on c.idobra=o.idobra where  c.Numero='61/11' and o.idorganismo=1 and ce.periodo='201109' and ce.nrocertificado=0), 1359364.78);
insert into pago(idproveedor, fecha, ordenpago, importebruto, retenciones, importeneto, idorganismo) values((select idproveedor from obra o inner join contrato c on o.idobra=c.idobra where  c.Numero='61/11' and o.idorganismo=1), '2012-01-17', '0904265/2011',  500114.188, 0, 500114.188, 1); insert into pagocertificacion(idpago, idcertificacion, importe) values ((select idpago from pago where ordenpago='0904265/2011' and idorganismo=1), (select idcertificacion from certificacion ce inner join contrato c on ce.idcontrato=c.idcontrato inner join obra o on c.idobra=o.idobra where  c.Numero='61/11' and o.idorganismo=1 and ce.periodo='201111' and ce.nrocertificado=1), 500114.188);
insert into pago(idproveedor, fecha, ordenpago, importebruto, retenciones, importeneto, idorganismo) values((select idproveedor from obra o inner join contrato c on o.idobra=c.idobra where  c.Numero='61/11' and o.idorganismo=1), '2012-02-17', '0900057/2012',  311914.85, 0, 311914.85, 1); insert into pagocertificacion(idpago, idcertificacion, importe) values ((select idpago from pago where ordenpago='0900057/2012' and idorganismo=1), (select idcertificacion from certificacion ce inner join contrato c on ce.idcontrato=c.idcontrato inner join obra o on c.idobra=o.idobra where  c.Numero='61/11' and o.idorganismo=1 and ce.periodo='201112' and ce.nrocertificado=2), 311914.85);
insert into pago(idproveedor, fecha, ordenpago, importebruto, retenciones, importeneto, idorganismo) values((select idproveedor from obra o inner join contrato c on o.idobra=c.idobra where  c.Numero='61/11' and o.idorganismo=1), '2013-04-03', '0900627/2012',  366329.012, 0, 366329.012, 1); insert into pagocertificacion(idpago, idcertificacion, importe) values ((select idpago from pago where ordenpago='0900627/2012' and idorganismo=1), (select idcertificacion from certificacion ce inner join contrato c on ce.idcontrato=c.idcontrato inner join obra o on c.idobra=o.idobra where  c.Numero='61/11' and o.idorganismo=1 and ce.periodo='201201' and ce.nrocertificado=3), 366329.012);
insert into pago(idproveedor, fecha, ordenpago, importebruto, retenciones, importeneto, idorganismo) values((select idproveedor from obra o inner join contrato c on o.idobra=c.idobra where  c.Numero='61/11' and o.idorganismo=1), '2012-05-14', '0901072/2012',  416337.22, 0, 416337.22, 1); insert into pagocertificacion(idpago, idcertificacion, importe) values ((select idpago from pago where ordenpago='0901072/2012' and idorganismo=1), (select idcertificacion from certificacion ce inner join contrato c on ce.idcontrato=c.idcontrato inner join obra o on c.idobra=o.idobra where  c.Numero='61/11' and o.idorganismo=1 and ce.periodo='201202' and ce.nrocertificado=4), 416337.22);
insert into pago(idproveedor, fecha, ordenpago, importebruto, retenciones, importeneto, idorganismo) values((select idproveedor from obra o inner join contrato c on o.idobra=c.idobra where  c.Numero='61/11' and o.idorganismo=1), '2012-07-20', '0901559/2012',  163459.67, 0, 163459.67, 1); insert into pagocertificacion(idpago, idcertificacion, importe) values ((select idpago from pago where ordenpago='0901559/2012' and idorganismo=1), (select idcertificacion from certificacion ce inner join contrato c on ce.idcontrato=c.idcontrato inner join obra o on c.idobra=o.idobra where  c.Numero='61/11' and o.idorganismo=1 and ce.periodo='201204' and ce.nrocertificado=6), 163459.67);
insert into pago(idproveedor, fecha, ordenpago, importebruto, retenciones, importeneto, idorganismo) values((select idproveedor from obra o inner join contrato c on o.idobra=c.idobra where  c.Numero='61/11' and o.idorganismo=1), '2012-07-20', '0901666/2012',  22413.125, 0, 22413.125, 1); insert into pagocertificacion(idpago, idcertificacion, importe) values ((select idpago from pago where ordenpago='0901666/2012' and idorganismo=1), (select idcertificacion from certificacion ce inner join contrato c on ce.idcontrato=c.idcontrato inner join obra o on c.idobra=o.idobra where  c.Numero='61/11' and o.idorganismo=1 and ce.periodo='201205' and ce.nrocertificado=7), 22413.125);
insert into pago(idproveedor, fecha, ordenpago, importebruto, retenciones, importeneto, idorganismo) values((select idproveedor from obra o inner join contrato c on o.idobra=c.idobra where  c.Numero='61/11' and o.idorganismo=1), '2012-10-02', '0902047/2012',  9689.98299999999, 0, 9689.98299999999, 1); insert into pagocertificacion(idpago, idcertificacion, importe) values ((select idpago from pago where ordenpago='0902047/2012' and idorganismo=1), (select idcertificacion from certificacion ce inner join contrato c on ce.idcontrato=c.idcontrato inner join obra o on c.idobra=o.idobra where  c.Numero='61/11' and o.idorganismo=1 and ce.periodo='201206' and ce.nrocertificado=8), 9689.98299999999);
insert into pago(idproveedor, fecha, ordenpago, importebruto, retenciones, importeneto, idorganismo) values((select idproveedor from obra o inner join contrato c on o.idobra=c.idobra where  c.Numero='61/11' and o.idorganismo=1), '2012-10-02', '0902247/2012',  179654.437, 0, 179654.437, 1); insert into pagocertificacion(idpago, idcertificacion, importe) values ((select idpago from pago where ordenpago='0902247/2012' and idorganismo=1), (select idcertificacion from certificacion ce inner join contrato c on ce.idcontrato=c.idcontrato inner join obra o on c.idobra=o.idobra where  c.Numero='61/11' and o.idorganismo=1 and ce.periodo='201207' and ce.nrocertificado=9), 179654.437);
insert into pago(idproveedor, fecha, ordenpago, importebruto, retenciones, importeneto, idorganismo) values((select idproveedor from obra o inner join contrato c on o.idobra=c.idobra where  c.Numero='61/11' and o.idorganismo=1), '2013-02-01', '0903342/2012',  1064727.49, 0, 1064727.49, 1); insert into pagocertificacion(idpago, idcertificacion, importe) values ((select idpago from pago where ordenpago='0903342/2012' and idorganismo=1), (select idcertificacion from certificacion ce inner join contrato c on ce.idcontrato=c.idcontrato inner join obra o on c.idobra=o.idobra where  c.Numero='61/11' and o.idorganismo=1 and ce.periodo='201211' and ce.nrocertificado=10), 1064727.49);
insert into pago(idproveedor, fecha, ordenpago, importebruto, retenciones, importeneto, idorganismo) values((select idproveedor from obra o inner join contrato c on o.idobra=c.idobra where  c.Numero='72/11' and o.idorganismo=1), '2012-01-27', '0904449/2011',  2760297.73, 0, 2760297.73, 1); insert into pagocertificacion(idpago, idcertificacion, importe) values ((select idpago from pago where ordenpago='0904449/2011' and idorganismo=1), (select idcertificacion from certificacion ce inner join contrato c on ce.idcontrato=c.idcontrato inner join obra o on c.idobra=o.idobra where  c.Numero='72/11' and o.idorganismo=1 and ce.periodo='201112' and ce.nrocertificado=0), 2760297.73);
insert into pago(idproveedor, fecha, ordenpago, importebruto, retenciones, importeneto, idorganismo) values((select idproveedor from obra o inner join contrato c on o.idobra=c.idobra where  c.Numero='72/11' and o.idorganismo=1), '2012-07-20', '091730/2012',  509339.99, 0, 509339.99, 1); insert into pagocertificacion(idpago, idcertificacion, importe) values ((select idpago from pago where ordenpago='091730/2012' and idorganismo=1), (select idcertificacion from certificacion ce inner join contrato c on ce.idcontrato=c.idcontrato inner join obra o on c.idobra=o.idobra where  c.Numero='72/11' and o.idorganismo=1 and ce.periodo='201204' and ce.nrocertificado=1), 509339.99);
insert into pago(idproveedor, fecha, ordenpago, importebruto, retenciones, importeneto, idorganismo) values((select idproveedor from obra o inner join contrato c on o.idobra=c.idobra where  c.Numero='26/10' and o.idorganismo=1), '2011-03-21', '0904350/2010',  449996.88, 0, 449996.88, 1); insert into pagocertificacion(idpago, idcertificacion, importe) values ((select idpago from pago where ordenpago='0904350/2010' and idorganismo=1), (select idcertificacion from certificacion ce inner join contrato c on ce.idcontrato=c.idcontrato inner join obra o on c.idobra=o.idobra where  c.Numero='26/10' and o.idorganismo=1 and ce.periodo='201011' and ce.nrocertificado=0), 449996.88);
insert into pago(idproveedor, fecha, ordenpago, importebruto, retenciones, importeneto, idorganismo) values((select idproveedor from obra o inner join contrato c on o.idobra=c.idobra where  c.Numero='26/10' and o.idorganismo=1), '2011-09-28', '0902016/2011',  103349.57, 0, 103349.57, 1); insert into pagocertificacion(idpago, idcertificacion, importe) values ((select idpago from pago where ordenpago='0902016/2011' and idorganismo=1), (select idcertificacion from certificacion ce inner join contrato c on ce.idcontrato=c.idcontrato inner join obra o on c.idobra=o.idobra where  c.Numero='26/10' and o.idorganismo=1 and ce.periodo='201104' and ce.nrocertificado=1), 103349.57);
insert into pago(idproveedor, fecha, ordenpago, importebruto, retenciones, importeneto, idorganismo) values((select idproveedor from obra o inner join contrato c on o.idobra=c.idobra where  c.Numero='26/10' and o.idorganismo=1), '2011-09-28', '090395/2011',  43816.73, 0, 43816.73, 1); insert into pagocertificacion(idpago, idcertificacion, importe) values ((select idpago from pago where ordenpago='090395/2011' and idorganismo=1), (select idcertificacion from certificacion ce inner join contrato c on ce.idcontrato=c.idcontrato inner join obra o on c.idobra=o.idobra where  c.Numero='26/10' and o.idorganismo=1 and ce.periodo='201105' and ce.nrocertificado=2), 43816.73);
insert into pago(idproveedor, fecha, ordenpago, importebruto, retenciones, importeneto, idorganismo) values((select idproveedor from obra o inner join contrato c on o.idobra=c.idobra where  c.Numero='26/10' and o.idorganismo=1), '2012-01-12', '0904279/2011',  31177.5, 0, 31177.5, 1); insert into pagocertificacion(idpago, idcertificacion, importe) values ((select idpago from pago where ordenpago='0904279/2011' and idorganismo=1), (select idcertificacion from certificacion ce inner join contrato c on ce.idcontrato=c.idcontrato inner join obra o on c.idobra=o.idobra where  c.Numero='26/10' and o.idorganismo=1 and ce.periodo='201110' and ce.nrocertificado=3), 31177.5);
insert into pago(idproveedor, fecha, ordenpago, importebruto, retenciones, importeneto, idorganismo) values((select idproveedor from obra o inner join contrato c on o.idobra=c.idobra where  c.Numero='26/10' and o.idorganismo=1), '2012-01-12', '0904270/2011',  320092.45, 0, 320092.45, 1); insert into pagocertificacion(idpago, idcertificacion, importe) values ((select idpago from pago where ordenpago='0904270/2011' and idorganismo=1), (select idcertificacion from certificacion ce inner join contrato c on ce.idcontrato=c.idcontrato inner join obra o on c.idobra=o.idobra where  c.Numero='26/10' and o.idorganismo=1 and ce.periodo='201111' and ce.nrocertificado=4), 320092.45);
insert into pago(idproveedor, fecha, ordenpago, importebruto, retenciones, importeneto, idorganismo) values((select idproveedor from obra o inner join contrato c on o.idobra=c.idobra where  c.Numero='26/10' and o.idorganismo=1), '2012-03-12', '0900032/2012',  129732.23, 0, 129732.23, 1); insert into pagocertificacion(idpago, idcertificacion, importe) values ((select idpago from pago where ordenpago='0900032/2012' and idorganismo=1), (select idcertificacion from certificacion ce inner join contrato c on ce.idcontrato=c.idcontrato inner join obra o on c.idobra=o.idobra where  c.Numero='26/10' and o.idorganismo=1 and ce.periodo='201112' and ce.nrocertificado=5), 129732.23);
insert into pago(idproveedor, fecha, ordenpago, importebruto, retenciones, importeneto, idorganismo) values((select idproveedor from obra o inner join contrato c on o.idobra=c.idobra where  c.Numero='26/10' and o.idorganismo=1), '2012-06-03', '0901078/2012',  87410.3, 0, 87410.3, 1); insert into pagocertificacion(idpago, idcertificacion, importe) values ((select idpago from pago where ordenpago='0901078/2012' and idorganismo=1), (select idcertificacion from certificacion ce inner join contrato c on ce.idcontrato=c.idcontrato inner join obra o on c.idobra=o.idobra where  c.Numero='26/10' and o.idorganismo=1 and ce.periodo='201202' and ce.nrocertificado=6), 87410.3);
insert into pago(idproveedor, fecha, ordenpago, importebruto, retenciones, importeneto, idorganismo) values((select idproveedor from obra o inner join contrato c on o.idobra=c.idobra where  c.Numero='26/10' and o.idorganismo=1), '2013-05-17', '0903350/2012',  278170.21, 0, 278170.21, 1); insert into pagocertificacion(idpago, idcertificacion, importe) values ((select idpago from pago where ordenpago='0903350/2012' and idorganismo=1), (select idcertificacion from certificacion ce inner join contrato c on ce.idcontrato=c.idcontrato inner join obra o on c.idobra=o.idobra where  c.Numero='26/10' and o.idorganismo=1 and ce.periodo='201211' and ce.nrocertificado=7), 278170.21);
insert into pago(idproveedor, fecha, ordenpago, importebruto, retenciones, importeneto, idorganismo) values((select idproveedor from obra o inner join contrato c on o.idobra=c.idobra where  c.Numero='24/11' and o.idorganismo=1), '2011-10-25', '0902389/2011',  259147.49, 0, 259147.49, 1); insert into pagocertificacion(idpago, idcertificacion, importe) values ((select idpago from pago where ordenpago='0902389/2011' and idorganismo=1), (select idcertificacion from certificacion ce inner join contrato c on ce.idcontrato=c.idcontrato inner join obra o on c.idobra=o.idobra where  c.Numero='24/11' and o.idorganismo=1 and ce.periodo='201104' and ce.nrocertificado=0), 259147.49);
insert into pago(idproveedor, fecha, ordenpago, importebruto, retenciones, importeneto, idorganismo) values((select idproveedor from obra o inner join contrato c on o.idobra=c.idobra where  c.Numero='24/11' and o.idorganismo=1), '2012-02-06', '0904268/2011',  25327.87, 0, 25327.87, 1); insert into pagocertificacion(idpago, idcertificacion, importe) values ((select idpago from pago where ordenpago='0904268/2011' and idorganismo=1), (select idcertificacion from certificacion ce inner join contrato c on ce.idcontrato=c.idcontrato inner join obra o on c.idobra=o.idobra where  c.Numero='24/11' and o.idorganismo=1 and ce.periodo='201111' and ce.nrocertificado=1), 25327.87);
insert into pago(idproveedor, fecha, ordenpago, importebruto, retenciones, importeneto, idorganismo) values((select idproveedor from obra o inner join contrato c on o.idobra=c.idobra where  c.Numero='24/11' and o.idorganismo=1), '2012-04-17', '0900231/2012',  46641.78, 0, 46641.78, 1); insert into pagocertificacion(idpago, idcertificacion, importe) values ((select idpago from pago where ordenpago='0900231/2012' and idorganismo=1), (select idcertificacion from certificacion ce inner join contrato c on ce.idcontrato=c.idcontrato inner join obra o on c.idobra=o.idobra where  c.Numero='24/11' and o.idorganismo=1 and ce.periodo='201112' and ce.nrocertificado=2), 46641.78);
insert into pago(idproveedor, fecha, ordenpago, importebruto, retenciones, importeneto, idorganismo) values((select idproveedor from obra o inner join contrato c on o.idobra=c.idobra where  c.Numero='24/11' and o.idorganismo=1), '2012-04-26', '0900589/2012',  62048.28, 0, 62048.28, 1); insert into pagocertificacion(idpago, idcertificacion, importe) values ((select idpago from pago where ordenpago='0900589/2012' and idorganismo=1), (select idcertificacion from certificacion ce inner join contrato c on ce.idcontrato=c.idcontrato inner join obra o on c.idobra=o.idobra where  c.Numero='24/11' and o.idorganismo=1 and ce.periodo='201201' and ce.nrocertificado=3), 62048.28);
insert into pago(idproveedor, fecha, ordenpago, importebruto, retenciones, importeneto, idorganismo) values((select idproveedor from obra o inner join contrato c on o.idobra=c.idobra where  c.Numero='24/11' and o.idorganismo=1), '2012-06-12', '0900177/2012',  60173.15, 0, 60173.15, 1); insert into pagocertificacion(idpago, idcertificacion, importe) values ((select idpago from pago where ordenpago='0900177/2012' and idorganismo=1), (select idcertificacion from certificacion ce inner join contrato c on ce.idcontrato=c.idcontrato inner join obra o on c.idobra=o.idobra where  c.Numero='24/11' and o.idorganismo=1 and ce.periodo='201202' and ce.nrocertificado=4), 60173.15);
insert into pago(idproveedor, fecha, ordenpago, importebruto, retenciones, importeneto, idorganismo) values((select idproveedor from obra o inner join contrato c on o.idobra=c.idobra where  c.Numero='24/11' and o.idorganismo=1), '2012-06-12', '0901199/2012',  131822.18, 0, 131822.18, 1); insert into pagocertificacion(idpago, idcertificacion, importe) values ((select idpago from pago where ordenpago='0901199/2012' and idorganismo=1), (select idcertificacion from certificacion ce inner join contrato c on ce.idcontrato=c.idcontrato inner join obra o on c.idobra=o.idobra where  c.Numero='24/11' and o.idorganismo=1 and ce.periodo='201203' and ce.nrocertificado=5), 131822.18);
insert into pago(idproveedor, fecha, ordenpago, importebruto, retenciones, importeneto, idorganismo) values((select idproveedor from obra o inner join contrato c on o.idobra=c.idobra where  c.Numero='24/11' and o.idorganismo=1), '2012-08-15', '0901488/2012',  75066.52, 0, 75066.52, 1); insert into pagocertificacion(idpago, idcertificacion, importe) values ((select idpago from pago where ordenpago='0901488/2012' and idorganismo=1), (select idcertificacion from certificacion ce inner join contrato c on ce.idcontrato=c.idcontrato inner join obra o on c.idobra=o.idobra where  c.Numero='24/11' and o.idorganismo=1 and ce.periodo='201204' and ce.nrocertificado=6), 75066.52);
insert into pago(idproveedor, fecha, ordenpago, importebruto, retenciones, importeneto, idorganismo) values((select idproveedor from obra o inner join contrato c on o.idobra=c.idobra where  c.Numero='24/11' and o.idorganismo=1), '2012-08-15', '0901663/2012',  41677.79, 0, 41677.79, 1); insert into pagocertificacion(idpago, idcertificacion, importe) values ((select idpago from pago where ordenpago='0901663/2012' and idorganismo=1), (select idcertificacion from certificacion ce inner join contrato c on ce.idcontrato=c.idcontrato inner join obra o on c.idobra=o.idobra where  c.Numero='24/11' and o.idorganismo=1 and ce.periodo='201205' and ce.nrocertificado=7), 41677.79);
insert into pago(idproveedor, fecha, ordenpago, importebruto, retenciones, importeneto, idorganismo) values((select idproveedor from obra o inner join contrato c on o.idobra=c.idobra where  c.Numero='24/11' and o.idorganismo=1), '2013-06-18', '0900717/2013',  190882.53, 0, 190882.53, 1); insert into pagocertificacion(idpago, idcertificacion, importe) values ((select idpago from pago where ordenpago='0900717/2013' and idorganismo=1), (select idcertificacion from certificacion ce inner join contrato c on ce.idcontrato=c.idcontrato inner join obra o on c.idobra=o.idobra where  c.Numero='24/11' and o.idorganismo=1 and ce.periodo='201211' and ce.nrocertificado=8), 190882.53);
insert into pago(idproveedor, fecha, ordenpago, importebruto, retenciones, importeneto, idorganismo) values((select idproveedor from obra o inner join contrato c on o.idobra=c.idobra where  c.Numero='06/09' and o.idorganismo=1), '2013-10-31', '0904452/2009',  190413.63, 0, 190413.63, 1); insert into pagocertificacion(idpago, idcertificacion, importe) values ((select idpago from pago where ordenpago='0904452/2009' and idorganismo=1), (select idcertificacion from certificacion ce inner join contrato c on ce.idcontrato=c.idcontrato inner join obra o on c.idobra=o.idobra where  c.Numero='06/09' and o.idorganismo=1 and ce.periodo='200902' and ce.nrocertificado=1), 190413.63);
insert into pago(idproveedor, fecha, ordenpago, importebruto, retenciones, importeneto, idorganismo) values((select idproveedor from obra o inner join contrato c on o.idobra=c.idobra where  c.Numero='06/09' and o.idorganismo=1), '2013-10-31', '0904454/2009',  107626.54, 0, 107626.54, 1); insert into pagocertificacion(idpago, idcertificacion, importe) values ((select idpago from pago where ordenpago='0904454/2009' and idorganismo=1), (select idcertificacion from certificacion ce inner join contrato c on ce.idcontrato=c.idcontrato inner join obra o on c.idobra=o.idobra where  c.Numero='06/09' and o.idorganismo=1 and ce.periodo='200903' and ce.nrocertificado=2), 107626.54);
insert into pago(idproveedor, fecha, ordenpago, importebruto, retenciones, importeneto, idorganismo) values((select idproveedor from obra o inner join contrato c on o.idobra=c.idobra where  c.Numero='06/09' and o.idorganismo=1), '2013-10-31', '0900707/2013',  82895.57, 0, 82895.57, 1); insert into pagocertificacion(idpago, idcertificacion, importe) values ((select idpago from pago where ordenpago='0900707/2013' and idorganismo=1), (select idcertificacion from certificacion ce inner join contrato c on ce.idcontrato=c.idcontrato inner join obra o on c.idobra=o.idobra where  c.Numero='06/09' and o.idorganismo=1 and ce.periodo='201303' and ce.nrocertificado=3), 82895.57);
insert into pago(idproveedor, fecha, ordenpago, importebruto, retenciones, importeneto, idorganismo) values((select idproveedor from obra o inner join contrato c on o.idobra=c.idobra where  c.Numero='02/12' and o.idorganismo=1), '2012-04-20', '0900380/2012',  133020, 0, 133020, 1); insert into pagocertificacion(idpago, idcertificacion, importe) values ((select idpago from pago where ordenpago='0900380/2012' and idorganismo=1), (select idcertificacion from certificacion ce inner join contrato c on ce.idcontrato=c.idcontrato inner join obra o on c.idobra=o.idobra where  c.Numero='02/12' and o.idorganismo=1 and ce.periodo='201202' and ce.nrocertificado=0), 133020);
insert into pago(idproveedor, fecha, ordenpago, importebruto, retenciones, importeneto, idorganismo) values((select idproveedor from obra o inner join contrato c on o.idobra=c.idobra where  c.Numero='02/12' and o.idorganismo=1), '2012-06-12', '0901076/2012',  245095.22, 0, 245095.22, 1); insert into pagocertificacion(idpago, idcertificacion, importe) values ((select idpago from pago where ordenpago='0901076/2012' and idorganismo=1), (select idcertificacion from certificacion ce inner join contrato c on ce.idcontrato=c.idcontrato inner join obra o on c.idobra=o.idobra where  c.Numero='02/12' and o.idorganismo=1 and ce.periodo='201202' and ce.nrocertificado=1), 245095.22);
insert into pago(idproveedor, fecha, ordenpago, importebruto, retenciones, importeneto, idorganismo) values((select idproveedor from obra o inner join contrato c on o.idobra=c.idobra where  c.Numero='02/12' and o.idorganismo=1), '2012-06-12', '0901182/2012',  245547.23, 0, 245547.23, 1); insert into pagocertificacion(idpago, idcertificacion, importe) values ((select idpago from pago where ordenpago='0901182/2012' and idorganismo=1), (select idcertificacion from certificacion ce inner join contrato c on ce.idcontrato=c.idcontrato inner join obra o on c.idobra=o.idobra where  c.Numero='02/12' and o.idorganismo=1 and ce.periodo='201203' and ce.nrocertificado=2), 245547.23);
insert into pago(idproveedor, fecha, ordenpago, importebruto, retenciones, importeneto, idorganismo) values((select idproveedor from obra o inner join contrato c on o.idobra=c.idobra where  c.Numero='02/12' and o.idorganismo=1), '2013-07-12', '0900947/2013',  8182.54, 0, 8182.54, 1); insert into pagocertificacion(idpago, idcertificacion, importe) values ((select idpago from pago where ordenpago='0900947/2013' and idorganismo=1), (select idcertificacion from certificacion ce inner join contrato c on ce.idcontrato=c.idcontrato inner join obra o on c.idobra=o.idobra where  c.Numero='02/12' and o.idorganismo=1 and ce.periodo='201304' and ce.nrocertificado=3), 8182.54);
insert into pago(idproveedor, fecha, ordenpago, importebruto, retenciones, importeneto, idorganismo) values((select idproveedor from obra o inner join contrato c on o.idobra=c.idobra where  c.Numero='03/11' and o.idorganismo=1), '2011-10-25', '0900573/2011',  179615.65, 0, 179615.65, 1); insert into pagocertificacion(idpago, idcertificacion, importe) values ((select idpago from pago where ordenpago='0900573/2011' and idorganismo=1), (select idcertificacion from certificacion ce inner join contrato c on ce.idcontrato=c.idcontrato inner join obra o on c.idobra=o.idobra where  c.Numero='03/11' and o.idorganismo=1 and ce.periodo='201102' and ce.nrocertificado=0), 179615.65);
insert into pago(idproveedor, fecha, ordenpago, importebruto, retenciones, importeneto, idorganismo) values((select idproveedor from obra o inner join contrato c on o.idobra=c.idobra where  c.Numero='03/11' and o.idorganismo=1), '2012-03-20', '0900026/2012',  6333.6, 0, 6333.6, 1); insert into pagocertificacion(idpago, idcertificacion, importe) values ((select idpago from pago where ordenpago='0900026/2012' and idorganismo=1), (select idcertificacion from certificacion ce inner join contrato c on ce.idcontrato=c.idcontrato inner join obra o on c.idobra=o.idobra where  c.Numero='03/11' and o.idorganismo=1 and ce.periodo='201112' and ce.nrocertificado=1), 6333.6);
insert into pago(idproveedor, fecha, ordenpago, importebruto, retenciones, importeneto, idorganismo) values((select idproveedor from obra o inner join contrato c on o.idobra=c.idobra where  c.Numero='69/11' and o.idorganismo=1), '2012-05-28', '0900661/2012',  392654.62, 0, 392654.62, 1); insert into pagocertificacion(idpago, idcertificacion, importe) values ((select idpago from pago where ordenpago='0900661/2012' and idorganismo=1), (select idcertificacion from certificacion ce inner join contrato c on ce.idcontrato=c.idcontrato inner join obra o on c.idobra=o.idobra where  c.Numero='69/11' and o.idorganismo=1 and ce.periodo='201111' and ce.nrocertificado=0), 392654.62);
insert into pago(idproveedor, fecha, ordenpago, importebruto, retenciones, importeneto, idorganismo) values((select idproveedor from obra o inner join contrato c on o.idobra=c.idobra where  c.Numero='69/11' and o.idorganismo=1), '2013-03-07', '0900172/2013',  158184.28, 0, 158184.28, 1); insert into pagocertificacion(idpago, idcertificacion, importe) values ((select idpago from pago where ordenpago='0900172/2013' and idorganismo=1), (select idcertificacion from certificacion ce inner join contrato c on ce.idcontrato=c.idcontrato inner join obra o on c.idobra=o.idobra where  c.Numero='69/11' and o.idorganismo=1 and ce.periodo='201208' and ce.nrocertificado=1), 158184.28);
insert into pago(idproveedor, fecha, ordenpago, importebruto, retenciones, importeneto, idorganismo) values((select idproveedor from obra o inner join contrato c on o.idobra=c.idobra where  c.Numero='69/11' and o.idorganismo=1), '2013-04-26', '0900590/2013',  308424.58, 0, 308424.58, 1); insert into pagocertificacion(idpago, idcertificacion, importe) values ((select idpago from pago where ordenpago='0900590/2013' and idorganismo=1), (select idcertificacion from certificacion ce inner join contrato c on ce.idcontrato=c.idcontrato inner join obra o on c.idobra=o.idobra where  c.Numero='69/11' and o.idorganismo=1 and ce.periodo='201209' and ce.nrocertificado=2), 308424.58);
insert into pago(idproveedor, fecha, ordenpago, importebruto, retenciones, importeneto, idorganismo) values((select idproveedor from obra o inner join contrato c on o.idobra=c.idobra where  c.Numero='69/11' and o.idorganismo=1), '2013-04-26', '0900592/2013',  239086.65, 0, 239086.65, 1); insert into pagocertificacion(idpago, idcertificacion, importe) values ((select idpago from pago where ordenpago='0900592/2013' and idorganismo=1), (select idcertificacion from certificacion ce inner join contrato c on ce.idcontrato=c.idcontrato inner join obra o on c.idobra=o.idobra where  c.Numero='69/11' and o.idorganismo=1 and ce.periodo='201210' and ce.nrocertificado=3), 239086.65);
insert into pago(idproveedor, fecha, ordenpago, importebruto, retenciones, importeneto, idorganismo) values((select idproveedor from obra o inner join contrato c on o.idobra=c.idobra where  c.Numero='69/11' and o.idorganismo=1), '2013-05-25', '0901103//2013',  129709.74, 0, 129709.74, 1); insert into pagocertificacion(idpago, idcertificacion, importe) values ((select idpago from pago where ordenpago='0901103//2013' and idorganismo=1), (select idcertificacion from certificacion ce inner join contrato c on ce.idcontrato=c.idcontrato inner join obra o on c.idobra=o.idobra where  c.Numero='69/11' and o.idorganismo=1 and ce.periodo='201212' and ce.nrocertificado=5), 129709.74);
insert into pago(idproveedor, fecha, ordenpago, importebruto, retenciones, importeneto, idorganismo) values((select idproveedor from obra o inner join contrato c on o.idobra=c.idobra where  c.Numero='27/11' and o.idorganismo=1), '2011-10-25', '0902020/2011',  194996.21, 0, 194996.21, 1); insert into pagocertificacion(idpago, idcertificacion, importe) values ((select idpago from pago where ordenpago='0902020/2011' and idorganismo=1), (select idcertificacion from certificacion ce inner join contrato c on ce.idcontrato=c.idcontrato inner join obra o on c.idobra=o.idobra where  c.Numero='27/11' and o.idorganismo=1 and ce.periodo='201104' and ce.nrocertificado=0), 194996.21);
insert into pago(idproveedor, fecha, ordenpago, importebruto, retenciones, importeneto, idorganismo) values((select idproveedor from obra o inner join contrato c on o.idobra=c.idobra where  c.Numero='29/09' and o.idorganismo=1), '2010-01-13', '0906002/2009',  114489.62, 0, 114489.62, 1); insert into pagocertificacion(idpago, idcertificacion, importe) values ((select idpago from pago where ordenpago='0906002/2009' and idorganismo=1), (select idcertificacion from certificacion ce inner join contrato c on ce.idcontrato=c.idcontrato inner join obra o on c.idobra=o.idobra where  c.Numero='29/09' and o.idorganismo=1 and ce.periodo='200911' and ce.nrocertificado=0), 114489.62);
insert into pago(idproveedor, fecha, ordenpago, importebruto, retenciones, importeneto, idorganismo) values((select idproveedor from obra o inner join contrato c on o.idobra=c.idobra where  c.Numero='29/09' and o.idorganismo=1), '2011-01-11', '0903202/2009',  8595.76, 0, 8595.76, 1); insert into pagocertificacion(idpago, idcertificacion, importe) values ((select idpago from pago where ordenpago='0903202/2009' and idorganismo=1), (select idcertificacion from certificacion ce inner join contrato c on ce.idcontrato=c.idcontrato inner join obra o on c.idobra=o.idobra where  c.Numero='29/09' and o.idorganismo=1 and ce.periodo='201003' and ce.nrocertificado=1), 8595.76);
insert into pago(idproveedor, fecha, ordenpago, importebruto, retenciones, importeneto, idorganismo) values((select idproveedor from obra o inner join contrato c on o.idobra=c.idobra where  c.Numero='29/09' and o.idorganismo=1), '2011-06-30', '0902182/2011',  10659.61, 0, 10659.61, 1); insert into pagocertificacion(idpago, idcertificacion, importe) values ((select idpago from pago where ordenpago='0902182/2011' and idorganismo=1), (select idcertificacion from certificacion ce inner join contrato c on ce.idcontrato=c.idcontrato inner join obra o on c.idobra=o.idobra where  c.Numero='29/09' and o.idorganismo=1 and ce.periodo='201004' and ce.nrocertificado=2), 10659.61);
insert into pago(idproveedor, fecha, ordenpago, importebruto, retenciones, importeneto, idorganismo) values((select idproveedor from obra o inner join contrato c on o.idobra=c.idobra where  c.Numero='29/09' and o.idorganismo=1), '2011-03-21', '0902183/2011',  35356.68, 0, 35356.68, 1); insert into pagocertificacion(idpago, idcertificacion, importe) values ((select idpago from pago where ordenpago='0902183/2011' and idorganismo=1), (select idcertificacion from certificacion ce inner join contrato c on ce.idcontrato=c.idcontrato inner join obra o on c.idobra=o.idobra where  c.Numero='29/09' and o.idorganismo=1 and ce.periodo='201005' and ce.nrocertificado=3), 35356.68);
insert into pago(idproveedor, fecha, ordenpago, importebruto, retenciones, importeneto, idorganismo) values((select idproveedor from obra o inner join contrato c on o.idobra=c.idobra where  c.Numero='29/09' and o.idorganismo=1), '2011-03-21', '0902184/2011',  20048.42, 0, 20048.42, 1); insert into pagocertificacion(idpago, idcertificacion, importe) values ((select idpago from pago where ordenpago='0902184/2011' and idorganismo=1), (select idcertificacion from certificacion ce inner join contrato c on ce.idcontrato=c.idcontrato inner join obra o on c.idobra=o.idobra where  c.Numero='29/09' and o.idorganismo=1 and ce.periodo='201006' and ce.nrocertificado=4), 20048.42);
insert into pago(idproveedor, fecha, ordenpago, importebruto, retenciones, importeneto, idorganismo) values((select idproveedor from obra o inner join contrato c on o.idobra=c.idobra where  c.Numero='29/09' and o.idorganismo=1), '2011-06-30', '0905515/2010',  96431.01, 0, 96431.01, 1); insert into pagocertificacion(idpago, idcertificacion, importe) values ((select idpago from pago where ordenpago='0905515/2010' and idorganismo=1), (select idcertificacion from certificacion ce inner join contrato c on ce.idcontrato=c.idcontrato inner join obra o on c.idobra=o.idobra where  c.Numero='29/09' and o.idorganismo=1 and ce.periodo='201010' and ce.nrocertificado=5), 96431.01);
insert into pago(idproveedor, fecha, ordenpago, importebruto, retenciones, importeneto, idorganismo) values((select idproveedor from obra o inner join contrato c on o.idobra=c.idobra where  c.Numero='29/09' and o.idorganismo=1), '2011-11-23', '0902096/2011',  57768.15, 0, 57768.15, 1); insert into pagocertificacion(idpago, idcertificacion, importe) values ((select idpago from pago where ordenpago='0902096/2011' and idorganismo=1), (select idcertificacion from certificacion ce inner join contrato c on ce.idcontrato=c.idcontrato inner join obra o on c.idobra=o.idobra where  c.Numero='29/09' and o.idorganismo=1 and ce.periodo='201011' and ce.nrocertificado=6), 57768.15);
insert into pago(idproveedor, fecha, ordenpago, importebruto, retenciones, importeneto, idorganismo) values((select idproveedor from obra o inner join contrato c on o.idobra=c.idobra where  c.Numero='29/09' and o.idorganismo=1), '2011-09-30', '0903185/2011',  16415.82, 0, 16415.82, 1); insert into pagocertificacion(idpago, idcertificacion, importe) values ((select idpago from pago where ordenpago='0903185/2011' and idorganismo=1), (select idcertificacion from certificacion ce inner join contrato c on ce.idcontrato=c.idcontrato inner join obra o on c.idobra=o.idobra where  c.Numero='29/09' and o.idorganismo=1 and ce.periodo='201012' and ce.nrocertificado=7), 16415.82);
insert into pago(idproveedor, fecha, ordenpago, importebruto, retenciones, importeneto, idorganismo) values((select idproveedor from obra o inner join contrato c on o.idobra=c.idobra where  c.Numero='29/09' and o.idorganismo=1), '2012-02-16', '0903808/2011',  26187.52, 0, 26187.52, 1); insert into pagocertificacion(idpago, idcertificacion, importe) values ((select idpago from pago where ordenpago='0903808/2011' and idorganismo=1), (select idcertificacion from certificacion ce inner join contrato c on ce.idcontrato=c.idcontrato inner join obra o on c.idobra=o.idobra where  c.Numero='29/09' and o.idorganismo=1 and ce.periodo='201102' and ce.nrocertificado=8), 26187.52);
insert into pago(idproveedor, fecha, ordenpago, importebruto, retenciones, importeneto, idorganismo) values((select idproveedor from obra o inner join contrato c on o.idobra=c.idobra where  c.Numero='29/09' and o.idorganismo=1), '2011-11-23', '0903805/2011',  14211.83, 0, 14211.83, 1); insert into pagocertificacion(idpago, idcertificacion, importe) values ((select idpago from pago where ordenpago='0903805/2011' and idorganismo=1), (select idcertificacion from certificacion ce inner join contrato c on ce.idcontrato=c.idcontrato inner join obra o on c.idobra=o.idobra where  c.Numero='29/09' and o.idorganismo=1 and ce.periodo='201104' and ce.nrocertificado=10), 14211.83);
insert into pago(idproveedor, fecha, ordenpago, importebruto, retenciones, importeneto, idorganismo) values((select idproveedor from obra o inner join contrato c on o.idobra=c.idobra where  c.Numero='29/09' and o.idorganismo=1), '2012-09-13', '0903680/2011',  48390.92, 0, 48390.92, 1); insert into pagocertificacion(idpago, idcertificacion, importe) values ((select idpago from pago where ordenpago='0903680/2011' and idorganismo=1), (select idcertificacion from certificacion ce inner join contrato c on ce.idcontrato=c.idcontrato inner join obra o on c.idobra=o.idobra where  c.Numero='29/09' and o.idorganismo=1 and ce.periodo='201108' and ce.nrocertificado=11), 48390.92);
insert into pago(idproveedor, fecha, ordenpago, importebruto, retenciones, importeneto, idorganismo) values((select idproveedor from obra o inner join contrato c on o.idobra=c.idobra where o.Expediente='4865-14259/11' and o.idorganismo=1), '2012-05-08', '0901031/2012',  175098.58, 0, 175098.58, 1); insert into pagocertificacion(idpago, idcertificacion, importe) values ((select idpago from pago where ordenpago='0901031/2012' and idorganismo=1), (select idcertificacion from certificacion ce inner join contrato c on ce.idcontrato=c.idcontrato inner join obra o on c.idobra=o.idobra where o.Expediente='4865-14259/11' and o.idorganismo=1 and ce.periodo='201112' and ce.nrocertificado=5), 175098.58);
insert into pago(idproveedor, fecha, ordenpago, importebruto, retenciones, importeneto, idorganismo) values((select idproveedor from obra o inner join contrato c on o.idobra=c.idobra where o.Expediente='4865-14259/11' and o.idorganismo=1), '2012-05-08', '0901032/2012',  135075.99, 0, 135075.99, 1); insert into pagocertificacion(idpago, idcertificacion, importe) values ((select idpago from pago where ordenpago='0901032/2012' and idorganismo=1), (select idcertificacion from certificacion ce inner join contrato c on ce.idcontrato=c.idcontrato inner join obra o on c.idobra=o.idobra where o.Expediente='4865-14259/11' and o.idorganismo=1 and ce.periodo='201202' and ce.nrocertificado=6), 135075.99);
insert into pago(idproveedor, fecha, ordenpago, importebruto, retenciones, importeneto, idorganismo) values((select idproveedor from obra o inner join contrato c on o.idobra=c.idobra where o.Expediente='4865-14259/11' and o.idorganismo=1), '2012-06-15', '0901377/2012',  50998.62, 0, 50998.62, 1); insert into pagocertificacion(idpago, idcertificacion, importe) values ((select idpago from pago where ordenpago='0901377/2012' and idorganismo=1), (select idcertificacion from certificacion ce inner join contrato c on ce.idcontrato=c.idcontrato inner join obra o on c.idobra=o.idobra where o.Expediente='4865-14259/11' and o.idorganismo=1 and ce.periodo='201203' and ce.nrocertificado=7), 50998.62);
insert into pago(idproveedor, fecha, ordenpago, importebruto, retenciones, importeneto, idorganismo) values((select idproveedor from obra o inner join contrato c on o.idobra=c.idobra where o.Expediente='4865-14259/11' and o.idorganismo=1), '2012-06-15', '0901383/2012',  322528.57, 0, 322528.57, 1); insert into pagocertificacion(idpago, idcertificacion, importe) values ((select idpago from pago where ordenpago='0901383/2012' and idorganismo=1), (select idcertificacion from certificacion ce inner join contrato c on ce.idcontrato=c.idcontrato inner join obra o on c.idobra=o.idobra where o.Expediente='4865-14259/11' and o.idorganismo=1 and ce.periodo='201204' and ce.nrocertificado=8), 322528.57);
insert into pago(idproveedor, fecha, ordenpago, importebruto, retenciones, importeneto, idorganismo) values((select idproveedor from obra o inner join contrato c on o.idobra=c.idobra where o.Expediente='4865-14259/11' and o.idorganismo=1), '2012-08-27', '0901816/2012',  3805.23, 0, 3805.23, 1); insert into pagocertificacion(idpago, idcertificacion, importe) values ((select idpago from pago where ordenpago='0901816/2012' and idorganismo=1), (select idcertificacion from certificacion ce inner join contrato c on ce.idcontrato=c.idcontrato inner join obra o on c.idobra=o.idobra where o.Expediente='4865-14259/11' and o.idorganismo=1 and ce.periodo='201205' and ce.nrocertificado=9), 3805.23);
insert into pago(idproveedor, fecha, ordenpago, importebruto, retenciones, importeneto, idorganismo) values((select idproveedor from obra o inner join contrato c on o.idobra=c.idobra where o.Expediente='4865-14259/11' and o.idorganismo=1), '2012-08-27', '0901817/2012',  41933.63, 0, 41933.63, 1); insert into pagocertificacion(idpago, idcertificacion, importe) values ((select idpago from pago where ordenpago='0901817/2012' and idorganismo=1), (select idcertificacion from certificacion ce inner join contrato c on ce.idcontrato=c.idcontrato inner join obra o on c.idobra=o.idobra where o.Expediente='4865-14259/11' and o.idorganismo=1 and ce.periodo='201206' and ce.nrocertificado=10), 41933.63);
insert into pago(idproveedor, fecha, ordenpago, importebruto, retenciones, importeneto, idorganismo) values((select idproveedor from obra o inner join contrato c on o.idobra=c.idobra where o.Expediente='4865-14259/11' and o.idorganismo=1), '2013-07-12', '0901173/2013',  427409.03, 0, 427409.03, 1); insert into pagocertificacion(idpago, idcertificacion, importe) values ((select idpago from pago where ordenpago='0901173/2013' and idorganismo=1), (select idcertificacion from certificacion ce inner join contrato c on ce.idcontrato=c.idcontrato inner join obra o on c.idobra=o.idobra where o.Expediente='4865-14259/11' and o.idorganismo=1 and ce.periodo='201207' and ce.nrocertificado=11), 427409.03);
insert into pago(idproveedor, fecha, ordenpago, importebruto, retenciones, importeneto, idorganismo) values((select idproveedor from obra o inner join contrato c on o.idobra=c.idobra where  c.Numero='28/11' and o.idorganismo=1), '2011-10-25', '0902388/2011',  104655, 0, 104655, 1); insert into pagocertificacion(idpago, idcertificacion, importe) values ((select idpago from pago where ordenpago='0902388/2011' and idorganismo=1), (select idcertificacion from certificacion ce inner join contrato c on ce.idcontrato=c.idcontrato inner join obra o on c.idobra=o.idobra where  c.Numero='28/11' and o.idorganismo=1 and ce.periodo='201105' and ce.nrocertificado=0), 104655);
insert into pago(idproveedor, fecha, ordenpago, importebruto, retenciones, importeneto, idorganismo) values((select idproveedor from obra o inner join contrato c on o.idobra=c.idobra where  c.Numero='28/11' and o.idorganismo=1), '2012-03-20', '0900028/2012',  8551.34, 0, 8551.34, 1); insert into pagocertificacion(idpago, idcertificacion, importe) values ((select idpago from pago where ordenpago='0900028/2012' and idorganismo=1), (select idcertificacion from certificacion ce inner join contrato c on ce.idcontrato=c.idcontrato inner join obra o on c.idobra=o.idobra where  c.Numero='28/11' and o.idorganismo=1 and ce.periodo='201112' and ce.nrocertificado=1), 8551.34);
insert into pago(idproveedor, fecha, ordenpago, importebruto, retenciones, importeneto, idorganismo) values((select idproveedor from obra o inner join contrato c on o.idobra=c.idobra where  c.Numero='28/11' and o.idorganismo=1), '2012-04-17', '0900581/2012',  34066, 0, 34066, 1); insert into pagocertificacion(idpago, idcertificacion, importe) values ((select idpago from pago where ordenpago='0900581/2012' and idorganismo=1), (select idcertificacion from certificacion ce inner join contrato c on ce.idcontrato=c.idcontrato inner join obra o on c.idobra=o.idobra where  c.Numero='28/11' and o.idorganismo=1 and ce.periodo='201201' and ce.nrocertificado=2), 34066);
insert into pago(idproveedor, fecha, ordenpago, importebruto, retenciones, importeneto, idorganismo) values((select idproveedor from obra o inner join contrato c on o.idobra=c.idobra where  c.Numero='28/11' and o.idorganismo=1), '2012-09-13', '0902251/2012',  -880.59, 0, -880.59, 1); insert into pagocertificacion(idpago, idcertificacion, importe) values ((select idpago from pago where ordenpago='0902251/2012' and idorganismo=1), (select idcertificacion from certificacion ce inner join contrato c on ce.idcontrato=c.idcontrato inner join obra o on c.idobra=o.idobra where  c.Numero='28/11' and o.idorganismo=1 and ce.periodo='201202' and ce.nrocertificado=3), -880.59);
insert into pago(idproveedor, fecha, ordenpago, importebruto, retenciones, importeneto, idorganismo) values((select idproveedor from obra o inner join contrato c on o.idobra=c.idobra where  c.Numero='28/11' and o.idorganismo=1), '2012-09-13', '0902253/2012',  -10497.3, 0, -10497.3, 1); insert into pagocertificacion(idpago, idcertificacion, importe) values ((select idpago from pago where ordenpago='0902253/2012' and idorganismo=1), (select idcertificacion from certificacion ce inner join contrato c on ce.idcontrato=c.idcontrato inner join obra o on c.idobra=o.idobra where  c.Numero='28/11' and o.idorganismo=1 and ce.periodo='201203' and ce.nrocertificado=4), -10497.3);
insert into pago(idproveedor, fecha, ordenpago, importebruto, retenciones, importeneto, idorganismo) values((select idproveedor from obra o inner join contrato c on o.idobra=c.idobra where  c.Numero='28/11' and o.idorganismo=1), '2013-03-26', '0903113/2012',  24411.37, 0, 24411.37, 1); insert into pagocertificacion(idpago, idcertificacion, importe) values ((select idpago from pago where ordenpago='0903113/2012' and idorganismo=1), (select idcertificacion from certificacion ce inner join contrato c on ce.idcontrato=c.idcontrato inner join obra o on c.idobra=o.idobra where  c.Numero='28/11' and o.idorganismo=1 and ce.periodo='201208' and ce.nrocertificado=5), 24411.37);
insert into pago(idproveedor, fecha, ordenpago, importebruto, retenciones, importeneto, idorganismo) values((select idproveedor from obra o inner join contrato c on o.idobra=c.idobra where  c.Numero='28/11' and o.idorganismo=1), '2013-03-26', '0903038/2012',  258.71, 0, 258.71, 1); insert into pagocertificacion(idpago, idcertificacion, importe) values ((select idpago from pago where ordenpago='0903038/2012' and idorganismo=1), (select idcertificacion from certificacion ce inner join contrato c on ce.idcontrato=c.idcontrato inner join obra o on c.idobra=o.idobra where  c.Numero='28/11' and o.idorganismo=1 and ce.periodo='201209' and ce.nrocertificado=6), 258.71);
insert into pago(idproveedor, fecha, ordenpago, importebruto, retenciones, importeneto, idorganismo) values((select idproveedor from obra o inner join contrato c on o.idobra=c.idobra where  c.Numero='02/11' and o.idorganismo=1), '2011-06-29', '0900196/2011',  109845.76, 0, 109845.76, 1); insert into pagocertificacion(idpago, idcertificacion, importe) values ((select idpago from pago where ordenpago='0900196/2011' and idorganismo=1), (select idcertificacion from certificacion ce inner join contrato c on ce.idcontrato=c.idcontrato inner join obra o on c.idobra=o.idobra where  c.Numero='02/11' and o.idorganismo=1 and ce.periodo='201102' and ce.nrocertificado=0), 109845.76);
insert into pago(idproveedor, fecha, ordenpago, importebruto, retenciones, importeneto, idorganismo) values((select idproveedor from obra o inner join contrato c on o.idobra=c.idobra where  c.Numero='02/11' and o.idorganismo=1), '2011-08-25', '0901342/2011',  152619.73, 0, 152619.73, 1); insert into pagocertificacion(idpago, idcertificacion, importe) values ((select idpago from pago where ordenpago='0901342/2011' and idorganismo=1), (select idcertificacion from certificacion ce inner join contrato c on ce.idcontrato=c.idcontrato inner join obra o on c.idobra=o.idobra where  c.Numero='02/11' and o.idorganismo=1 and ce.periodo='201103' and ce.nrocertificado=1), 152619.73);
insert into pago(idproveedor, fecha, ordenpago, importebruto, retenciones, importeneto, idorganismo) values((select idproveedor from obra o inner join contrato c on o.idobra=c.idobra where  c.Numero='02/11' and o.idorganismo=1), '2011-10-24', '0902013/2011',  2264.34, 0, 2264.34, 1); insert into pagocertificacion(idpago, idcertificacion, importe) values ((select idpago from pago where ordenpago='0902013/2011' and idorganismo=1), (select idcertificacion from certificacion ce inner join contrato c on ce.idcontrato=c.idcontrato inner join obra o on c.idobra=o.idobra where  c.Numero='02/11' and o.idorganismo=1 and ce.periodo='201104' and ce.nrocertificado=2), 2264.34);
insert into pago(idproveedor, fecha, ordenpago, importebruto, retenciones, importeneto, idorganismo) values((select idproveedor from obra o inner join contrato c on o.idobra=c.idobra where  c.Numero='02/11' and o.idorganismo=1), '2011-11-29', '0902861/2011',  1443.6, 0, 1443.6, 1); insert into pagocertificacion(idpago, idcertificacion, importe) values ((select idpago from pago where ordenpago='0902861/2011' and idorganismo=1), (select idcertificacion from certificacion ce inner join contrato c on ce.idcontrato=c.idcontrato inner join obra o on c.idobra=o.idobra where  c.Numero='02/11' and o.idorganismo=1 and ce.periodo='201105' and ce.nrocertificado=3), 1443.6);
insert into pago(idproveedor, fecha, ordenpago, importebruto, retenciones, importeneto, idorganismo) values((select idproveedor from obra o inner join contrato c on o.idobra=c.idobra where  c.Numero='02/11' and o.idorganismo=1), '2013-08-26', '0901398/2013',  191810.01, 0, 191810.01, 1); insert into pagocertificacion(idpago, idcertificacion, importe) values ((select idpago from pago where ordenpago='0901398/2013' and idorganismo=1), (select idcertificacion from certificacion ce inner join contrato c on ce.idcontrato=c.idcontrato inner join obra o on c.idobra=o.idobra where  c.Numero='02/11' and o.idorganismo=1 and ce.periodo='201306' and ce.nrocertificado=4), 191810.01);
insert into pago(idproveedor, fecha, ordenpago, importebruto, retenciones, importeneto, idorganismo) values((select idproveedor from obra o inner join contrato c on o.idobra=c.idobra where  c.Numero='02/11' and o.idorganismo=1), '2013-10-31', '0901722/2013',  34629.42, 0, 34629.42, 1); insert into pagocertificacion(idpago, idcertificacion, importe) values ((select idpago from pago where ordenpago='0901722/2013' and idorganismo=1), (select idcertificacion from certificacion ce inner join contrato c on ce.idcontrato=c.idcontrato inner join obra o on c.idobra=o.idobra where  c.Numero='02/11' and o.idorganismo=1 and ce.periodo='201307' and ce.nrocertificado=5), 34629.42);
insert into pago(idproveedor, fecha, ordenpago, importebruto, retenciones, importeneto, idorganismo) values((select idproveedor from obra o inner join contrato c on o.idobra=c.idobra where  c.Numero='71/11' and o.idorganismo=1), '2013-05-17', '0900436/2013',  866880, 0, 866880, 1); insert into pagocertificacion(idpago, idcertificacion, importe) values ((select idpago from pago where ordenpago='0900436/2013' and idorganismo=1), (select idcertificacion from certificacion ce inner join contrato c on ce.idcontrato=c.idcontrato inner join obra o on c.idobra=o.idobra where  c.Numero='71/11' and o.idorganismo=1 and ce.periodo='201112' and ce.nrocertificado=0), 866880);
insert into pago(idproveedor, fecha, ordenpago, importebruto, retenciones, importeneto, idorganismo) values((select idproveedor from obra o inner join contrato c on o.idobra=c.idobra where  c.Numero='10/11' and o.idorganismo=1), '2011-10-25', '0902527/2011',  17865, 0, 17865, 1); insert into pagocertificacion(idpago, idcertificacion, importe) values ((select idpago from pago where ordenpago='0902527/2011' and idorganismo=1), (select idcertificacion from certificacion ce inner join contrato c on ce.idcontrato=c.idcontrato inner join obra o on c.idobra=o.idobra where  c.Numero='10/11' and o.idorganismo=1 and ce.periodo='201107' and ce.nrocertificado=0), 17865);
insert into pago(idproveedor, fecha, ordenpago, importebruto, retenciones, importeneto, idorganismo) values((select idproveedor from obra o inner join contrato c on o.idobra=c.idobra where  c.Numero='10/11' and o.idorganismo=1), '2012-04-17', '0900248/2012',  20837.82, 0, 20837.82, 1); insert into pagocertificacion(idpago, idcertificacion, importe) values ((select idpago from pago where ordenpago='0900248/2012' and idorganismo=1), (select idcertificacion from certificacion ce inner join contrato c on ce.idcontrato=c.idcontrato inner join obra o on c.idobra=o.idobra where  c.Numero='10/11' and o.idorganismo=1 and ce.periodo='201201' and ce.nrocertificado=1), 20837.82);
insert into pago(idproveedor, fecha, ordenpago, importebruto, retenciones, importeneto, idorganismo) values((select idproveedor from obra o inner join contrato c on o.idobra=c.idobra where  c.Numero='10/11' and o.idorganismo=1), '2012-06-12', '0901082/2012',  8849.72, 0, 8849.72, 1); insert into pagocertificacion(idpago, idcertificacion, importe) values ((select idpago from pago where ordenpago='0901082/2012' and idorganismo=1), (select idcertificacion from certificacion ce inner join contrato c on ce.idcontrato=c.idcontrato inner join obra o on c.idobra=o.idobra where  c.Numero='10/11' and o.idorganismo=1 and ce.periodo='201202' and ce.nrocertificado=2), 8849.72);
insert into pago(idproveedor, fecha, ordenpago, importebruto, retenciones, importeneto, idorganismo) values((select idproveedor from obra o inner join contrato c on o.idobra=c.idobra where  c.Numero='09/12' and o.idorganismo=1), '2012-11-08', '0902242/2012',  21444.15, 0, 21444.15, 1); insert into pagocertificacion(idpago, idcertificacion, importe) values ((select idpago from pago where ordenpago='0902242/2012' and idorganismo=1), (select idcertificacion from certificacion ce inner join contrato c on ce.idcontrato=c.idcontrato inner join obra o on c.idobra=o.idobra where  c.Numero='09/12' and o.idorganismo=1 and ce.periodo='201307' and ce.nrocertificado=1), 21444.15);
insert into pago(idproveedor, fecha, ordenpago, importebruto, retenciones, importeneto, idorganismo) values((select idproveedor from obra o inner join contrato c on o.idobra=c.idobra where  c.Numero='09/12' and o.idorganismo=1), '2012-11-08', '0902701/2012',  96949.74, 0, 96949.74, 1); insert into pagocertificacion(idpago, idcertificacion, importe) values ((select idpago from pago where ordenpago='0902701/2012' and idorganismo=1), (select idcertificacion from certificacion ce inner join contrato c on ce.idcontrato=c.idcontrato inner join obra o on c.idobra=o.idobra where  c.Numero='09/12' and o.idorganismo=1 and ce.periodo='201208' and ce.nrocertificado=2), 96949.74);
insert into pago(idproveedor, fecha, ordenpago, importebruto, retenciones, importeneto, idorganismo) values((select idproveedor from obra o inner join contrato c on o.idobra=c.idobra where  c.Numero='09/12' and o.idorganismo=1), '2012-11-12', '0902693/2012',  86103.08, 0, 86103.08, 1); insert into pagocertificacion(idpago, idcertificacion, importe) values ((select idpago from pago where ordenpago='0902693/2012' and idorganismo=1), (select idcertificacion from certificacion ce inner join contrato c on ce.idcontrato=c.idcontrato inner join obra o on c.idobra=o.idobra where  c.Numero='09/12' and o.idorganismo=1 and ce.periodo='201209' and ce.nrocertificado=3), 86103.08);
insert into pago(idproveedor, fecha, ordenpago, importebruto, retenciones, importeneto, idorganismo) values((select idproveedor from obra o inner join contrato c on o.idobra=c.idobra where  c.Numero='09/12' and o.idorganismo=1), '2013-05-08', '0900614/2013',  61723.94, 0, 61723.94, 1); insert into pagocertificacion(idpago, idcertificacion, importe) values ((select idpago from pago where ordenpago='0900614/2013' and idorganismo=1), (select idcertificacion from certificacion ce inner join contrato c on ce.idcontrato=c.idcontrato inner join obra o on c.idobra=o.idobra where  c.Numero='09/12' and o.idorganismo=1 and ce.periodo='201210' and ce.nrocertificado=4), 61723.94);
insert into pago(idproveedor, fecha, ordenpago, importebruto, retenciones, importeneto, idorganismo) values((select idproveedor from obra o inner join contrato c on o.idobra=c.idobra where  c.Numero='12/12' and o.idorganismo=1), '2012-11-08', '0902700/2012',  327756.49, 0, 327756.49, 1); insert into pagocertificacion(idpago, idcertificacion, importe) values ((select idpago from pago where ordenpago='0902700/2012' and idorganismo=1), (select idcertificacion from certificacion ce inner join contrato c on ce.idcontrato=c.idcontrato inner join obra o on c.idobra=o.idobra where  c.Numero='12/12' and o.idorganismo=1 and ce.periodo='201202' and ce.nrocertificado=1), 327756.49);
insert into pago(idproveedor, fecha, ordenpago, importebruto, retenciones, importeneto, idorganismo) values((select idproveedor from obra o inner join contrato c on o.idobra=c.idobra where  c.Numero='12/12' and o.idorganismo=1), '2012-11-12', '0902692/2012',  81787.89, 0, 81787.89, 1); insert into pagocertificacion(idpago, idcertificacion, importe) values ((select idpago from pago where ordenpago='0902692/2012' and idorganismo=1), (select idcertificacion from certificacion ce inner join contrato c on ce.idcontrato=c.idcontrato inner join obra o on c.idobra=o.idobra where  c.Numero='12/12' and o.idorganismo=1 and ce.periodo='201209' and ce.nrocertificado=2), 81787.89);
insert into pago(idproveedor, fecha, ordenpago, importebruto, retenciones, importeneto, idorganismo) values((select idproveedor from obra o inner join contrato c on o.idobra=c.idobra where  c.Numero='47/07' and o.idorganismo=1), '2007-08-29', '0904096/2007',  844444.23, 0, 844444.23, 1); insert into pagocertificacion(idpago, idcertificacion, importe) values ((select idpago from pago where ordenpago='0904096/2007' and idorganismo=1), (select idcertificacion from certificacion ce inner join contrato c on ce.idcontrato=c.idcontrato inner join obra o on c.idobra=o.idobra where  c.Numero='47/07' and o.idorganismo=1 and ce.periodo='200708' and ce.nrocertificado=0), 844444.23);
insert into pago(idproveedor, fecha, ordenpago, importebruto, retenciones, importeneto, idorganismo) values((select idproveedor from obra o inner join contrato c on o.idobra=c.idobra where  c.Numero='47/07' and o.idorganismo=1), '2008-02-15', '0906449/2007',  284762.58, 0, 284762.58, 1); insert into pagocertificacion(idpago, idcertificacion, importe) values ((select idpago from pago where ordenpago='0906449/2007' and idorganismo=1), (select idcertificacion from certificacion ce inner join contrato c on ce.idcontrato=c.idcontrato inner join obra o on c.idobra=o.idobra where  c.Numero='47/07' and o.idorganismo=1 and ce.periodo='200709' and ce.nrocertificado=1), 284762.58);
insert into pago(idproveedor, fecha, ordenpago, importebruto, retenciones, importeneto, idorganismo) values((select idproveedor from obra o inner join contrato c on o.idobra=c.idobra where  c.Numero='47/07' and o.idorganismo=1), '2011-07-10', '0906445/2007',  273182.6, 0, 273182.6, 1); insert into pagocertificacion(idpago, idcertificacion, importe) values ((select idpago from pago where ordenpago='0906445/2007' and idorganismo=1), (select idcertificacion from certificacion ce inner join contrato c on ce.idcontrato=c.idcontrato inner join obra o on c.idobra=o.idobra where  c.Numero='47/07' and o.idorganismo=1 and ce.periodo='200710' and ce.nrocertificado=2), 273182.6);
insert into pago(idproveedor, fecha, ordenpago, importebruto, retenciones, importeneto, idorganismo) values((select idproveedor from obra o inner join contrato c on o.idobra=c.idobra where  c.Numero='47/07' and o.idorganismo=1), '2008-03-18', '0906701/2007',  82928.98, 0, 82928.98, 1); insert into pagocertificacion(idpago, idcertificacion, importe) values ((select idpago from pago where ordenpago='0906701/2007' and idorganismo=1), (select idcertificacion from certificacion ce inner join contrato c on ce.idcontrato=c.idcontrato inner join obra o on c.idobra=o.idobra where  c.Numero='47/07' and o.idorganismo=1 and ce.periodo='200711' and ce.nrocertificado=3), 82928.98);
insert into pago(idproveedor, fecha, ordenpago, importebruto, retenciones, importeneto, idorganismo) values((select idproveedor from obra o inner join contrato c on o.idobra=c.idobra where  c.Numero='47/07' and o.idorganismo=1), '2008-08-22', '0906882/2007',  123715.8, 0, 123715.8, 1); insert into pagocertificacion(idpago, idcertificacion, importe) values ((select idpago from pago where ordenpago='0906882/2007' and idorganismo=1), (select idcertificacion from certificacion ce inner join contrato c on ce.idcontrato=c.idcontrato inner join obra o on c.idobra=o.idobra where  c.Numero='47/07' and o.idorganismo=1 and ce.periodo='200712' and ce.nrocertificado=4), 123715.8);
insert into pago(idproveedor, fecha, ordenpago, importebruto, retenciones, importeneto, idorganismo) values((select idproveedor from obra o inner join contrato c on o.idobra=c.idobra where  c.Numero='47/07' and o.idorganismo=1), '2008-03-26', '0900532/2008',  319760.84, 0, 319760.84, 1); insert into pagocertificacion(idpago, idcertificacion, importe) values ((select idpago from pago where ordenpago='0900532/2008' and idorganismo=1), (select idcertificacion from certificacion ce inner join contrato c on ce.idcontrato=c.idcontrato inner join obra o on c.idobra=o.idobra where  c.Numero='47/07' and o.idorganismo=1 and ce.periodo='200801' and ce.nrocertificado=5), 319760.84);
insert into pago(idproveedor, fecha, ordenpago, importebruto, retenciones, importeneto, idorganismo) values((select idproveedor from obra o inner join contrato c on o.idobra=c.idobra where  c.Numero='47/07' and o.idorganismo=1), '2008-12-01', '0903820/2008',  168784.84, 0, 168784.84, 1); insert into pagocertificacion(idpago, idcertificacion, importe) values ((select idpago from pago where ordenpago='0903820/2008' and idorganismo=1), (select idcertificacion from certificacion ce inner join contrato c on ce.idcontrato=c.idcontrato inner join obra o on c.idobra=o.idobra where  c.Numero='47/07' and o.idorganismo=1 and ce.periodo='200808' and ce.nrocertificado=6), 168784.84);
insert into pago(idproveedor, fecha, ordenpago, importebruto, retenciones, importeneto, idorganismo) values((select idproveedor from obra o inner join contrato c on o.idobra=c.idobra where  c.Numero='47/07' and o.idorganismo=1), '2009-05-14', '0905918/2008',  -6604.61, 0, -6604.61, 1); insert into pagocertificacion(idpago, idcertificacion, importe) values ((select idpago from pago where ordenpago='0905918/2008' and idorganismo=1), (select idcertificacion from certificacion ce inner join contrato c on ce.idcontrato=c.idcontrato inner join obra o on c.idobra=o.idobra where  c.Numero='47/07' and o.idorganismo=1 and ce.periodo='200809' and ce.nrocertificado=7), -6604.61);
insert into pago(idproveedor, fecha, ordenpago, importebruto, retenciones, importeneto, idorganismo) values((select idproveedor from obra o inner join contrato c on o.idobra=c.idobra where  c.Numero='47/07' and o.idorganismo=1), '2009-07-07', '0905929/2008',  365078.56, 0, 365078.56, 1); insert into pagocertificacion(idpago, idcertificacion, importe) values ((select idpago from pago where ordenpago='0905929/2008' and idorganismo=1), (select idcertificacion from certificacion ce inner join contrato c on ce.idcontrato=c.idcontrato inner join obra o on c.idobra=o.idobra where  c.Numero='47/07' and o.idorganismo=1 and ce.periodo='200812' and ce.nrocertificado=9), 365078.56);
insert into pago(idproveedor, fecha, ordenpago, importebruto, retenciones, importeneto, idorganismo) values((select idproveedor from obra o inner join contrato c on o.idobra=c.idobra where  c.Numero='47/07' and o.idorganismo=1), '2013-10-31', '0902256/2009',  6519.17, 0, 6519.17, 1); insert into pagocertificacion(idpago, idcertificacion, importe) values ((select idpago from pago where ordenpago='0902256/2009' and idorganismo=1), (select idcertificacion from certificacion ce inner join contrato c on ce.idcontrato=c.idcontrato inner join obra o on c.idobra=o.idobra where  c.Numero='47/07' and o.idorganismo=1 and ce.periodo='200901' and ce.nrocertificado=10), 6519.17);
insert into pago(idproveedor, fecha, ordenpago, importebruto, retenciones, importeneto, idorganismo) values((select idproveedor from obra o inner join contrato c on o.idobra=c.idobra where  c.Numero='14/10' and o.idorganismo=1), '2010-12-21', '0904228/2010',  83907.38, 0, 83907.38, 1); insert into pagocertificacion(idpago, idcertificacion, importe) values ((select idpago from pago where ordenpago='0904228/2010' and idorganismo=1), (select idcertificacion from certificacion ce inner join contrato c on ce.idcontrato=c.idcontrato inner join obra o on c.idobra=o.idobra where  c.Numero='14/10' and o.idorganismo=1 and ce.periodo='201007' and ce.nrocertificado=1), 83907.38);
insert into pago(idproveedor, fecha, ordenpago, importebruto, retenciones, importeneto, idorganismo) values((select idproveedor from obra o inner join contrato c on o.idobra=c.idobra where  c.Numero='14/10' and o.idorganismo=1), '2010-12-21', '0904229/2010',  154835.21, 0, 154835.21, 1); insert into pagocertificacion(idpago, idcertificacion, importe) values ((select idpago from pago where ordenpago='0904229/2010' and idorganismo=1), (select idcertificacion from certificacion ce inner join contrato c on ce.idcontrato=c.idcontrato inner join obra o on c.idobra=o.idobra where  c.Numero='14/10' and o.idorganismo=1 and ce.periodo='201008' and ce.nrocertificado=2), 154835.21);
insert into pago(idproveedor, fecha, ordenpago, importebruto, retenciones, importeneto, idorganismo) values((select idproveedor from obra o inner join contrato c on o.idobra=c.idobra where  c.Numero='14/10' and o.idorganismo=1), '2011-11-22', '0904230/2010',  137129.95, 0, 137129.95, 1); insert into pagocertificacion(idpago, idcertificacion, importe) values ((select idpago from pago where ordenpago='0904230/2010' and idorganismo=1), (select idcertificacion from certificacion ce inner join contrato c on ce.idcontrato=c.idcontrato inner join obra o on c.idobra=o.idobra where  c.Numero='14/10' and o.idorganismo=1 and ce.periodo='201009' and ce.nrocertificado=3), 137129.95);
insert into pago(idproveedor, fecha, ordenpago, importebruto, retenciones, importeneto, idorganismo) values((select idproveedor from obra o inner join contrato c on o.idobra=c.idobra where  c.Numero='14/10' and o.idorganismo=1), '2011-05-09', '0900845/2011',  114045.7, 0, 114045.7, 1); insert into pagocertificacion(idpago, idcertificacion, importe) values ((select idpago from pago where ordenpago='0900845/2011' and idorganismo=1), (select idcertificacion from certificacion ce inner join contrato c on ce.idcontrato=c.idcontrato inner join obra o on c.idobra=o.idobra where  c.Numero='14/10' and o.idorganismo=1 and ce.periodo='201010' and ce.nrocertificado=4), 114045.7);
insert into pago(idproveedor, fecha, ordenpago, importebruto, retenciones, importeneto, idorganismo) values((select idproveedor from obra o inner join contrato c on o.idobra=c.idobra where  c.Numero='14/10' and o.idorganismo=1), '2011-05-09', '0900849/2011',  187406.49, 0, 187406.49, 1); insert into pagocertificacion(idpago, idcertificacion, importe) values ((select idpago from pago where ordenpago='0900849/2011' and idorganismo=1), (select idcertificacion from certificacion ce inner join contrato c on ce.idcontrato=c.idcontrato inner join obra o on c.idobra=o.idobra where  c.Numero='14/10' and o.idorganismo=1 and ce.periodo='201011' and ce.nrocertificado=5), 187406.49);
insert into pago(idproveedor, fecha, ordenpago, importebruto, retenciones, importeneto, idorganismo) values((select idproveedor from obra o inner join contrato c on o.idobra=c.idobra where  c.Numero='14/10' and o.idorganismo=1), '2013-10-31', '0900519/2013',  165152.9, 0, 165152.9, 1); insert into pagocertificacion(idpago, idcertificacion, importe) values ((select idpago from pago where ordenpago='0900519/2013' and idorganismo=1), (select idcertificacion from certificacion ce inner join contrato c on ce.idcontrato=c.idcontrato inner join obra o on c.idobra=o.idobra where  c.Numero='14/10' and o.idorganismo=1 and ce.periodo='201012' and ce.nrocertificado=6), 165152.9);
insert into pago(idproveedor, fecha, ordenpago, importebruto, retenciones, importeneto, idorganismo) values((select idproveedor from obra o inner join contrato c on o.idobra=c.idobra where  c.Numero='15/11' and o.idorganismo=1), '2011-06-23', '0901857/2011',  364890.06, 0, 364890.06, 1); insert into pagocertificacion(idpago, idcertificacion, importe) values ((select idpago from pago where ordenpago='0901857/2011' and idorganismo=1), (select idcertificacion from certificacion ce inner join contrato c on ce.idcontrato=c.idcontrato inner join obra o on c.idobra=o.idobra where  c.Numero='15/11' and o.idorganismo=1 and ce.periodo='201102' and ce.nrocertificado=1), 364890.06);
insert into pago(idproveedor, fecha, ordenpago, importebruto, retenciones, importeneto, idorganismo) values((select idproveedor from obra o inner join contrato c on o.idobra=c.idobra where  c.Numero='15/11' and o.idorganismo=1), '2011-08-01', '0902272/2011',  243260.04, 0, 243260.04, 1); insert into pagocertificacion(idpago, idcertificacion, importe) values ((select idpago from pago where ordenpago='0902272/2011' and idorganismo=1), (select idcertificacion from certificacion ce inner join contrato c on ce.idcontrato=c.idcontrato inner join obra o on c.idobra=o.idobra where  c.Numero='15/11' and o.idorganismo=1 and ce.periodo='201103' and ce.nrocertificado=2), 243260.04);
insert into pago(idproveedor, fecha, ordenpago, importebruto, retenciones, importeneto, idorganismo) values((select idproveedor from obra o inner join contrato c on o.idobra=c.idobra where  c.Numero='15/11' and o.idorganismo=1), '2011-08-01', '0902275/2011',  202716.7, 0, 202716.7, 1); insert into pagocertificacion(idpago, idcertificacion, importe) values ((select idpago from pago where ordenpago='0902275/2011' and idorganismo=1), (select idcertificacion from certificacion ce inner join contrato c on ce.idcontrato=c.idcontrato inner join obra o on c.idobra=o.idobra where  c.Numero='15/11' and o.idorganismo=1 and ce.periodo='201104' and ce.nrocertificado=3), 202716.7);
insert into pago(idproveedor, fecha, ordenpago, importebruto, retenciones, importeneto, idorganismo) values((select idproveedor from obra o inner join contrato c on o.idobra=c.idobra where  c.Numero='15/11' and o.idorganismo=1), '2012-01-12', '0903777/2011',  202513.98, 0, 202513.98, 1); insert into pagocertificacion(idpago, idcertificacion, importe) values ((select idpago from pago where ordenpago='0903777/2011' and idorganismo=1), (select idcertificacion from certificacion ce inner join contrato c on ce.idcontrato=c.idcontrato inner join obra o on c.idobra=o.idobra where  c.Numero='15/11' and o.idorganismo=1 and ce.periodo='201105' and ce.nrocertificado=4), 202513.98);
insert into pago(idproveedor, fecha, ordenpago, importebruto, retenciones, importeneto, idorganismo) values((select idproveedor from obra o inner join contrato c on o.idobra=c.idobra where  c.Numero='07/12' and o.idorganismo=1), '2012-08-09', '0901660/2012',  13718, 0, 13718, 1); insert into pagocertificacion(idpago, idcertificacion, importe) values ((select idpago from pago where ordenpago='0901660/2012' and idorganismo=1), (select idcertificacion from certificacion ce inner join contrato c on ce.idcontrato=c.idcontrato inner join obra o on c.idobra=o.idobra where  c.Numero='07/12' and o.idorganismo=1 and ce.periodo='201105' and ce.nrocertificado=1), 13718);
insert into pago(idproveedor, fecha, ordenpago, importebruto, retenciones, importeneto, idorganismo) values((select idproveedor from obra o inner join contrato c on o.idobra=c.idobra where  c.Numero='07/12' and o.idorganismo=1), '2012-09-11', '0901969/2012',  24190.13, 0, 24190.13, 1); insert into pagocertificacion(idpago, idcertificacion, importe) values ((select idpago from pago where ordenpago='0901969/2012' and idorganismo=1), (select idcertificacion from certificacion ce inner join contrato c on ce.idcontrato=c.idcontrato inner join obra o on c.idobra=o.idobra where  c.Numero='07/12' and o.idorganismo=1 and ce.periodo='201212' and ce.nrocertificado=2), 24190.13);
insert into pago(idproveedor, fecha, ordenpago, importebruto, retenciones, importeneto, idorganismo) values((select idproveedor from obra o inner join contrato c on o.idobra=c.idobra where  c.Numero='15/12' and o.idorganismo=1), '2013-10-31', '0900408/2013',  77079.32, 0, 77079.32, 1); insert into pagocertificacion(idpago, idcertificacion, importe) values ((select idpago from pago where ordenpago='0900408/2013' and idorganismo=1), (select idcertificacion from certificacion ce inner join contrato c on ce.idcontrato=c.idcontrato inner join obra o on c.idobra=o.idobra where  c.Numero='15/12' and o.idorganismo=1 and ce.periodo='201212' and ce.nrocertificado=1), 77079.32);
insert into pago(idproveedor, fecha, ordenpago, importebruto, retenciones, importeneto, idorganismo) values((select idproveedor from obra o inner join contrato c on o.idobra=c.idobra where  c.Numero='15/12' and o.idorganismo=1), '2013-10-31', '0900403/2013',  316194.49, 0, 316194.49, 1); insert into pagocertificacion(idpago, idcertificacion, importe) values ((select idpago from pago where ordenpago='0900403/2013' and idorganismo=1), (select idcertificacion from certificacion ce inner join contrato c on ce.idcontrato=c.idcontrato inner join obra o on c.idobra=o.idobra where  c.Numero='15/12' and o.idorganismo=1 and ce.periodo='201301' and ce.nrocertificado=2), 316194.49);
insert into pago(idproveedor, fecha, ordenpago, importebruto, retenciones, importeneto, idorganismo) values((select idproveedor from obra o inner join contrato c on o.idobra=c.idobra where  c.Numero='15/12' and o.idorganismo=1), '2013-10-31', '0900446/2013',  212398.5, 0, 212398.5, 1); insert into pagocertificacion(idpago, idcertificacion, importe) values ((select idpago from pago where ordenpago='0900446/2013' and idorganismo=1), (select idcertificacion from certificacion ce inner join contrato c on ce.idcontrato=c.idcontrato inner join obra o on c.idobra=o.idobra where  c.Numero='15/12' and o.idorganismo=1 and ce.periodo='201302' and ce.nrocertificado=3), 212398.5);
insert into pago(idproveedor, fecha, ordenpago, importebruto, retenciones, importeneto, idorganismo) values((select idproveedor from obra o inner join contrato c on o.idobra=c.idobra where  c.Numero='15/12' and o.idorganismo=1), '2013-10-31', '0900871/2013',  209435.67, 0, 209435.67, 1); insert into pagocertificacion(idpago, idcertificacion, importe) values ((select idpago from pago where ordenpago='0900871/2013' and idorganismo=1), (select idcertificacion from certificacion ce inner join contrato c on ce.idcontrato=c.idcontrato inner join obra o on c.idobra=o.idobra where  c.Numero='15/12' and o.idorganismo=1 and ce.periodo='201303' and ce.nrocertificado=4), 209435.67);
insert into pago(idproveedor, fecha, ordenpago, importebruto, retenciones, importeneto, idorganismo) values((select idproveedor from obra o inner join contrato c on o.idobra=c.idobra where  c.Numero='15/12' and o.idorganismo=1), '2013-10-31', '0901285/2013',  96550.48, 0, 96550.48, 1); insert into pagocertificacion(idpago, idcertificacion, importe) values ((select idpago from pago where ordenpago='0901285/2013' and idorganismo=1), (select idcertificacion from certificacion ce inner join contrato c on ce.idcontrato=c.idcontrato inner join obra o on c.idobra=o.idobra where  c.Numero='15/12' and o.idorganismo=1 and ce.periodo='201304' and ce.nrocertificado=5), 96550.48);
insert into pago(idproveedor, fecha, ordenpago, importebruto, retenciones, importeneto, idorganismo) values((select idproveedor from obra o inner join contrato c on o.idobra=c.idobra where  c.Numero='15/12' and o.idorganismo=1), '2013-10-31', '0901380/2013',  2133.22, 0, 2133.22, 1); insert into pagocertificacion(idpago, idcertificacion, importe) values ((select idpago from pago where ordenpago='0901380/2013' and idorganismo=1), (select idcertificacion from certificacion ce inner join contrato c on ce.idcontrato=c.idcontrato inner join obra o on c.idobra=o.idobra where  c.Numero='15/12' and o.idorganismo=1 and ce.periodo='201305' and ce.nrocertificado=6), 2133.22);
insert into pago(idproveedor, fecha, ordenpago, importebruto, retenciones, importeneto, idorganismo) values((select idproveedor from obra o inner join contrato c on o.idobra=c.idobra where  c.Numero='03/13' and o.idorganismo=1), '2013-04-26', '0900206/2013',  569912.67, 0, 569912.67, 1); insert into pagocertificacion(idpago, idcertificacion, importe) values ((select idpago from pago where ordenpago='0900206/2013' and idorganismo=1), (select idcertificacion from certificacion ce inner join contrato c on ce.idcontrato=c.idcontrato inner join obra o on c.idobra=o.idobra where  c.Numero='03/13' and o.idorganismo=1 and ce.periodo='201302' and ce.nrocertificado=0), 569912.67);
insert into pago(idproveedor, fecha, ordenpago, importebruto, retenciones, importeneto, idorganismo) values((select idproveedor from obra o inner join contrato c on o.idobra=c.idobra where  c.Numero='03/13' and o.idorganismo=1), '2013-06-04', '0900709/2013',  326919.63, 0, 326919.63, 1); insert into pagocertificacion(idpago, idcertificacion, importe) values ((select idpago from pago where ordenpago='0900709/2013' and idorganismo=1), (select idcertificacion from certificacion ce inner join contrato c on ce.idcontrato=c.idcontrato inner join obra o on c.idobra=o.idobra where  c.Numero='03/13' and o.idorganismo=1 and ce.periodo='201303' and ce.nrocertificado=2), 326919.63);
insert into pago(idproveedor, fecha, ordenpago, importebruto, retenciones, importeneto, idorganismo) values((select idproveedor from obra o inner join contrato c on o.idobra=c.idobra where  c.Numero='03/13' and o.idorganismo=1), '2013-07-12', '0900997/2013',  374817.84, 0, 374817.84, 1); insert into pagocertificacion(idpago, idcertificacion, importe) values ((select idpago from pago where ordenpago='0900997/2013' and idorganismo=1), (select idcertificacion from certificacion ce inner join contrato c on ce.idcontrato=c.idcontrato inner join obra o on c.idobra=o.idobra where  c.Numero='03/13' and o.idorganismo=1 and ce.periodo='201304' and ce.nrocertificado=3), 374817.84);
insert into pago(idproveedor, fecha, ordenpago, importebruto, retenciones, importeneto, idorganismo) values((select idproveedor from obra o inner join contrato c on o.idobra=c.idobra where  c.Numero='03/13' and o.idorganismo=1), '2013-08-08', '0901316/2013',  427683.88, 0, 427683.88, 1); insert into pagocertificacion(idpago, idcertificacion, importe) values ((select idpago from pago where ordenpago='0901316/2013' and idorganismo=1), (select idcertificacion from certificacion ce inner join contrato c on ce.idcontrato=c.idcontrato inner join obra o on c.idobra=o.idobra where  c.Numero='03/13' and o.idorganismo=1 and ce.periodo='201305' and ce.nrocertificado=4), 427683.88);
insert into pago(idproveedor, fecha, ordenpago, importebruto, retenciones, importeneto, idorganismo) values((select idproveedor from obra o inner join contrato c on o.idobra=c.idobra where  c.Numero='03/13' and o.idorganismo=1), '2013-10-31', '0901674/2013',  111128.83, 0, 111128.83, 1); insert into pagocertificacion(idpago, idcertificacion, importe) values ((select idpago from pago where ordenpago='0901674/2013' and idorganismo=1), (select idcertificacion from certificacion ce inner join contrato c on ce.idcontrato=c.idcontrato inner join obra o on c.idobra=o.idobra where  c.Numero='03/13' and o.idorganismo=1 and ce.periodo='201306' and ce.nrocertificado=5), 111128.83);
insert into pago(idproveedor, fecha, ordenpago, importebruto, retenciones, importeneto, idorganismo) values((select idproveedor from obra o inner join contrato c on o.idobra=c.idobra where  c.Numero='14/12' and o.idorganismo=1), '2013-10-31', '0902851/2012',  24061.72, 0, 24061.72, 1); insert into pagocertificacion(idpago, idcertificacion, importe) values ((select idpago from pago where ordenpago='0902851/2012' and idorganismo=1), (select idcertificacion from certificacion ce inner join contrato c on ce.idcontrato=c.idcontrato inner join obra o on c.idobra=o.idobra where  c.Numero='14/12' and o.idorganismo=1 and ce.periodo='201210' and ce.nrocertificado=0), 24061.72);
insert into pago(idproveedor, fecha, ordenpago, importebruto, retenciones, importeneto, idorganismo) values((select idproveedor from obra o inner join contrato c on o.idobra=c.idobra where  c.Numero='14/12' and o.idorganismo=1), '2013-05-17', '0903186/2012',  27670.5, 0, 27670.5, 1); insert into pagocertificacion(idpago, idcertificacion, importe) values ((select idpago from pago where ordenpago='0903186/2012' and idorganismo=1), (select idcertificacion from certificacion ce inner join contrato c on ce.idcontrato=c.idcontrato inner join obra o on c.idobra=o.idobra where  c.Numero='14/12' and o.idorganismo=1 and ce.periodo='201210' and ce.nrocertificado=1), 27670.5);
insert into pago(idproveedor, fecha, ordenpago, importebruto, retenciones, importeneto, idorganismo) values((select idproveedor from obra o inner join contrato c on o.idobra=c.idobra where  c.Numero='14/12' and o.idorganismo=1), '2013-05-17', '0903410/2012',  24463.21, 0, 24463.21, 1); insert into pagocertificacion(idpago, idcertificacion, importe) values ((select idpago from pago where ordenpago='0903410/2012' and idorganismo=1), (select idcertificacion from certificacion ce inner join contrato c on ce.idcontrato=c.idcontrato inner join obra o on c.idobra=o.idobra where  c.Numero='14/12' and o.idorganismo=1 and ce.periodo='201211' and ce.nrocertificado=2), 24463.21);
insert into pago(idproveedor, fecha, ordenpago, importebruto, retenciones, importeneto, idorganismo) values((select idproveedor from obra o inner join contrato c on o.idobra=c.idobra where  c.Numero='16/12' and o.idorganismo=1), '2013-04-18', '0903119/2012',  20984.51, 0, 20984.51, 1); insert into pagocertificacion(idpago, idcertificacion, importe) values ((select idpago from pago where ordenpago='0903119/2012' and idorganismo=1), (select idcertificacion from certificacion ce inner join contrato c on ce.idcontrato=c.idcontrato inner join obra o on c.idobra=o.idobra where  c.Numero='16/12' and o.idorganismo=1 and ce.periodo='201210' and ce.nrocertificado=0), 20984.51);
insert into pago(idproveedor, fecha, ordenpago, importebruto, retenciones, importeneto, idorganismo) values((select idproveedor from obra o inner join contrato c on o.idobra=c.idobra where  c.Numero='16/12' and o.idorganismo=1), '2013-06-24', '0903440/2012',  191191.92, 0, 191191.92, 1); insert into pagocertificacion(idpago, idcertificacion, importe) values ((select idpago from pago where ordenpago='0903440/2012' and idorganismo=1), (select idcertificacion from certificacion ce inner join contrato c on ce.idcontrato=c.idcontrato inner join obra o on c.idobra=o.idobra where  c.Numero='16/12' and o.idorganismo=1 and ce.periodo='201211' and ce.nrocertificado=1), 191191.92);
insert into pago(idproveedor, fecha, ordenpago, importebruto, retenciones, importeneto, idorganismo) values((select idproveedor from obra o inner join contrato c on o.idobra=c.idobra where  c.Numero='13/12' and o.idorganismo=1), '2013-01-24', '0903340/2012',  316692, 0, 316692, 1); insert into pagocertificacion(idpago, idcertificacion, importe) values ((select idpago from pago where ordenpago='0903340/2012' and idorganismo=1), (select idcertificacion from certificacion ce inner join contrato c on ce.idcontrato=c.idcontrato inner join obra o on c.idobra=o.idobra where  c.Numero='13/12' and o.idorganismo=1 and ce.periodo='201211' and ce.nrocertificado=1), 316692);
insert into pago(idproveedor, fecha, ordenpago, importebruto, retenciones, importeneto, idorganismo) values((select idproveedor from obra o inner join contrato c on o.idobra=c.idobra where  c.Numero='13/12' and o.idorganismo=1), '2013-02-19', '0903484/2012',  212777.44, 0, 212777.44, 1); insert into pagocertificacion(idpago, idcertificacion, importe) values ((select idpago from pago where ordenpago='0903484/2012' and idorganismo=1), (select idcertificacion from certificacion ce inner join contrato c on ce.idcontrato=c.idcontrato inner join obra o on c.idobra=o.idobra where  c.Numero='13/12' and o.idorganismo=1 and ce.periodo='201212' and ce.nrocertificado=2), 212777.44);
insert into pago(idproveedor, fecha, ordenpago, importebruto, retenciones, importeneto, idorganismo) values((select idproveedor from obra o inner join contrato c on o.idobra=c.idobra where  c.Numero='13/12' and o.idorganismo=1), '2013-05-08', '0900615/2013',  98966.25, 0, 98966.25, 1); insert into pagocertificacion(idpago, idcertificacion, importe) values ((select idpago from pago where ordenpago='0900615/2013' and idorganismo=1), (select idcertificacion from certificacion ce inner join contrato c on ce.idcontrato=c.idcontrato inner join obra o on c.idobra=o.idobra where  c.Numero='13/12' and o.idorganismo=1 and ce.periodo='201301' and ce.nrocertificado=3), 98966.25);
insert into pago(idproveedor, fecha, ordenpago, importebruto, retenciones, importeneto, idorganismo) values((select idproveedor from obra o inner join contrato c on o.idobra=c.idobra where  c.Numero='13/12' and o.idorganismo=1), '2013-06-24', '0901070/2013',  155377.01, 0, 155377.01, 1); insert into pagocertificacion(idpago, idcertificacion, importe) values ((select idpago from pago where ordenpago='0901070/2013' and idorganismo=1), (select idcertificacion from certificacion ce inner join contrato c on ce.idcontrato=c.idcontrato inner join obra o on c.idobra=o.idobra where  c.Numero='13/12' and o.idorganismo=1 and ce.periodo='201301' and ce.nrocertificado=4), 155377.01);
insert into pago(idproveedor, fecha, ordenpago, importebruto, retenciones, importeneto, idorganismo) values((select idproveedor from obra o inner join contrato c on o.idobra=c.idobra where  c.Numero='02/13' and o.idorganismo=1), '2013-06-19', '0901074/2013',  136414.67, 0, 136414.67, 1); insert into pagocertificacion(idpago, idcertificacion, importe) values ((select idpago from pago where ordenpago='0901074/2013' and idorganismo=1), (select idcertificacion from certificacion ce inner join contrato c on ce.idcontrato=c.idcontrato inner join obra o on c.idobra=o.idobra where  c.Numero='02/13' and o.idorganismo=1 and ce.periodo='201301' and ce.nrocertificado=1), 136414.67);
insert into pago(idproveedor, fecha, ordenpago, importebruto, retenciones, importeneto, idorganismo) values((select idproveedor from obra o inner join contrato c on o.idobra=c.idobra where  c.Numero='02/13' and o.idorganismo=1), '2013-06-19', '0901077/2013',  180985.11, 0, 180985.11, 1); insert into pagocertificacion(idpago, idcertificacion, importe) values ((select idpago from pago where ordenpago='0901077/2013' and idorganismo=1), (select idcertificacion from certificacion ce inner join contrato c on ce.idcontrato=c.idcontrato inner join obra o on c.idobra=o.idobra where  c.Numero='02/13' and o.idorganismo=1 and ce.periodo='201302' and ce.nrocertificado=2), 180985.11);
insert into pago(idproveedor, fecha, ordenpago, importebruto, retenciones, importeneto, idorganismo) values((select idproveedor from obra o inner join contrato c on o.idobra=c.idobra where  c.Numero='02/13' and o.idorganismo=1), '2013-06-19', '0901076/2013',  85148.19, 0, 85148.19, 1); insert into pagocertificacion(idpago, idcertificacion, importe) values ((select idpago from pago where ordenpago='0901076/2013' and idorganismo=1), (select idcertificacion from certificacion ce inner join contrato c on ce.idcontrato=c.idcontrato inner join obra o on c.idobra=o.idobra where  c.Numero='02/13' and o.idorganismo=1 and ce.periodo='201303' and ce.nrocertificado=3), 85148.19);
insert into pago(idproveedor, fecha, ordenpago, importebruto, retenciones, importeneto, idorganismo) values((select idproveedor from obra o inner join contrato c on o.idobra=c.idobra where  c.Numero='02/13' and o.idorganismo=1), '2013-06-19', '0900949/2013',  1929.55, 0, 1929.55, 1); insert into pagocertificacion(idpago, idcertificacion, importe) values ((select idpago from pago where ordenpago='0900949/2013' and idorganismo=1), (select idcertificacion from certificacion ce inner join contrato c on ce.idcontrato=c.idcontrato inner join obra o on c.idobra=o.idobra where  c.Numero='02/13' and o.idorganismo=1 and ce.periodo='201304' and ce.nrocertificado=4), 1929.55);
insert into pago(idproveedor, fecha, ordenpago, importebruto, retenciones, importeneto, idorganismo) values((select idproveedor from obra o inner join contrato c on o.idobra=c.idobra where  c.Numero='17/12' and o.idorganismo=1), '2013-03-07', '093511/2012',  314766.66, 0, 314766.66, 1); insert into pagocertificacion(idpago, idcertificacion, importe) values ((select idpago from pago where ordenpago='093511/2012' and idorganismo=1), (select idcertificacion from certificacion ce inner join contrato c on ce.idcontrato=c.idcontrato inner join obra o on c.idobra=o.idobra where  c.Numero='17/12' and o.idorganismo=1 and ce.periodo='201210' and ce.nrocertificado=1), 314766.66);
insert into pago(idproveedor, fecha, ordenpago, importebruto, retenciones, importeneto, idorganismo) values((select idproveedor from obra o inner join contrato c on o.idobra=c.idobra where  c.Numero='17/12' and o.idorganismo=1), '2013-03-07', '0903515/2012',  314766.66, 0, 314766.66, 1); insert into pagocertificacion(idpago, idcertificacion, importe) values ((select idpago from pago where ordenpago='0903515/2012' and idorganismo=1), (select idcertificacion from certificacion ce inner join contrato c on ce.idcontrato=c.idcontrato inner join obra o on c.idobra=o.idobra where  c.Numero='17/12' and o.idorganismo=1 and ce.periodo='201211' and ce.nrocertificado=2), 314766.66);
insert into pago(idproveedor, fecha, ordenpago, importebruto, retenciones, importeneto, idorganismo) values((select idproveedor from obra o inner join contrato c on o.idobra=c.idobra where  c.Numero='17/12' and o.idorganismo=1), '2013-05-08', '0900613/2013',  314766.67, 0, 314766.67, 1); insert into pagocertificacion(idpago, idcertificacion, importe) values ((select idpago from pago where ordenpago='0900613/2013' and idorganismo=1), (select idcertificacion from certificacion ce inner join contrato c on ce.idcontrato=c.idcontrato inner join obra o on c.idobra=o.idobra where  c.Numero='17/12' and o.idorganismo=1 and ce.periodo='201212' and ce.nrocertificado=3), 314766.67);
insert into pago(idproveedor, fecha, ordenpago, importebruto, retenciones, importeneto, idorganismo) values((select idproveedor from obra o inner join contrato c on o.idobra=c.idobra where  c.Numero='07/13' and o.idorganismo=1), '2013-05-28', '0900712/2013',  149625, 0, 149625, 1); insert into pagocertificacion(idpago, idcertificacion, importe) values ((select idpago from pago where ordenpago='0900712/2013' and idorganismo=1), (select idcertificacion from certificacion ce inner join contrato c on ce.idcontrato=c.idcontrato inner join obra o on c.idobra=o.idobra where  c.Numero='07/13' and o.idorganismo=1 and ce.periodo='201301' and ce.nrocertificado=1), 149625);
insert into pago(idproveedor, fecha, ordenpago, importebruto, retenciones, importeneto, idorganismo) values((select idproveedor from obra o inner join contrato c on o.idobra=c.idobra where  c.Numero='07/13' and o.idorganismo=1), '2013-05-28', '0900722/2013',  299250, 0, 299250, 1); insert into pagocertificacion(idpago, idcertificacion, importe) values ((select idpago from pago where ordenpago='0900722/2013' and idorganismo=1), (select idcertificacion from certificacion ce inner join contrato c on ce.idcontrato=c.idcontrato inner join obra o on c.idobra=o.idobra where  c.Numero='07/13' and o.idorganismo=1 and ce.periodo='201302' and ce.nrocertificado=2), 299250);
insert into pago(idproveedor, fecha, ordenpago, importebruto, retenciones, importeneto, idorganismo) values((select idproveedor from obra o inner join contrato c on o.idobra=c.idobra where  c.Numero='07/13' and o.idorganismo=1), '2013-05-28', '0900721/2013',  299250, 0, 299250, 1); insert into pagocertificacion(idpago, idcertificacion, importe) values ((select idpago from pago where ordenpago='0900721/2013' and idorganismo=1), (select idcertificacion from certificacion ce inner join contrato c on ce.idcontrato=c.idcontrato inner join obra o on c.idobra=o.idobra where  c.Numero='07/13' and o.idorganismo=1 and ce.periodo='201303' and ce.nrocertificado=3), 299250);
insert into pago(idproveedor, fecha, ordenpago, importebruto, retenciones, importeneto, idorganismo) values((select idproveedor from obra o inner join contrato c on o.idobra=c.idobra where  c.Numero='07/13' and o.idorganismo=1), '2013-07-03', '0901108/2013',  149625, 0, 149625, 1); insert into pagocertificacion(idpago, idcertificacion, importe) values ((select idpago from pago where ordenpago='0901108/2013' and idorganismo=1), (select idcertificacion from certificacion ce inner join contrato c on ce.idcontrato=c.idcontrato inner join obra o on c.idobra=o.idobra where  c.Numero='07/13' and o.idorganismo=1 and ce.periodo='201304' and ce.nrocertificado=4), 149625);
insert into pago(idproveedor, fecha, ordenpago, importebruto, retenciones, importeneto, idorganismo) values((select idproveedor from obra o inner join contrato c on o.idobra=c.idobra where  c.Numero='66/11' and o.idorganismo=1), '2012-01-25', '0904592/2011',  391910.71, 0, 391910.71, 1); insert into pagocertificacion(idpago, idcertificacion, importe) values ((select idpago from pago where ordenpago='0904592/2011' and idorganismo=1), (select idcertificacion from certificacion ce inner join contrato c on ce.idcontrato=c.idcontrato inner join obra o on c.idobra=o.idobra where  c.Numero='66/11' and o.idorganismo=1 and ce.periodo='201111' and ce.nrocertificado=0), 391910.71);
insert into pago(idproveedor, fecha, ordenpago, importebruto, retenciones, importeneto, idorganismo) values((select idproveedor from obra o inner join contrato c on o.idobra=c.idobra where  c.Numero='66/11' and o.idorganismo=1), '2012-09-11', '0902258/2012',  827887.09, 0, 827887.09, 1); insert into pagocertificacion(idpago, idcertificacion, importe) values ((select idpago from pago where ordenpago='0902258/2012' and idorganismo=1), (select idcertificacion from certificacion ce inner join contrato c on ce.idcontrato=c.idcontrato inner join obra o on c.idobra=o.idobra where  c.Numero='66/11' and o.idorganismo=1 and ce.periodo='201203' and ce.nrocertificado=1), 827887.09);
insert into pago(idproveedor, fecha, ordenpago, importebruto, retenciones, importeneto, idorganismo) values((select idproveedor from obra o inner join contrato c on o.idobra=c.idobra where  c.Numero='66/11' and o.idorganismo=1), '2012-09-20', '0902289/2012',  184567.5, 0, 184567.5, 1); insert into pagocertificacion(idpago, idcertificacion, importe) values ((select idpago from pago where ordenpago='0902289/2012' and idorganismo=1), (select idcertificacion from certificacion ce inner join contrato c on ce.idcontrato=c.idcontrato inner join obra o on c.idobra=o.idobra where  c.Numero='66/11' and o.idorganismo=1 and ce.periodo='201204' and ce.nrocertificado=2), 184567.5);
insert into pago(idproveedor, fecha, ordenpago, importebruto, retenciones, importeneto, idorganismo) values((select idproveedor from obra o inner join contrato c on o.idobra=c.idobra where  c.Numero='66/11' and o.idorganismo=1), '2012-09-20', '0902292/2012',  7778.69, 0, 7778.69, 1); insert into pagocertificacion(idpago, idcertificacion, importe) values ((select idpago from pago where ordenpago='0902292/2012' and idorganismo=1), (select idcertificacion from certificacion ce inner join contrato c on ce.idcontrato=c.idcontrato inner join obra o on c.idobra=o.idobra where  c.Numero='66/11' and o.idorganismo=1 and ce.periodo='201205' and ce.nrocertificado=3), 7778.69);
insert into pago(idproveedor, fecha, ordenpago, importebruto, retenciones, importeneto, idorganismo) values((select idproveedor from obra o inner join contrato c on o.idobra=c.idobra where  c.Numero='66/11' and o.idorganismo=1), '2013-03-07', '0900183/2013',  218766.73, 0, 218766.73, 1); insert into pagocertificacion(idpago, idcertificacion, importe) values ((select idpago from pago where ordenpago='0900183/2013' and idorganismo=1), (select idcertificacion from certificacion ce inner join contrato c on ce.idcontrato=c.idcontrato inner join obra o on c.idobra=o.idobra where  c.Numero='66/11' and o.idorganismo=1 and ce.periodo='201208' and ce.nrocertificado=4), 218766.73);
insert into pago(idproveedor, fecha, ordenpago, importebruto, retenciones, importeneto, idorganismo) values((select idproveedor from obra o inner join contrato c on o.idobra=c.idobra where  c.Numero='66/11' and o.idorganismo=1), '2013-03-08', '0900192/2013',  126149.82, 0, 126149.82, 1); insert into pagocertificacion(idpago, idcertificacion, importe) values ((select idpago from pago where ordenpago='0900192/2013' and idorganismo=1), (select idcertificacion from certificacion ce inner join contrato c on ce.idcontrato=c.idcontrato inner join obra o on c.idobra=o.idobra where  c.Numero='66/11' and o.idorganismo=1 and ce.periodo='201209' and ce.nrocertificado=5), 126149.82);
insert into pago(idproveedor, fecha, ordenpago, importebruto, retenciones, importeneto, idorganismo) values((select idproveedor from obra o inner join contrato c on o.idobra=c.idobra where  c.Numero='66/11' and o.idorganismo=1), '2013-03-08', '0900204/2013',  131943.48, 0, 131943.48, 1); insert into pagocertificacion(idpago, idcertificacion, importe) values ((select idpago from pago where ordenpago='0900204/2013' and idorganismo=1), (select idcertificacion from certificacion ce inner join contrato c on ce.idcontrato=c.idcontrato inner join obra o on c.idobra=o.idobra where  c.Numero='66/11' and o.idorganismo=1 and ce.periodo='201210' and ce.nrocertificado=6), 131943.48);
insert into pago(idproveedor, fecha, ordenpago, importebruto, retenciones, importeneto, idorganismo) values((select idproveedor from obra o inner join contrato c on o.idobra=c.idobra where  c.Numero='10/12' and o.idorganismo=1), '2013-10-31', '0902151/2012',  544079.91, 0, 544079.91, 1); insert into pagocertificacion(idpago, idcertificacion, importe) values ((select idpago from pago where ordenpago='0902151/2012' and idorganismo=1), (select idcertificacion from certificacion ce inner join contrato c on ce.idcontrato=c.idcontrato inner join obra o on c.idobra=o.idobra where  c.Numero='10/12' and o.idorganismo=1 and ce.periodo='201208' and ce.nrocertificado=0), 544079.91);
insert into pago(idproveedor, fecha, ordenpago, importebruto, retenciones, importeneto, idorganismo) values((select idproveedor from obra o inner join contrato c on o.idobra=c.idobra where  c.Numero='10/12' and o.idorganismo=1), '2013-10-31', '0902534/2012',  274809.11, 0, 274809.11, 1); insert into pagocertificacion(idpago, idcertificacion, importe) values ((select idpago from pago where ordenpago='0902534/2012' and idorganismo=1), (select idcertificacion from certificacion ce inner join contrato c on ce.idcontrato=c.idcontrato inner join obra o on c.idobra=o.idobra where  c.Numero='10/12' and o.idorganismo=1 and ce.periodo='201208' and ce.nrocertificado=1), 274809.11);
insert into pago(idproveedor, fecha, ordenpago, importebruto, retenciones, importeneto, idorganismo) values((select idproveedor from obra o inner join contrato c on o.idobra=c.idobra where  c.Numero='10/12' and o.idorganismo=1), '2013-10-31', '0902836/2012',  640523.26, 0, 640523.26, 1); insert into pagocertificacion(idpago, idcertificacion, importe) values ((select idpago from pago where ordenpago='0902836/2012' and idorganismo=1), (select idcertificacion from certificacion ce inner join contrato c on ce.idcontrato=c.idcontrato inner join obra o on c.idobra=o.idobra where  c.Numero='10/12' and o.idorganismo=1 and ce.periodo='201209' and ce.nrocertificado=2), 640523.26);
insert into pago(idproveedor, fecha, ordenpago, importebruto, retenciones, importeneto, idorganismo) values((select idproveedor from obra o inner join contrato c on o.idobra=c.idobra where  c.Numero='10/12' and o.idorganismo=1), '2013-10-31', '0903318/2012',  1124967.27, 0, 1124967.27, 1); insert into pagocertificacion(idpago, idcertificacion, importe) values ((select idpago from pago where ordenpago='0903318/2012' and idorganismo=1), (select idcertificacion from certificacion ce inner join contrato c on ce.idcontrato=c.idcontrato inner join obra o on c.idobra=o.idobra where  c.Numero='10/12' and o.idorganismo=1 and ce.periodo='201210' and ce.nrocertificado=3), 1124967.27);
insert into pago(idproveedor, fecha, ordenpago, importebruto, retenciones, importeneto, idorganismo) values((select idproveedor from obra o inner join contrato c on o.idobra=c.idobra where  c.Numero='63/11' and o.idorganismo=1), '2011-12-14', '0903903/2011',  355851.34, 0, 355851.34, 1); insert into pagocertificacion(idpago, idcertificacion, importe) values ((select idpago from pago where ordenpago='0903903/2011' and idorganismo=1), (select idcertificacion from certificacion ce inner join contrato c on ce.idcontrato=c.idcontrato inner join obra o on c.idobra=o.idobra where  c.Numero='63/11' and o.idorganismo=1 and ce.periodo='201110' and ce.nrocertificado=0), 355851.34);
insert into pago(idproveedor, fecha, ordenpago, importebruto, retenciones, importeneto, idorganismo) values((select idproveedor from obra o inner join contrato c on o.idobra=c.idobra where  c.Numero='63/11' and o.idorganismo=1), '2012-05-23', '0901251/2012',  118315.05, 0, 118315.05, 1); insert into pagocertificacion(idpago, idcertificacion, importe) values ((select idpago from pago where ordenpago='0901251/2012' and idorganismo=1), (select idcertificacion from certificacion ce inner join contrato c on ce.idcontrato=c.idcontrato inner join obra o on c.idobra=o.idobra where  c.Numero='63/11' and o.idorganismo=1 and ce.periodo='201111' and ce.nrocertificado=1), 118315.05);
insert into pago(idproveedor, fecha, ordenpago, importebruto, retenciones, importeneto, idorganismo) values((select idproveedor from obra o inner join contrato c on o.idobra=c.idobra where  c.Numero='63/11' and o.idorganismo=1), '2012-08-08', '0901953/2012',  301712.5, 0, 301712.5, 1); insert into pagocertificacion(idpago, idcertificacion, importe) values ((select idpago from pago where ordenpago='0901953/2012' and idorganismo=1), (select idcertificacion from certificacion ce inner join contrato c on ce.idcontrato=c.idcontrato inner join obra o on c.idobra=o.idobra where  c.Numero='63/11' and o.idorganismo=1 and ce.periodo='201112' and ce.nrocertificado=2), 301712.5);
insert into pago(idproveedor, fecha, ordenpago, importebruto, retenciones, importeneto, idorganismo) values((select idproveedor from obra o inner join contrato c on o.idobra=c.idobra where  c.Numero='63/11' and o.idorganismo=1), '2012-08-23', '0902118/2012',  524104.95, 0, 524104.95, 1); insert into pagocertificacion(idpago, idcertificacion, importe) values ((select idpago from pago where ordenpago='0902118/2012' and idorganismo=1), (select idcertificacion from certificacion ce inner join contrato c on ce.idcontrato=c.idcontrato inner join obra o on c.idobra=o.idobra where  c.Numero='63/11' and o.idorganismo=1 and ce.periodo='201201' and ce.nrocertificado=3), 524104.95);
insert into pago(idproveedor, fecha, ordenpago, importebruto, retenciones, importeneto, idorganismo) values((select idproveedor from obra o inner join contrato c on o.idobra=c.idobra where  c.Numero='63/11' and o.idorganismo=1), '2012-08-23', '0902119/2012',  471385.18, 0, 471385.18, 1); insert into pagocertificacion(idpago, idcertificacion, importe) values ((select idpago from pago where ordenpago='0902119/2012' and idorganismo=1), (select idcertificacion from certificacion ce inner join contrato c on ce.idcontrato=c.idcontrato inner join obra o on c.idobra=o.idobra where  c.Numero='63/11' and o.idorganismo=1 and ce.periodo='201202' and ce.nrocertificado=4), 471385.18);
insert into pago(idproveedor, fecha, ordenpago, importebruto, retenciones, importeneto, idorganismo) values((select idproveedor from obra o inner join contrato c on o.idobra=c.idobra where  c.Numero='62/11' and o.idorganismo=1), '2011-11-23', '0903683/2011',  538403.09, 0, 538403.09, 1); insert into pagocertificacion(idpago, idcertificacion, importe) values ((select idpago from pago where ordenpago='0903683/2011' and idorganismo=1), (select idcertificacion from certificacion ce inner join contrato c on ce.idcontrato=c.idcontrato inner join obra o on c.idobra=o.idobra where  c.Numero='62/11' and o.idorganismo=1 and ce.periodo='201110' and ce.nrocertificado=0), 538403.09);
insert into pago(idproveedor, fecha, ordenpago, importebruto, retenciones, importeneto, idorganismo) values((select idproveedor from obra o inner join contrato c on o.idobra=c.idobra where  c.Numero='62/11' and o.idorganismo=1), '2012-04-03', '0900625/2012',  145832.99, 0, 145832.99, 1); insert into pagocertificacion(idpago, idcertificacion, importe) values ((select idpago from pago where ordenpago='0900625/2012' and idorganismo=1), (select idcertificacion from certificacion ce inner join contrato c on ce.idcontrato=c.idcontrato inner join obra o on c.idobra=o.idobra where  c.Numero='62/11' and o.idorganismo=1 and ce.periodo='201201' and ce.nrocertificado=1), 145832.99);
insert into pago(idproveedor, fecha, ordenpago, importebruto, retenciones, importeneto, idorganismo) values((select idproveedor from obra o inner join contrato c on o.idobra=c.idobra where  c.Numero='62/11' and o.idorganismo=1), '2012-05-14', '0901086/2012',  42670.64, 0, 42670.64, 1); insert into pagocertificacion(idpago, idcertificacion, importe) values ((select idpago from pago where ordenpago='0901086/2012' and idorganismo=1), (select idcertificacion from certificacion ce inner join contrato c on ce.idcontrato=c.idcontrato inner join obra o on c.idobra=o.idobra where  c.Numero='62/11' and o.idorganismo=1 and ce.periodo='201202' and ce.nrocertificado=2), 42670.64);
insert into pago(idproveedor, fecha, ordenpago, importebruto, retenciones, importeneto, idorganismo) values((select idproveedor from obra o inner join contrato c on o.idobra=c.idobra where  c.Numero='62/11' and o.idorganismo=1), '2012-06-15', '0901187/2012',  19463.66, 0, 19463.66, 1); insert into pagocertificacion(idpago, idcertificacion, importe) values ((select idpago from pago where ordenpago='0901187/2012' and idorganismo=1), (select idcertificacion from certificacion ce inner join contrato c on ce.idcontrato=c.idcontrato inner join obra o on c.idobra=o.idobra where  c.Numero='62/11' and o.idorganismo=1 and ce.periodo='201203' and ce.nrocertificado=3), 19463.66);
insert into pago(idproveedor, fecha, ordenpago, importebruto, retenciones, importeneto, idorganismo) values((select idproveedor from obra o inner join contrato c on o.idobra=c.idobra where  c.Numero='62/11' and o.idorganismo=1), '2012-10-01', '0902245/2012',  113270.77, 0, 113270.77, 1); insert into pagocertificacion(idpago, idcertificacion, importe) values ((select idpago from pago where ordenpago='0902245/2012' and idorganismo=1), (select idcertificacion from certificacion ce inner join contrato c on ce.idcontrato=c.idcontrato inner join obra o on c.idobra=o.idobra where  c.Numero='62/11' and o.idorganismo=1 and ce.periodo='201207' and ce.nrocertificado=4), 113270.77);
insert into pago(idproveedor, fecha, ordenpago, importebruto, retenciones, importeneto, idorganismo) values((select idproveedor from obra o inner join contrato c on o.idobra=c.idobra where  c.Numero='62/11' and o.idorganismo=1), '2012-11-08', '0902695/2012',  304064.08, 0, 304064.08, 1); insert into pagocertificacion(idpago, idcertificacion, importe) values ((select idpago from pago where ordenpago='0902695/2012' and idorganismo=1), (select idcertificacion from certificacion ce inner join contrato c on ce.idcontrato=c.idcontrato inner join obra o on c.idobra=o.idobra where  c.Numero='62/11' and o.idorganismo=1 and ce.periodo='201208' and ce.nrocertificado=5), 304064.08);
insert into pago(idproveedor, fecha, ordenpago, importebruto, retenciones, importeneto, idorganismo) values((select idproveedor from obra o inner join contrato c on o.idobra=c.idobra where  c.Numero='62/11' and o.idorganismo=1), '2013-04-22', '0900448/2013',  316802.46, 0, 316802.46, 1); insert into pagocertificacion(idpago, idcertificacion, importe) values ((select idpago from pago where ordenpago='0900448/2013' and idorganismo=1), (select idcertificacion from certificacion ce inner join contrato c on ce.idcontrato=c.idcontrato inner join obra o on c.idobra=o.idobra where  c.Numero='62/11' and o.idorganismo=1 and ce.periodo='201209' and ce.nrocertificado=6), 316802.46);
insert into pago(idproveedor, fecha, ordenpago, importebruto, retenciones, importeneto, idorganismo) values((select idproveedor from obra o inner join contrato c on o.idobra=c.idobra where  c.Numero='62/11' and o.idorganismo=1), '2013-04-22', '0900452/2013',  136671.79, 0, 136671.79, 1); insert into pagocertificacion(idpago, idcertificacion, importe) values ((select idpago from pago where ordenpago='0900452/2013' and idorganismo=1), (select idcertificacion from certificacion ce inner join contrato c on ce.idcontrato=c.idcontrato inner join obra o on c.idobra=o.idobra where  c.Numero='62/11' and o.idorganismo=1 and ce.periodo='201210' and ce.nrocertificado=7), 136671.79);
insert into pago(idproveedor, fecha, ordenpago, importebruto, retenciones, importeneto, idorganismo) values((select idproveedor from obra o inner join contrato c on o.idobra=c.idobra where  c.Numero='25/11' and o.idorganismo=1), '2011-07-26', '0900937/2011',  120423, 0, 120423, 1); insert into pagocertificacion(idpago, idcertificacion, importe) values ((select idpago from pago where ordenpago='0900937/2011' and idorganismo=1), (select idcertificacion from certificacion ce inner join contrato c on ce.idcontrato=c.idcontrato inner join obra o on c.idobra=o.idobra where  c.Numero='25/11' and o.idorganismo=1 and ce.periodo='201103' and ce.nrocertificado=0), 120423);
insert into pago(idproveedor, fecha, ordenpago, importebruto, retenciones, importeneto, idorganismo) values((select idproveedor from obra o inner join contrato c on o.idobra=c.idobra where  c.Numero='25/11' and o.idorganismo=1), '2011-11-23', '0902964/2011',  192192, 0, 192192, 1); insert into pagocertificacion(idpago, idcertificacion, importe) values ((select idpago from pago where ordenpago='0902964/2011' and idorganismo=1), (select idcertificacion from certificacion ce inner join contrato c on ce.idcontrato=c.idcontrato inner join obra o on c.idobra=o.idobra where  c.Numero='25/11' and o.idorganismo=1 and ce.periodo='201107' and ce.nrocertificado=1), 192192);
insert into pago(idproveedor, fecha, ordenpago, importebruto, retenciones, importeneto, idorganismo) values((select idproveedor from obra o inner join contrato c on o.idobra=c.idobra where  c.Numero='25/11' and o.idorganismo=1), '2011-12-22', '0903563/2011',  2491.18, 0, 2491.18, 1); insert into pagocertificacion(idpago, idcertificacion, importe) values ((select idpago from pago where ordenpago='0903563/2011' and idorganismo=1), (select idcertificacion from certificacion ce inner join contrato c on ce.idcontrato=c.idcontrato inner join obra o on c.idobra=o.idobra where  c.Numero='25/11' and o.idorganismo=1 and ce.periodo='201108' and ce.nrocertificado=2), 2491.18);
insert into pago(idproveedor, fecha, ordenpago, importebruto, retenciones, importeneto, idorganismo) values((select idproveedor from obra o inner join contrato c on o.idobra=c.idobra where  c.Numero='25/11' and o.idorganismo=1), '2012-01-12', '0903783/2011',  18442.25, 0, 18442.25, 1); insert into pagocertificacion(idpago, idcertificacion, importe) values ((select idpago from pago where ordenpago='0903783/2011' and idorganismo=1), (select idcertificacion from certificacion ce inner join contrato c on ce.idcontrato=c.idcontrato inner join obra o on c.idobra=o.idobra where  c.Numero='25/11' and o.idorganismo=1 and ce.periodo='201109' and ce.nrocertificado=3), 18442.25);
insert into pago(idproveedor, fecha, ordenpago, importebruto, retenciones, importeneto, idorganismo) values((select idproveedor from obra o inner join contrato c on o.idobra=c.idobra where  c.Numero='25/11' and o.idorganismo=1), '2013-10-31', '0901682/2013',  49372.64, 0, 49372.64, 1); insert into pagocertificacion(idpago, idcertificacion, importe) values ((select idpago from pago where ordenpago='0901682/2013' and idorganismo=1), (select idcertificacion from certificacion ce inner join contrato c on ce.idcontrato=c.idcontrato inner join obra o on c.idobra=o.idobra where  c.Numero='25/11' and o.idorganismo=1 and ce.periodo='201302' and ce.nrocertificado=4), 49372.64);
insert into pago(idproveedor, fecha, ordenpago, importebruto, retenciones, importeneto, idorganismo) values((select idproveedor from obra o inner join contrato c on o.idobra=c.idobra where  c.Numero='03/12' and o.idorganismo=1), '2012-07-18', '0901176/2012',  69071.76, 0, 69071.76, 1); insert into pagocertificacion(idpago, idcertificacion, importe) values ((select idpago from pago where ordenpago='0901176/2012' and idorganismo=1), (select idcertificacion from certificacion ce inner join contrato c on ce.idcontrato=c.idcontrato inner join obra o on c.idobra=o.idobra where  c.Numero='03/12' and o.idorganismo=1 and ce.periodo='201202' and ce.nrocertificado=0), 69071.76);
insert into pago(idproveedor, fecha, ordenpago, importebruto, retenciones, importeneto, idorganismo) values((select idproveedor from obra o inner join contrato c on o.idobra=c.idobra where  c.Numero='03/12' and o.idorganismo=1), '2013-02-07', '0902243/2013',  30752.07, 0, 30752.07, 1); insert into pagocertificacion(idpago, idcertificacion, importe) values ((select idpago from pago where ordenpago='0902243/2013' and idorganismo=1), (select idcertificacion from certificacion ce inner join contrato c on ce.idcontrato=c.idcontrato inner join obra o on c.idobra=o.idobra where  c.Numero='03/12' and o.idorganismo=1 and ce.periodo='201207' and ce.nrocertificado=1), 30752.07);
insert into pago(idproveedor, fecha, ordenpago, importebruto, retenciones, importeneto, idorganismo) values((select idproveedor from obra o inner join contrato c on o.idobra=c.idobra where  c.Numero='03/12' and o.idorganismo=1), '2013-02-07', '0902698/2012',  60948.98, 0, 60948.98, 1); insert into pagocertificacion(idpago, idcertificacion, importe) values ((select idpago from pago where ordenpago='0902698/2012' and idorganismo=1), (select idcertificacion from certificacion ce inner join contrato c on ce.idcontrato=c.idcontrato inner join obra o on c.idobra=o.idobra where  c.Numero='03/12' and o.idorganismo=1 and ce.periodo='201208' and ce.nrocertificado=2), 60948.98);
insert into pago(idproveedor, fecha, ordenpago, importebruto, retenciones, importeneto, idorganismo) values((select idproveedor from obra o inner join contrato c on o.idobra=c.idobra where  c.Numero='03/12' and o.idorganismo=1), '2013-03-07', '0903030/2012',  167318.04, 0, 167318.04, 1); insert into pagocertificacion(idpago, idcertificacion, importe) values ((select idpago from pago where ordenpago='0903030/2012' and idorganismo=1), (select idcertificacion from certificacion ce inner join contrato c on ce.idcontrato=c.idcontrato inner join obra o on c.idobra=o.idobra where  c.Numero='03/12' and o.idorganismo=1 and ce.periodo='201209' and ce.nrocertificado=3), 167318.04);
insert into pago(idproveedor, fecha, ordenpago, importebruto, retenciones, importeneto, idorganismo) values((select idproveedor from obra o inner join contrato c on o.idobra=c.idobra where  c.Numero='11/12' and o.idorganismo=1), '2013-10-31', '0902393/2012',  336083.58, 0, 336083.58, 1); insert into pagocertificacion(idpago, idcertificacion, importe) values ((select idpago from pago where ordenpago='0902393/2012' and idorganismo=1), (select idcertificacion from certificacion ce inner join contrato c on ce.idcontrato=c.idcontrato inner join obra o on c.idobra=o.idobra where  c.Numero='11/12' and o.idorganismo=1 and ce.periodo='201208' and ce.nrocertificado=0), 336083.58);
insert into pago(idproveedor, fecha, ordenpago, importebruto, retenciones, importeneto, idorganismo) values((select idproveedor from obra o inner join contrato c on o.idobra=c.idobra where  c.Numero='11/12' and o.idorganismo=1), '2013-10-31', '0903028/2012',  205050.65, 0, 205050.65, 1); insert into pagocertificacion(idpago, idcertificacion, importe) values ((select idpago from pago where ordenpago='0903028/2012' and idorganismo=1), (select idcertificacion from certificacion ce inner join contrato c on ce.idcontrato=c.idcontrato inner join obra o on c.idobra=o.idobra where  c.Numero='11/12' and o.idorganismo=1 and ce.periodo='201210' and ce.nrocertificado=1), 205050.65);
insert into pago(idproveedor, fecha, ordenpago, importebruto, retenciones, importeneto, idorganismo) values((select idproveedor from obra o inner join contrato c on o.idobra=c.idobra where  c.Numero='11/12' and o.idorganismo=1), '2013-10-31', '0903310/2012',  213998.55, 0, 213998.55, 1); insert into pagocertificacion(idpago, idcertificacion, importe) values ((select idpago from pago where ordenpago='0903310/2012' and idorganismo=1), (select idcertificacion from certificacion ce inner join contrato c on ce.idcontrato=c.idcontrato inner join obra o on c.idobra=o.idobra where  c.Numero='11/12' and o.idorganismo=1 and ce.periodo='201211' and ce.nrocertificado=2), 213998.55);
insert into pago(idproveedor, fecha, ordenpago, importebruto, retenciones, importeneto, idorganismo) values((select idproveedor from obra o inner join contrato c on o.idobra=c.idobra where  c.Numero='11/12' and o.idorganismo=1), '2013-10-31', '0903503/2012',  190363.83, 0, 190363.83, 1); insert into pagocertificacion(idpago, idcertificacion, importe) values ((select idpago from pago where ordenpago='0903503/2012' and idorganismo=1), (select idcertificacion from certificacion ce inner join contrato c on ce.idcontrato=c.idcontrato inner join obra o on c.idobra=o.idobra where  c.Numero='11/12' and o.idorganismo=1 and ce.periodo='201212' and ce.nrocertificado=3), 190363.83);
insert into pago(idproveedor, fecha, ordenpago, importebruto, retenciones, importeneto, idorganismo) values((select idproveedor from obra o inner join contrato c on o.idobra=c.idobra where  c.Numero='11/12' and o.idorganismo=1), '2013-10-31', '090378/2013',  127813.13, 0, 127813.13, 1); insert into pagocertificacion(idpago, idcertificacion, importe) values ((select idpago from pago where ordenpago='090378/2013' and idorganismo=1), (select idcertificacion from certificacion ce inner join contrato c on ce.idcontrato=c.idcontrato inner join obra o on c.idobra=o.idobra where  c.Numero='11/12' and o.idorganismo=1 and ce.periodo='201301' and ce.nrocertificado=4), 127813.13);
insert into pago(idproveedor, fecha, ordenpago, importebruto, retenciones, importeneto, idorganismo) values((select idproveedor from obra o inner join contrato c on o.idobra=c.idobra where  c.Numero='06/13' and o.idorganismo=1), '2013-06-19', '0901071/2013',  135894.47, 0, 135894.47, 1); insert into pagocertificacion(idpago, idcertificacion, importe) values ((select idpago from pago where ordenpago='0901071/2013' and idorganismo=1), (select idcertificacion from certificacion ce inner join contrato c on ce.idcontrato=c.idcontrato inner join obra o on c.idobra=o.idobra where  c.Numero='06/13' and o.idorganismo=1 and ce.periodo='201202' and ce.nrocertificado=1), 135894.47);
insert into pago(idproveedor, fecha, ordenpago, importebruto, retenciones, importeneto, idorganismo) values((select idproveedor from obra o inner join contrato c on o.idobra=c.idobra where  c.Numero='06/13' and o.idorganismo=1), '2013-06-19', '0901072/2013',  191419.45, 0, 191419.45, 1); insert into pagocertificacion(idpago, idcertificacion, importe) values ((select idpago from pago where ordenpago='0901072/2013' and idorganismo=1), (select idcertificacion from certificacion ce inner join contrato c on ce.idcontrato=c.idcontrato inner join obra o on c.idobra=o.idobra where  c.Numero='06/13' and o.idorganismo=1 and ce.periodo='201203' and ce.nrocertificado=2), 191419.45);
insert into pago(idproveedor, fecha, ordenpago, importebruto, retenciones, importeneto, idorganismo) values((select idproveedor from obra o inner join contrato c on o.idobra=c.idobra where  c.Numero='06/13' and o.idorganismo=1), '2013-06-19', '0901081/2013',  185250.01, 0, 185250.01, 1); insert into pagocertificacion(idpago, idcertificacion, importe) values ((select idpago from pago where ordenpago='0901081/2013' and idorganismo=1), (select idcertificacion from certificacion ce inner join contrato c on ce.idcontrato=c.idcontrato inner join obra o on c.idobra=o.idobra where  c.Numero='06/13' and o.idorganismo=1 and ce.periodo='201304' and ce.nrocertificado=3), 185250.01);
insert into pago(idproveedor, fecha, ordenpago, importebruto, retenciones, importeneto, idorganismo) values((select idproveedor from obra o inner join contrato c on o.idobra=c.idobra where  c.Numero='06/13' and o.idorganismo=1), '2013-07-31', '0901278/2013',  45517.55, 0, 45517.55, 1); insert into pagocertificacion(idpago, idcertificacion, importe) values ((select idpago from pago where ordenpago='0901278/2013' and idorganismo=1), (select idcertificacion from certificacion ce inner join contrato c on ce.idcontrato=c.idcontrato inner join obra o on c.idobra=o.idobra where  c.Numero='06/13' and o.idorganismo=1 and ce.periodo='201305' and ce.nrocertificado=4), 45517.55);
insert into pago(idproveedor, fecha, ordenpago, importebruto, retenciones, importeneto, idorganismo) values((select idproveedor from obra o inner join contrato c on o.idobra=c.idobra where  c.Numero='10/13' and o.idorganismo=1), '2013-08-08', '0901396/2013',  148214.83, 0, 148214.83, 1); insert into pagocertificacion(idpago, idcertificacion, importe) values ((select idpago from pago where ordenpago='0901396/2013' and idorganismo=1), (select idcertificacion from certificacion ce inner join contrato c on ce.idcontrato=c.idcontrato inner join obra o on c.idobra=o.idobra where  c.Numero='10/13' and o.idorganismo=1 and ce.periodo='201305' and ce.nrocertificado=1), 148214.83);
insert into pago(idproveedor, fecha, ordenpago, importebruto, retenciones, importeneto, idorganismo) values((select idproveedor from obra o inner join contrato c on o.idobra=c.idobra where  c.Numero='10/13' and o.idorganismo=1), '2013-09-04', '0901686/2013',  185268.73, 0, 185268.73, 1); insert into pagocertificacion(idpago, idcertificacion, importe) values ((select idpago from pago where ordenpago='0901686/2013' and idorganismo=1), (select idcertificacion from certificacion ce inner join contrato c on ce.idcontrato=c.idcontrato inner join obra o on c.idobra=o.idobra where  c.Numero='10/13' and o.idorganismo=1 and ce.periodo='201306' and ce.nrocertificado=2), 185268.73);
insert into pago(idproveedor, fecha, ordenpago, importebruto, retenciones, importeneto, idorganismo) values((select idproveedor from obra o inner join contrato c on o.idobra=c.idobra where  c.Numero='10/13' and o.idorganismo=1), '2013-09-24', '0901828/2013',  201572.16, 0, 201572.16, 1); insert into pagocertificacion(idpago, idcertificacion, importe) values ((select idpago from pago where ordenpago='0901828/2013' and idorganismo=1), (select idcertificacion from certificacion ce inner join contrato c on ce.idcontrato=c.idcontrato inner join obra o on c.idobra=o.idobra where  c.Numero='10/13' and o.idorganismo=1 and ce.periodo='201307' and ce.nrocertificado=3), 201572.16);
insert into pago(idproveedor, fecha, ordenpago, importebruto, retenciones, importeneto, idorganismo) values((select idproveedor from obra o inner join contrato c on o.idobra=c.idobra where  c.Numero='05/13' and o.idorganismo=1), '2013-06-19', '0901078/2013',  250827.86, 0, 250827.86, 1); insert into pagocertificacion(idpago, idcertificacion, importe) values ((select idpago from pago where ordenpago='0901078/2013' and idorganismo=1), (select idcertificacion from certificacion ce inner join contrato c on ce.idcontrato=c.idcontrato inner join obra o on c.idobra=o.idobra where  c.Numero='05/13' and o.idorganismo=1 and ce.periodo='201304' and ce.nrocertificado=1), 250827.86);
insert into pago(idproveedor, fecha, ordenpago, importebruto, retenciones, importeneto, idorganismo) values((select idproveedor from obra o inner join contrato c on o.idobra=c.idobra where  c.Numero='05/13' and o.idorganismo=1), '2013-07-31', '0901280/2013',  273318.68, 0, 273318.68, 1); insert into pagocertificacion(idpago, idcertificacion, importe) values ((select idpago from pago where ordenpago='0901280/2013' and idorganismo=1), (select idcertificacion from certificacion ce inner join contrato c on ce.idcontrato=c.idcontrato inner join obra o on c.idobra=o.idobra where  c.Numero='05/13' and o.idorganismo=1 and ce.periodo='201305' and ce.nrocertificado=2), 273318.68);
insert into pago(idproveedor, fecha, ordenpago, importebruto, retenciones, importeneto, idorganismo) values((select idproveedor from obra o inner join contrato c on o.idobra=c.idobra where  c.Numero='05/13' and o.idorganismo=1), '2013-08-09', '0901397/2013',  155778.97, 0, 155778.97, 1); insert into pagocertificacion(idpago, idcertificacion, importe) values ((select idpago from pago where ordenpago='0901397/2013' and idorganismo=1), (select idcertificacion from certificacion ce inner join contrato c on ce.idcontrato=c.idcontrato inner join obra o on c.idobra=o.idobra where  c.Numero='05/13' and o.idorganismo=1 and ce.periodo='201306' and ce.nrocertificado=3), 155778.97);
insert into pago(idproveedor, fecha, ordenpago, importebruto, retenciones, importeneto, idorganismo) values((select idproveedor from obra o inner join contrato c on o.idobra=c.idobra where  c.Numero='05/13' and o.idorganismo=1), '2013-10-31', '0901856/2013',  135690.08, 0, 135690.08, 1); insert into pagocertificacion(idpago, idcertificacion, importe) values ((select idpago from pago where ordenpago='0901856/2013' and idorganismo=1), (select idcertificacion from certificacion ce inner join contrato c on ce.idcontrato=c.idcontrato inner join obra o on c.idobra=o.idobra where  c.Numero='05/13' and o.idorganismo=1 and ce.periodo='201307' and ce.nrocertificado=4), 135690.08);
insert into pago(idproveedor, fecha, ordenpago, importebruto, retenciones, importeneto, idorganismo) values((select idproveedor from obra o inner join contrato c on o.idobra=c.idobra where  c.Numero='09/13' and o.idorganismo=1), '2013-06-24', '0901067/2013',  69276.37, 0, 69276.37, 1); insert into pagocertificacion(idpago, idcertificacion, importe) values ((select idpago from pago where ordenpago='0901067/2013' and idorganismo=1), (select idcertificacion from certificacion ce inner join contrato c on ce.idcontrato=c.idcontrato inner join obra o on c.idobra=o.idobra where  c.Numero='09/13' and o.idorganismo=1 and ce.periodo='201302' and ce.nrocertificado=1), 69276.37);
insert into pago(idproveedor, fecha, ordenpago, importebruto, retenciones, importeneto, idorganismo) values((select idproveedor from obra o inner join contrato c on o.idobra=c.idobra where  c.Numero='09/13' and o.idorganismo=1), '2013-06-24', '0901082/2013',  306795.37, 0, 306795.37, 1); insert into pagocertificacion(idpago, idcertificacion, importe) values ((select idpago from pago where ordenpago='0901082/2013' and idorganismo=1), (select idcertificacion from certificacion ce inner join contrato c on ce.idcontrato=c.idcontrato inner join obra o on c.idobra=o.idobra where  c.Numero='09/13' and o.idorganismo=1 and ce.periodo='201303' and ce.nrocertificado=2), 306795.37);
insert into pago(idproveedor, fecha, ordenpago, importebruto, retenciones, importeneto, idorganismo) values((select idproveedor from obra o inner join contrato c on o.idobra=c.idobra where  c.Numero='09/13' and o.idorganismo=1), '2013-06-24', '0901080/2013',  197932.5, 0, 197932.5, 1); insert into pagocertificacion(idpago, idcertificacion, importe) values ((select idpago from pago where ordenpago='0901080/2013' and idorganismo=1), (select idcertificacion from certificacion ce inner join contrato c on ce.idcontrato=c.idcontrato inner join obra o on c.idobra=o.idobra where  c.Numero='09/13' and o.idorganismo=1 and ce.periodo='201304' and ce.nrocertificado=3), 197932.5);
insert into pago(idproveedor, fecha, ordenpago, importebruto, retenciones, importeneto, idorganismo) values((select idproveedor from obra o inner join contrato c on o.idobra=c.idobra where  c.Numero='09/13' and o.idorganismo=1), '2013-08-08', '0901383/2013',  72922.5, 0, 72922.5, 1); insert into pagocertificacion(idpago, idcertificacion, importe) values ((select idpago from pago where ordenpago='0901383/2013' and idorganismo=1), (select idcertificacion from certificacion ce inner join contrato c on ce.idcontrato=c.idcontrato inner join obra o on c.idobra=o.idobra where  c.Numero='09/13' and o.idorganismo=1 and ce.periodo='201305' and ce.nrocertificado=4), 72922.5);
insert into pago(idproveedor, fecha, ordenpago, importebruto, retenciones, importeneto, idorganismo) values((select idproveedor from obra o inner join contrato c on o.idobra=c.idobra where  c.Numero='12/13' and o.idorganismo=1), '2013-08-01', '0901381/2013',  149625, 0, 149625, 1); insert into pagocertificacion(idpago, idcertificacion, importe) values ((select idpago from pago where ordenpago='0901381/2013' and idorganismo=1), (select idcertificacion from certificacion ce inner join contrato c on ce.idcontrato=c.idcontrato inner join obra o on c.idobra=o.idobra where  c.Numero='12/13' and o.idorganismo=1 and ce.periodo='201304' and ce.nrocertificado=1), 149625);
insert into pago(idproveedor, fecha, ordenpago, importebruto, retenciones, importeneto, idorganismo) values((select idproveedor from obra o inner join contrato c on o.idobra=c.idobra where  c.Numero='12/13' and o.idorganismo=1), '2013-08-01', '0901395/2013',  299250, 0, 299250, 1); insert into pagocertificacion(idpago, idcertificacion, importe) values ((select idpago from pago where ordenpago='0901395/2013' and idorganismo=1), (select idcertificacion from certificacion ce inner join contrato c on ce.idcontrato=c.idcontrato inner join obra o on c.idobra=o.idobra where  c.Numero='12/13' and o.idorganismo=1 and ce.periodo='201305' and ce.nrocertificado=2), 299250);
insert into pago(idproveedor, fecha, ordenpago, importebruto, retenciones, importeneto, idorganismo) values((select idproveedor from obra o inner join contrato c on o.idobra=c.idobra where  c.Numero='12/13' and o.idorganismo=1), '2013-09-04', '0901687/2013',  149625, 0, 149625, 1); insert into pagocertificacion(idpago, idcertificacion, importe) values ((select idpago from pago where ordenpago='0901687/2013' and idorganismo=1), (select idcertificacion from certificacion ce inner join contrato c on ce.idcontrato=c.idcontrato inner join obra o on c.idobra=o.idobra where  c.Numero='12/13' and o.idorganismo=1 and ce.periodo='201306' and ce.nrocertificado=3), 149625);
insert into pago(idproveedor, fecha, ordenpago, importebruto, retenciones, importeneto, idorganismo) values((select idproveedor from obra o inner join contrato c on o.idobra=c.idobra where  c.Numero='14/13' and o.idorganismo=1), '2013-09-04', '0901688/2013',  632216.7, 0, 632216.7, 1); insert into pagocertificacion(idpago, idcertificacion, importe) values ((select idpago from pago where ordenpago='0901688/2013' and idorganismo=1), (select idcertificacion from certificacion ce inner join contrato c on ce.idcontrato=c.idcontrato inner join obra o on c.idobra=o.idobra where  c.Numero='14/13' and o.idorganismo=1 and ce.periodo='201306' and ce.nrocertificado=1), 632216.7);
insert into pago(idproveedor, fecha, ordenpago, importebruto, retenciones, importeneto, idorganismo) values((select idproveedor from obra o inner join contrato c on o.idobra=c.idobra where  c.Numero='14/13' and o.idorganismo=1), '2013-10-31', '0901827/2013',  664322.3, 0, 664322.3, 1); insert into pagocertificacion(idpago, idcertificacion, importe) values ((select idpago from pago where ordenpago='0901827/2013' and idorganismo=1), (select idcertificacion from certificacion ce inner join contrato c on ce.idcontrato=c.idcontrato inner join obra o on c.idobra=o.idobra where  c.Numero='14/13' and o.idorganismo=1 and ce.periodo='201307' and ce.nrocertificado=2), 664322.3);
insert into pago(idproveedor, fecha, ordenpago, importebruto, retenciones, importeneto, idorganismo) values((select idproveedor from obra o inner join contrato c on o.idobra=c.idobra where  c.Numero='13/13' and o.idorganismo=1), '2013-08-09', '0901473/2013',  48702.2, 0, 48702.2, 1); insert into pagocertificacion(idpago, idcertificacion, importe) values ((select idpago from pago where ordenpago='0901473/2013' and idorganismo=1), (select idcertificacion from certificacion ce inner join contrato c on ce.idcontrato=c.idcontrato inner join obra o on c.idobra=o.idobra where  c.Numero='13/13' and o.idorganismo=1 and ce.periodo='201308' and ce.nrocertificado=0), 48702.2);
insert into pago(idproveedor, fecha, ordenpago, importebruto, retenciones, importeneto, idorganismo) values((select idproveedor from obra o inner join contrato c on o.idobra=c.idobra where  c.Numero='18/13' and o.idorganismo=1), '2013-10-31', '0901696/2013',  236425.28, 0, 236425.28, 1); insert into pagocertificacion(idpago, idcertificacion, importe) values ((select idpago from pago where ordenpago='0901696/2013' and idorganismo=1), (select idcertificacion from certificacion ce inner join contrato c on ce.idcontrato=c.idcontrato inner join obra o on c.idobra=o.idobra where  c.Numero='18/13' and o.idorganismo=1 and ce.periodo='201309' and ce.nrocertificado=0), 236425.28);

/*SUBSECRETARIA DE OBRAS PUBLICAS*/
insert into obra (codigo, denominacion, idorganismo, creditopresupuestarioaprobado, expediente, memoriadescriptiva, cantidadbeneficiarios, presupuestooficial, fechapresupuestooficial, idtipoobra, latitud, longitud, idestadoobra) values ('0001', 'C.F.P 23 - REPARACION POR INCENDIO', 5, null, '5844-0361/2013', null, null, null, null, null, null, null, 6);
insert into obra (codigo, denominacion, idorganismo, creditopresupuestarioaprobado, expediente, memoriadescriptiva, cantidadbeneficiarios, presupuestooficial, fechapresupuestooficial, idtipoobra, latitud, longitud, idestadoobra) values ('0002', 'E.P.A. NRO 8 - EDIFICIO NUEVO', 5, null, '5840-0097/2012', null, null, null, null, null, null, null, 6);
insert into obra (codigo, denominacion, idorganismo, creditopresupuestarioaprobado, expediente, memoriadescriptiva, cantidadbeneficiarios, presupuestooficial, fechapresupuestooficial, idtipoobra, latitud, longitud, idestadoobra) values ('0003', 'CENTRO DE SALUD COCHICO  - SALA DE REUNION Y COCHERA - REFACCION DE BAÑOS', 5, null, '5845-0175/2013', null, null, null, null, null, null, null, 6);
insert into obra (codigo, denominacion, idorganismo, creditopresupuestarioaprobado, expediente, memoriadescriptiva, cantidadbeneficiarios, presupuestooficial, fechapresupuestooficial, idtipoobra, latitud, longitud, idestadoobra) values ('0004', 'ESCUELA PRIMARIA NRO 63 - REFACCIONES VARIAS', 5, null, '5844-0143/2012', null, null, null, null, null, null, null, 6);
insert into obra (codigo, denominacion, idorganismo, creditopresupuestarioaprobado, expediente, memoriadescriptiva, cantidadbeneficiarios, presupuestooficial, fechapresupuestooficial, idtipoobra, latitud, longitud, idestadoobra) values ('0005', 'ESCUELA ESPECIAL NRO 12 - EDIFICIO NUEVO', 5, null, '4721-0607/2011', null, null, null, null, null, null, null, 6);
insert into obra (codigo, denominacion, idorganismo, creditopresupuestarioaprobado, expediente, memoriadescriptiva, cantidadbeneficiarios, presupuestooficial, fechapresupuestooficial, idtipoobra, latitud, longitud, idestadoobra) values ('0006', 'S.A.F. I  - EDIFICIO NUEVO', 5, null, '4721-0578/2011', null, null, null, null, null, null, null, 6);
insert into obra (codigo, denominacion, idorganismo, creditopresupuestarioaprobado, expediente, memoriadescriptiva, cantidadbeneficiarios, presupuestooficial, fechapresupuestooficial, idtipoobra, latitud, longitud, idestadoobra) values ('0007', 'PUESTO SANITARIO  - CONSULTORIOS Y ACCESO', 5, null, '5843-0042/2013', null, null, null, null, null, null, null, 6);
insert into obra (codigo, denominacion, idorganismo, creditopresupuestarioaprobado, expediente, memoriadescriptiva, cantidadbeneficiarios, presupuestooficial, fechapresupuestooficial, idtipoobra, latitud, longitud, idestadoobra) values ('0008', 'S.A.F. I  - EDIFICIO NUEVO', 5, null, '4721-0580/2011', null, null, null, null, null, null, null, 6);
insert into obra (codigo, denominacion, idorganismo, creditopresupuestarioaprobado, expediente, memoriadescriptiva, cantidadbeneficiarios, presupuestooficial, fechapresupuestooficial, idtipoobra, latitud, longitud, idestadoobra) values ('0009', 'C.P.E.M. NRO 25 - S.U.M.', 5, null, '3970-0723/2006', null, null, null, null, null, null, null, 6);
insert into obra (codigo, denominacion, idorganismo, creditopresupuestarioaprobado, expediente, memoriadescriptiva, cantidadbeneficiarios, presupuestooficial, fechapresupuestooficial, idtipoobra, latitud, longitud, idestadoobra) values ('0010', 'ESCUELA ESPECIAL TAYIL  - EDIFICIO NUEVO - 5 AULAS, GABINETE, ADM, COCINA, COMEDOR, DEPOSITO, SUM', 5, null, '4721-0308/2012', null, null, null, null, null, null, null, 6);
insert into obra (codigo, denominacion, idorganismo, creditopresupuestarioaprobado, expediente, memoriadescriptiva, cantidadbeneficiarios, presupuestooficial, fechapresupuestooficial, idtipoobra, latitud, longitud, idestadoobra) values ('0011', 'ESCUELA PRIMARIA Z1 - EDIFICIO NUEVO', 5, null, '4721-0600/2011', null, null, null, null, null, null, null, 6);
insert into obra (codigo, denominacion, idorganismo, creditopresupuestarioaprobado, expediente, memoriadescriptiva, cantidadbeneficiarios, presupuestooficial, fechapresupuestooficial, idtipoobra, latitud, longitud, idestadoobra) values ('0012', 'HOGAR MALEN MAIHUE  - REPARACIONES VARIAS', 5, null, '5845-0122/2012', null, null, null, null, null, null, null, 6);
insert into obra (codigo, denominacion, idorganismo, creditopresupuestarioaprobado, expediente, memoriadescriptiva, cantidadbeneficiarios, presupuestooficial, fechapresupuestooficial, idtipoobra, latitud, longitud, idestadoobra) values ('0013', 'HOSPITAL BOUQUET ROLDAN  - BANCO DE SANGRE SEGURA', 5, null, '5844-0082/2012', null, null, null, null, null, null, null, 6);
insert into obra (codigo, denominacion, idorganismo, creditopresupuestarioaprobado, expediente, memoriadescriptiva, cantidadbeneficiarios, presupuestooficial, fechapresupuestooficial, idtipoobra, latitud, longitud, idestadoobra) values ('0014', 'E.P.E.T. NRO 10 - ETAPA I - TALLERES', 5, null, '4721-0611/2011', null, null, null, null, null, null, null, 6);
insert into obra (codigo, denominacion, idorganismo, creditopresupuestarioaprobado, expediente, memoriadescriptiva, cantidadbeneficiarios, presupuestooficial, fechapresupuestooficial, idtipoobra, latitud, longitud, idestadoobra) values ('0015', 'E.P.E.T. NRO 16 - AMPLIACION DE TALLERES', 5, null, '5840-0098/2012', null, null, null, null, null, null, null, 6);
insert into obra (codigo, denominacion, idorganismo, creditopresupuestarioaprobado, expediente, memoriadescriptiva, cantidadbeneficiarios, presupuestooficial, fechapresupuestooficial, idtipoobra, latitud, longitud, idestadoobra) values ('0016', 'ESCUELA ESPECIAL NRO 19 - EDIFICIO NUEVO - ETAPA I', 5, null, '4721-0577/2011', null, null, null, null, null, null, null, 6);
insert into obra (codigo, denominacion, idorganismo, creditopresupuestarioaprobado, expediente, memoriadescriptiva, cantidadbeneficiarios, presupuestooficial, fechapresupuestooficial, idtipoobra, latitud, longitud, idestadoobra) values ('0017', 'C.P.E.M. NRO 82 - EDIFICIO NUEVO', 5, null, '5840-0244/2012', null, null, null, null, null, null, null, 6);
insert into obra (codigo, denominacion, idorganismo, creditopresupuestarioaprobado, expediente, memoriadescriptiva, cantidadbeneficiarios, presupuestooficial, fechapresupuestooficial, idtipoobra, latitud, longitud, idestadoobra) values ('0018', 'ESCUELA PRIMARIA NRO 3 - SUM', 5, null, '4721-0383/2009', null, null, null, null, null, null, null, 6);
insert into obra (codigo, denominacion, idorganismo, creditopresupuestarioaprobado, expediente, memoriadescriptiva, cantidadbeneficiarios, presupuestooficial, fechapresupuestooficial, idtipoobra, latitud, longitud, idestadoobra) values ('0019', 'HOGAR AYELEN  - EDIFICIO NUEVO', 5, null, '4721-0663/2011', null, null, null, null, null, null, null, 6);
insert into obra (codigo, denominacion, idorganismo, creditopresupuestarioaprobado, expediente, memoriadescriptiva, cantidadbeneficiarios, presupuestooficial, fechapresupuestooficial, idtipoobra, latitud, longitud, idestadoobra) values ('0020', 'C.P.E.M. NRO 79 - CERCO PERIMETRAL', 5, null, '5844-0276/2013', null, null, null, null, null, null, null, 6);
insert into obra (codigo, denominacion, idorganismo, creditopresupuestarioaprobado, expediente, memoriadescriptiva, cantidadbeneficiarios, presupuestooficial, fechapresupuestooficial, idtipoobra, latitud, longitud, idestadoobra) values ('0021', 'CASA HOGAR ADMISION  - FILTRACIONES EN TECHO - ILUMINACION - REMODELACION DE INSTALACION CLOACAL INTERNA', 5, null, '5845-0119/2012', null, null, null, null, null, null, null, 6);
insert into obra (codigo, denominacion, idorganismo, creditopresupuestarioaprobado, expediente, memoriadescriptiva, cantidadbeneficiarios, presupuestooficial, fechapresupuestooficial, idtipoobra, latitud, longitud, idestadoobra) values ('0022', 'E.P.E.A. 3 - EDIFICIO NUEVO', 5, null, '5844-0284/2013', null, null, null, null, null, null, null, 6);
insert into obra (codigo, denominacion, idorganismo, creditopresupuestarioaprobado, expediente, memoriadescriptiva, cantidadbeneficiarios, presupuestooficial, fechapresupuestooficial, idtipoobra, latitud, longitud, idestadoobra) values ('0023', 'E.P.A. NRO 4 - CERCO PERIMETRAL', 5, null, '5844-0369/2013', null, null, null, null, null, null, null, 6);

insert into obraestado(idobra, idestadoobra, fecha) values ((select IdObra from obra where codigo='0001' and idorganismo=5), 6, current_date);
insert into obraestado(idobra, idestadoobra, fecha) values ((select IdObra from obra where codigo='0002' and idorganismo=5), 6, current_date);
insert into obraestado(idobra, idestadoobra, fecha) values ((select IdObra from obra where codigo='0003' and idorganismo=5), 6, current_date);
insert into obraestado(idobra, idestadoobra, fecha) values ((select IdObra from obra where codigo='0004' and idorganismo=5), 6, current_date);
insert into obraestado(idobra, idestadoobra, fecha) values ((select IdObra from obra where codigo='0005' and idorganismo=5), 6, current_date);
insert into obraestado(idobra, idestadoobra, fecha) values ((select IdObra from obra where codigo='0006' and idorganismo=5), 6, current_date);
insert into obraestado(idobra, idestadoobra, fecha) values ((select IdObra from obra where codigo='0007' and idorganismo=5), 6, current_date);
insert into obraestado(idobra, idestadoobra, fecha) values ((select IdObra from obra where codigo='0008' and idorganismo=5), 6, current_date);
insert into obraestado(idobra, idestadoobra, fecha) values ((select IdObra from obra where codigo='0009' and idorganismo=5), 6, current_date);
insert into obraestado(idobra, idestadoobra, fecha) values ((select IdObra from obra where codigo='0010' and idorganismo=5), 6, current_date);
insert into obraestado(idobra, idestadoobra, fecha) values ((select IdObra from obra where codigo='0011' and idorganismo=5), 6, current_date);
insert into obraestado(idobra, idestadoobra, fecha) values ((select IdObra from obra where codigo='0012' and idorganismo=5), 6, current_date);
insert into obraestado(idobra, idestadoobra, fecha) values ((select IdObra from obra where codigo='0013' and idorganismo=5), 6, current_date);
insert into obraestado(idobra, idestadoobra, fecha) values ((select IdObra from obra where codigo='0014' and idorganismo=5), 6, current_date);
insert into obraestado(idobra, idestadoobra, fecha) values ((select IdObra from obra where codigo='0015' and idorganismo=5), 6, current_date);
insert into obraestado(idobra, idestadoobra, fecha) values ((select IdObra from obra where codigo='0016' and idorganismo=5), 6, current_date);
insert into obraestado(idobra, idestadoobra, fecha) values ((select IdObra from obra where codigo='0017' and idorganismo=5), 6, current_date);
insert into obraestado(idobra, idestadoobra, fecha) values ((select IdObra from obra where codigo='0018' and idorganismo=5), 6, current_date);
insert into obraestado(idobra, idestadoobra, fecha) values ((select IdObra from obra where codigo='0019' and idorganismo=5), 6, current_date);
insert into obraestado(idobra, idestadoobra, fecha) values ((select IdObra from obra where codigo='0020' and idorganismo=5), 6, current_date);
insert into obraestado(idobra, idestadoobra, fecha) values ((select IdObra from obra where codigo='0021' and idorganismo=5), 6, current_date);
insert into obraestado(idobra, idestadoobra, fecha) values ((select IdObra from obra where codigo='0022' and idorganismo=5), 6, current_date);
insert into obraestado(idobra, idestadoobra, fecha) values ((select IdObra from obra where codigo='0023' and idorganismo=5), 6, current_date);

insert into obralocalidad(idobra, idlocalidad) values ((select IdObra from obra where codigo='0001' and idorganismo=5), 64);
insert into obralocalidad(idobra, idlocalidad) values ((select IdObra from obra where codigo='0002' and idorganismo=5), 64);
insert into obralocalidad(idobra, idlocalidad) values ((select IdObra from obra where codigo='0003' and idorganismo=5), 94);
insert into obralocalidad(idobra, idlocalidad) values ((select IdObra from obra where codigo='0004' and idorganismo=5), 116);
insert into obralocalidad(idobra, idlocalidad) values ((select IdObra from obra where codigo='0005' and idorganismo=5), 244);
insert into obralocalidad(idobra, idlocalidad) values ((select IdObra from obra where codigo='0006' and idorganismo=5), 255);
insert into obralocalidad(idobra, idlocalidad) values ((select IdObra from obra where codigo='0007' and idorganismo=5), 276);
insert into obralocalidad(idobra, idlocalidad) values ((select IdObra from obra where codigo='0008' and idorganismo=5), 278);
insert into obralocalidad(idobra, idlocalidad) values ((select IdObra from obra where codigo='0009' and idorganismo=5), 292);
insert into obralocalidad(idobra, idlocalidad) values ((select IdObra from obra where codigo='0010' and idorganismo=5), 292);
insert into obralocalidad(idobra, idlocalidad) values ((select IdObra from obra where codigo='0011' and idorganismo=5), 292);
insert into obralocalidad(idobra, idlocalidad) values ((select IdObra from obra where codigo='0012' and idorganismo=5), 292);
insert into obralocalidad(idobra, idlocalidad) values ((select IdObra from obra where codigo='0013' and idorganismo=5), 292);
insert into obralocalidad(idobra, idlocalidad) values ((select IdObra from obra where codigo='0014' and idorganismo=5), 331);
insert into obralocalidad(idobra, idlocalidad) values ((select IdObra from obra where codigo='0015' and idorganismo=5), 368);
insert into obralocalidad(idobra, idlocalidad) values ((select IdObra from obra where codigo='0016' and idorganismo=5), 382);
insert into obralocalidad(idobra, idlocalidad) values ((select IdObra from obra where codigo='0017' and idorganismo=5), 404);
insert into obralocalidad(idobra, idlocalidad) values ((select IdObra from obra where codigo='0018' and idorganismo=5), 422);
insert into obralocalidad(idobra, idlocalidad) values ((select IdObra from obra where codigo='0019' and idorganismo=5), 422);
insert into obralocalidad(idobra, idlocalidad) values ((select IdObra from obra where codigo='0020' and idorganismo=5), 242);
insert into obralocalidad(idobra, idlocalidad) values ((select IdObra from obra where codigo='0021' and idorganismo=5), 292);
insert into obralocalidad(idobra, idlocalidad) values ((select IdObra from obra where codigo='0022' and idorganismo=5), 382);
insert into obralocalidad(idobra, idlocalidad) values ((select IdObra from obra where codigo='0023' and idorganismo=5), 93);

insert into fuentefinanciamiento (codigofufi, descripcion) select * from (select '4373', 'FUFI SIN DESCRIPCION') as tmp where not exists(select * from fuentefinanciamiento where codigofufi='4373') limit 1;
insert into fuentefinanciamiento (codigofufi, descripcion) select * from (select '3484', 'FUFI SIN DESCRIPCION') as tmp where not exists(select * from fuentefinanciamiento where codigofufi='3484') limit 1;
insert into fuentefinanciamiento (codigofufi, descripcion) select * from (select '5456', 'FUFI SIN DESCRIPCION') as tmp where not exists(select * from fuentefinanciamiento where codigofufi='5456') limit 1;
insert into fuentefinanciamiento (codigofufi, descripcion) select * from (select '5456', 'FUFI SIN DESCRIPCION') as tmp where not exists(select * from fuentefinanciamiento where codigofufi='5456') limit 1;
insert into fuentefinanciamiento (codigofufi, descripcion) select * from (select '6120', 'FUFI SIN DESCRIPCION') as tmp where not exists(select * from fuentefinanciamiento where codigofufi='6120') limit 1;
insert into fuentefinanciamiento (codigofufi, descripcion) select * from (select '4373', 'FUFI SIN DESCRIPCION') as tmp where not exists(select * from fuentefinanciamiento where codigofufi='4373') limit 1;
insert into fuentefinanciamiento (codigofufi, descripcion) select * from (select '6120', 'FUFI SIN DESCRIPCION') as tmp where not exists(select * from fuentefinanciamiento where codigofufi='6120') limit 1;
insert into fuentefinanciamiento (codigofufi, descripcion) select * from (select '5456', 'FUFI SIN DESCRIPCION') as tmp where not exists(select * from fuentefinanciamiento where codigofufi='5456') limit 1;
insert into fuentefinanciamiento (codigofufi, descripcion) select * from (select '5456', 'FUFI SIN DESCRIPCION') as tmp where not exists(select * from fuentefinanciamiento where codigofufi='5456') limit 1;
insert into fuentefinanciamiento (codigofufi, descripcion) select * from (select '5456', 'FUFI SIN DESCRIPCION') as tmp where not exists(select * from fuentefinanciamiento where codigofufi='5456') limit 1;
insert into fuentefinanciamiento (codigofufi, descripcion) select * from (select '4373', 'FUFI SIN DESCRIPCION') as tmp where not exists(select * from fuentefinanciamiento where codigofufi='4373') limit 1;
insert into fuentefinanciamiento (codigofufi, descripcion) select * from (select '4373', 'FUFI SIN DESCRIPCION') as tmp where not exists(select * from fuentefinanciamiento where codigofufi='4373') limit 1;
insert into fuentefinanciamiento (codigofufi, descripcion) select * from (select '5456', 'FUFI SIN DESCRIPCION') as tmp where not exists(select * from fuentefinanciamiento where codigofufi='5456') limit 1;
insert into fuentefinanciamiento (codigofufi, descripcion) select * from (select '3484', 'FUFI SIN DESCRIPCION') as tmp where not exists(select * from fuentefinanciamiento where codigofufi='3484') limit 1;
insert into fuentefinanciamiento (codigofufi, descripcion) select * from (select '6120', 'FUFI SIN DESCRIPCION') as tmp where not exists(select * from fuentefinanciamiento where codigofufi='6120') limit 1;
insert into fuentefinanciamiento (codigofufi, descripcion) select * from (select '4373', 'FUFI SIN DESCRIPCION') as tmp where not exists(select * from fuentefinanciamiento where codigofufi='4373') limit 1;
insert into fuentefinanciamiento (codigofufi, descripcion) select * from (select '5456', 'FUFI SIN DESCRIPCION') as tmp where not exists(select * from fuentefinanciamiento where codigofufi='5456') limit 1;
insert into fuentefinanciamiento (codigofufi, descripcion) select * from (select '4373', 'FUFI SIN DESCRIPCION') as tmp where not exists(select * from fuentefinanciamiento where codigofufi='4373') limit 1;
insert into fuentefinanciamiento (codigofufi, descripcion) select * from (select '4373', 'FUFI SIN DESCRIPCION') as tmp where not exists(select * from fuentefinanciamiento where codigofufi='4373') limit 1;
insert into fuentefinanciamiento (codigofufi, descripcion) select * from (select '4373', 'FUFI SIN DESCRIPCION') as tmp where not exists(select * from fuentefinanciamiento where codigofufi='4373') limit 1;
insert into fuentefinanciamiento (codigofufi, descripcion) select * from (select '5456', 'FUFI SIN DESCRIPCION') as tmp where not exists(select * from fuentefinanciamiento where codigofufi='5456') limit 1;
insert into fuentefinanciamiento (codigofufi, descripcion) select * from (select '4373', 'FUFI SIN DESCRIPCION') as tmp where not exists(select * from fuentefinanciamiento where codigofufi='4373') limit 1;

insert into obrafuentefinanciamiento(idobra, idfuentefinanciamiento) values ( (select IdObra from obra where codigo='0001' and idorganismo=5), (select IdFuenteFinanciamiento from fuentefinanciamiento where CodigoFufi='4373'));
insert into obrafuentefinanciamiento(idobra, idfuentefinanciamiento) values ( (select IdObra from obra where codigo='0002' and idorganismo=5), (select IdFuenteFinanciamiento from fuentefinanciamiento where CodigoFufi='3484'));
insert into obrafuentefinanciamiento(idobra, idfuentefinanciamiento) values ( (select IdObra from obra where codigo='0003' and idorganismo=5), (select IdFuenteFinanciamiento from fuentefinanciamiento where CodigoFufi='5456'));
insert into obrafuentefinanciamiento(idobra, idfuentefinanciamiento) values ( (select IdObra from obra where codigo='0004' and idorganismo=5), (select IdFuenteFinanciamiento from fuentefinanciamiento where CodigoFufi='5456'));
insert into obrafuentefinanciamiento(idobra, idfuentefinanciamiento) values ( (select IdObra from obra where codigo='0005' and idorganismo=5), (select IdFuenteFinanciamiento from fuentefinanciamiento where CodigoFufi='6120'));
insert into obrafuentefinanciamiento(idobra, idfuentefinanciamiento) values ( (select IdObra from obra where codigo='0007' and idorganismo=5), (select IdFuenteFinanciamiento from fuentefinanciamiento where CodigoFufi='4373'));
insert into obrafuentefinanciamiento(idobra, idfuentefinanciamiento) values ( (select IdObra from obra where codigo='0008' and idorganismo=5), (select IdFuenteFinanciamiento from fuentefinanciamiento where CodigoFufi='6120'));
insert into obrafuentefinanciamiento(idobra, idfuentefinanciamiento) values ( (select IdObra from obra where codigo='0009' and idorganismo=5), (select IdFuenteFinanciamiento from fuentefinanciamiento where CodigoFufi='5456'));
insert into obrafuentefinanciamiento(idobra, idfuentefinanciamiento) values ( (select IdObra from obra where codigo='0010' and idorganismo=5), (select IdFuenteFinanciamiento from fuentefinanciamiento where CodigoFufi='5456'));
insert into obrafuentefinanciamiento(idobra, idfuentefinanciamiento) values ( (select IdObra from obra where codigo='0011' and idorganismo=5), (select IdFuenteFinanciamiento from fuentefinanciamiento where CodigoFufi='5456'));
insert into obrafuentefinanciamiento(idobra, idfuentefinanciamiento) values ( (select IdObra from obra where codigo='0012' and idorganismo=5), (select IdFuenteFinanciamiento from fuentefinanciamiento where CodigoFufi='4373'));
insert into obrafuentefinanciamiento(idobra, idfuentefinanciamiento) values ( (select IdObra from obra where codigo='0013' and idorganismo=5), (select IdFuenteFinanciamiento from fuentefinanciamiento where CodigoFufi='4373'));
insert into obrafuentefinanciamiento(idobra, idfuentefinanciamiento) values ( (select IdObra from obra where codigo='0014' and idorganismo=5), (select IdFuenteFinanciamiento from fuentefinanciamiento where CodigoFufi='5456'));
insert into obrafuentefinanciamiento(idobra, idfuentefinanciamiento) values ( (select IdObra from obra where codigo='0015' and idorganismo=5), (select IdFuenteFinanciamiento from fuentefinanciamiento where CodigoFufi='3484'));
insert into obrafuentefinanciamiento(idobra, idfuentefinanciamiento) values ( (select IdObra from obra where codigo='0016' and idorganismo=5), (select IdFuenteFinanciamiento from fuentefinanciamiento where CodigoFufi='6120'));
insert into obrafuentefinanciamiento(idobra, idfuentefinanciamiento) values ( (select IdObra from obra where codigo='0017' and idorganismo=5), (select IdFuenteFinanciamiento from fuentefinanciamiento where CodigoFufi='4373'));
insert into obrafuentefinanciamiento(idobra, idfuentefinanciamiento) values ( (select IdObra from obra where codigo='0018' and idorganismo=5), (select IdFuenteFinanciamiento from fuentefinanciamiento where CodigoFufi='5456'));
insert into obrafuentefinanciamiento(idobra, idfuentefinanciamiento) values ( (select IdObra from obra where codigo='0019' and idorganismo=5), (select IdFuenteFinanciamiento from fuentefinanciamiento where CodigoFufi='4373'));
insert into obrafuentefinanciamiento(idobra, idfuentefinanciamiento) values ( (select IdObra from obra where codigo='0020' and idorganismo=5), (select IdFuenteFinanciamiento from fuentefinanciamiento where CodigoFufi='4373'));
insert into obrafuentefinanciamiento(idobra, idfuentefinanciamiento) values ( (select IdObra from obra where codigo='0021' and idorganismo=5), (select IdFuenteFinanciamiento from fuentefinanciamiento where CodigoFufi='4373'));
insert into obrafuentefinanciamiento(idobra, idfuentefinanciamiento) values ( (select IdObra from obra where codigo='0022' and idorganismo=5), (select IdFuenteFinanciamiento from fuentefinanciamiento where CodigoFufi='5456'));
insert into obrafuentefinanciamiento(idobra, idfuentefinanciamiento) values ( (select IdObra from obra where codigo='0023' and idorganismo=5), (select IdFuenteFinanciamiento from fuentefinanciamiento where CodigoFufi='4373'));

insert into proveedor (cuit, razonsocial) select * from (select '00-00000018-0', 'ALL SERV - URDINEZ MARIA') as tmp where not exists (select * from proveedor where cuit='00-00000018-0') limit 1;
insert into proveedor (cuit, razonsocial) select * from (select '30-59284093-2', 'ARTE CONSTRUCCIONES') as tmp where not exists (select * from proveedor where cuit='30-59284093-2') limit 1;
insert into proveedor (cuit, razonsocial) select * from (select '00-00000019-0', 'MUNICIPALIDAD DE BARRANCAS') as tmp where not exists (select * from proveedor where cuit='00-00000019-0') limit 1;
insert into proveedor (cuit, razonsocial) select * from (select '00-00000020-0', 'MUNICIPALIDAD DE CUTRAL CO') as tmp where not exists (select * from proveedor where cuit='00-00000020-0') limit 1;
insert into proveedor (cuit, razonsocial) select * from (select '30-70785800-8', 'OKUME S.A.') as tmp where not exists (select * from proveedor where cuit='30-70785800-8') limit 1;
insert into proveedor (cuit, razonsocial) select * from (select '20-11431184-8', 'ZALETTO LINO') as tmp where not exists (select * from proveedor where cuit='20-11431184-8') limit 1;
insert into proveedor (cuit, razonsocial) select * from (select '00-00000021-0', 'MUNICIPALIDAD DE MANZANO AMARGO') as tmp where not exists (select * from proveedor where cuit='00-00000021-0') limit 1;
insert into proveedor (cuit, razonsocial) select * from (select '30-70848293-1', 'FINES S.R.L.') as tmp where not exists (select * from proveedor where cuit='30-70848293-1') limit 1;
insert into proveedor (cuit, razonsocial) select * from (select '30-59256829-9', 'TAPPATA S.A.') as tmp where not exists (select * from proveedor where cuit='30-59256829-9') limit 1;
insert into proveedor (cuit, razonsocial) select * from (select '30-59284093-2', 'ARTE CONSTRUCCIONES') as tmp where not exists (select * from proveedor where cuit='30-59284093-2') limit 1;
insert into proveedor (cuit, razonsocial) select * from (select '30-65153974-5', 'BLACKHALL CONSTRUCCIONES S.R.L.') as tmp where not exists (select * from proveedor where cuit='30-65153974-5') limit 1;
insert into proveedor (cuit, razonsocial) select * from (select '30-71041524-9', 'VAIL S.R.L.') as tmp where not exists (select * from proveedor where cuit='30-71041524-9') limit 1;
insert into proveedor (cuit, razonsocial) select * from (select '30-65153974-5', 'BLACKHALL CONSTRUCCIONES S.R.L.') as tmp where not exists (select * from proveedor where cuit='30-65153974-5') limit 1;
insert into proveedor (cuit, razonsocial) select * from (select '20-20717217-1', 'BLANDA MARCELO ADRIAN') as tmp where not exists (select * from proveedor where cuit='20-20717217-1') limit 1;
insert into proveedor (cuit, razonsocial) select * from (select '30-59256829-9', 'CONSTRUCTORA TAPPATA S.A.') as tmp where not exists (select * from proveedor where cuit='30-59256829-9') limit 1;
insert into proveedor (cuit, razonsocial) select * from (select '20-11142232-0', 'ZALAZAR VICTOR RAUL') as tmp where not exists (select * from proveedor where cuit='20-11142232-0') limit 1;
insert into proveedor (cuit, razonsocial) select * from (select '00-00000022-0', 'MOCCIOLA S.A.') as tmp where not exists (select * from proveedor where cuit='00-00000022-0') limit 1;
insert into proveedor (cuit, razonsocial) select * from (select '27-11810785-9', 'VOLK YOLANDA MARY') as tmp where not exists (select * from proveedor where cuit='27-11810785-9') limit 1;
insert into proveedor (cuit, razonsocial) select * from (select '27-11810785-9', 'VOLK YOLANDA MARY') as tmp where not exists (select * from proveedor where cuit='27-11810785-9') limit 1;
insert into proveedor (cuit, razonsocial) select * from (select '33-71188160-9', 'JC BRABEUO') as tmp where not exists (select * from proveedor where cuit='33-71188160-9') limit 1;
insert into proveedor (cuit, razonsocial) select * from (select '00-00000023-0', 'TARIFEÑO') as tmp where not exists (select * from proveedor where cuit='00-00000023-0') limit 1;
insert into proveedor (cuit, razonsocial) select * from (select '33-70872840-9', 'BASAP S.A.') as tmp where not exists (select * from proveedor where cuit='33-70872840-9') limit 1;
insert into proveedor (cuit, razonsocial) select * from (select '30-70871100-0', 'LIMKAT') as tmp where not exists (select * from proveedor where cuit='30-70871100-0') limit 1;

insert into contrato(idobra, idproveedor, numero, fecha, monto, fechabasemonto, normalegalautorizacion, normalegaladjudicacion, plazoejecucion, fechainicio, fechafinalizacion) values ( (select IdObra from obra where codigo='0001' and idorganismo=5), (select idproveedor from proveedor where cuit='00-00000018-0'), '1', '2013-01-01', 68558, '2013-01-01', '', '', 60, '2013-08-06', '2013-10-05');
insert into contrato(idobra, idproveedor, numero, fecha, monto, fechabasemonto, normalegalautorizacion, normalegaladjudicacion, plazoejecucion, fechainicio, fechafinalizacion) values ( (select IdObra from obra where codigo='0002' and idorganismo=5), (select idproveedor from proveedor where cuit='30-59284093-2'), '2', '2013-01-01', 2819849.5, '2013-01-01', '', '', 210, '2013-05-27', '2013-12-23');
insert into contrato(idobra, idproveedor, numero, fecha, monto, fechabasemonto, normalegalautorizacion, normalegaladjudicacion, plazoejecucion, fechainicio, fechafinalizacion) values ( (select IdObra from obra where codigo='0003' and idorganismo=5), (select idproveedor from proveedor where cuit='00-00000019-0'), '3', '2013-01-01', 514295, '2013-01-01', '', '', 90, '2013-08-08', '2013-06-11');
insert into contrato(idobra, idproveedor, numero, fecha, monto, fechabasemonto, normalegalautorizacion, normalegaladjudicacion, plazoejecucion, fechainicio, fechafinalizacion) values ( (select IdObra from obra where codigo='0004' and idorganismo=5), (select idproveedor from proveedor where cuit='00-00000020-0'), '4', '2013-01-01', 538805, '2013-01-01', '', '', 150, '2013-05-22', '2013-10-19');
insert into contrato(idobra, idproveedor, numero, fecha, monto, fechabasemonto, normalegalautorizacion, normalegaladjudicacion, plazoejecucion, fechainicio, fechafinalizacion) values ( (select IdObra from obra where codigo='0005' and idorganismo=5), (select idproveedor from proveedor where cuit='30-70785800-8'), '5', '2013-01-01', 3805584, '2013-01-01', '', '', 300, '2013-03-14', '2014-01-08');
insert into contrato(idobra, idproveedor, numero, fecha, monto, fechabasemonto, normalegalautorizacion, normalegaladjudicacion, plazoejecucion, fechainicio, fechafinalizacion) values ( (select IdObra from obra where codigo='0006' and idorganismo=5), (select idproveedor from proveedor where cuit='20-11431184-8'), '6', '2013-01-01', 3244635.19, '2013-01-01', '', '', 210, '2012-09-20', '2013-06-02');
insert into contrato(idobra, idproveedor, numero, fecha, monto, fechabasemonto, normalegalautorizacion, normalegaladjudicacion, plazoejecucion, fechainicio, fechafinalizacion) values ( (select IdObra from obra where codigo='0007' and idorganismo=5), (select idproveedor from proveedor where cuit='00-00000021-0'), '7', '2013-01-01', 1771141, '2013-01-01', '', '', 210, '2013-06-10', '2014-01-06');
insert into contrato(idobra, idproveedor, numero, fecha, monto, fechabasemonto, normalegalautorizacion, normalegaladjudicacion, plazoejecucion, fechainicio, fechafinalizacion) values ( (select IdObra from obra where codigo='0008' and idorganismo=5), (select idproveedor from proveedor where cuit='30-70848293-1'), '8', '2013-01-01', 4549900, '2013-01-01', '', '', 270, '2013-04-15', '2014-01-10');
insert into contrato(idobra, idproveedor, numero, fecha, monto, fechabasemonto, normalegalautorizacion, normalegaladjudicacion, plazoejecucion, fechainicio, fechafinalizacion) values ( (select IdObra from obra where codigo='0009' and idorganismo=5), (select idproveedor from proveedor where cuit='30-59256829-9'), '9', '2013-01-01', 5873479, '2013-01-01', '', '', 330, '2013-06-10', '2014-05-06');
insert into contrato(idobra, idproveedor, numero, fecha, monto, fechabasemonto, normalegalautorizacion, normalegaladjudicacion, plazoejecucion, fechainicio, fechafinalizacion) values ( (select IdObra from obra where codigo='0010' and idorganismo=5), (select idproveedor from proveedor where cuit='30-59284093-2'), '10', '2013-01-01', 9161337, '2013-01-01', '', '', 420, '-', '-');
insert into contrato(idobra, idproveedor, numero, fecha, monto, fechabasemonto, normalegalautorizacion, normalegaladjudicacion, plazoejecucion, fechainicio, fechafinalizacion) values ( (select IdObra from obra where codigo='0011' and idorganismo=5), (select idproveedor from proveedor where cuit='30-65153974-5'), '11', '2013-01-01', 11590000, '2013-01-01', '', '', 360, '2013-07-12', '2014-07-07');
insert into contrato(idobra, idproveedor, numero, fecha, monto, fechabasemonto, normalegalautorizacion, normalegaladjudicacion, plazoejecucion, fechainicio, fechafinalizacion) values ( (select IdObra from obra where codigo='0012' and idorganismo=5), (select idproveedor from proveedor where cuit='30-71041524-9'), '12', '2013-01-01', 102890, '2013-01-01', '', '', 60, '2013-09-02', '2013-11-01');
insert into contrato(idobra, idproveedor, numero, fecha, monto, fechabasemonto, normalegalautorizacion, normalegaladjudicacion, plazoejecucion, fechainicio, fechafinalizacion) values ( (select IdObra from obra where codigo='0013' and idorganismo=5), (select idproveedor from proveedor where cuit='30-65153974-5'), '13', '2013-01-01', 2315804, '2013-01-01', '', '', 300, '2013-03-12', '2014-01-06');
insert into contrato(idobra, idproveedor, numero, fecha, monto, fechabasemonto, normalegalautorizacion, normalegaladjudicacion, plazoejecucion, fechainicio, fechafinalizacion) values ( (select IdObra from obra where codigo='0014' and idorganismo=5), (select idproveedor from proveedor where cuit='20-20717217-1'), '14', '2013-01-01', 4050000, '2013-01-01', '', '', 270, '2013-01-02', '2013-09-29');
insert into contrato(idobra, idproveedor, numero, fecha, monto, fechabasemonto, normalegalautorizacion, normalegaladjudicacion, plazoejecucion, fechainicio, fechafinalizacion) values ( (select IdObra from obra where codigo='0015' and idorganismo=5), (select idproveedor from proveedor where cuit='30-59256829-9'), '15', '2013-01-01', 9955204.49, '2013-01-01', '', '', 360, '2013-06-14', '2014-06-09');
insert into contrato(idobra, idproveedor, numero, fecha, monto, fechabasemonto, normalegalautorizacion, normalegaladjudicacion, plazoejecucion, fechainicio, fechafinalizacion) values ( (select IdObra from obra where codigo='0016' and idorganismo=5), (select idproveedor from proveedor where cuit='20-11142232-0'), '16', '2013-01-01', 3370640.97, '2013-01-01', '', '', 315, '2012-10-05', '2013-10-01');
insert into contrato(idobra, idproveedor, numero, fecha, monto, fechabasemonto, normalegalautorizacion, normalegaladjudicacion, plazoejecucion, fechainicio, fechafinalizacion) values ( (select IdObra from obra where codigo='0017' and idorganismo=5), (select idproveedor from proveedor where cuit='00-00000022-0'), '17', '2013-01-01', 7197781.55, '2013-01-01', '', '', 240, '2013-05-17', '2014-01-12');
insert into contrato(idobra, idproveedor, numero, fecha, monto, fechabasemonto, normalegalautorizacion, normalegaladjudicacion, plazoejecucion, fechainicio, fechafinalizacion) values ( (select IdObra from obra where codigo='0018' and idorganismo=5), (select idproveedor from proveedor where cuit='27-11810785-9'), '18', '2013-01-01', 4331488, '2013-01-01', '', '', 240, '2013-03-14', '2013-11-09');
insert into contrato(idobra, idproveedor, numero, fecha, monto, fechabasemonto, normalegalautorizacion, normalegaladjudicacion, plazoejecucion, fechainicio, fechafinalizacion) values ( (select IdObra from obra where codigo='0019' and idorganismo=5), (select idproveedor from proveedor where cuit='27-11810785-9'), '19', '2013-01-01', 6096260, '2013-01-01', '', '', 300, '2013-04-25', '2014-02-19');
insert into contrato(idobra, idproveedor, numero, fecha, monto, fechabasemonto, normalegalautorizacion, normalegaladjudicacion, plazoejecucion, fechainicio, fechafinalizacion) values ( (select IdObra from obra where codigo='0020' and idorganismo=5), (select idproveedor from proveedor where cuit='33-71188160-9'), '20', '2013-01-01', 326900, '2013-01-01', '', '', 60, '2013-09-11', '2013-11-10');
insert into contrato(idobra, idproveedor, numero, fecha, monto, fechabasemonto, normalegalautorizacion, normalegaladjudicacion, plazoejecucion, fechainicio, fechafinalizacion) values ( (select IdObra from obra where codigo='0021' and idorganismo=5), (select idproveedor from proveedor where cuit='00-00000023-0'), '21', '2013-01-01', 223900, '2013-01-01', '', '', 60, '2013-09-05', '2013-11-04');
insert into contrato(idobra, idproveedor, numero, fecha, monto, fechabasemonto, normalegalautorizacion, normalegaladjudicacion, plazoejecucion, fechainicio, fechafinalizacion) values ( (select IdObra from obra where codigo='0022' and idorganismo=5), (select idproveedor from proveedor where cuit='33-70872840-9'), '22', '2013-01-01', 6913766.55, '2013-01-01', '', '', 240, '2013-01-01', DATE_ADD('2013-01-01', INTERVAL 240+1 DAY));
insert into contrato(idobra, idproveedor, numero, fecha, monto, fechabasemonto, normalegalautorizacion, normalegaladjudicacion, plazoejecucion, fechainicio, fechafinalizacion) values ( (select IdObra from obra where codigo='0023' and idorganismo=5), (select idproveedor from proveedor where cuit='30-70871100-0'), '23', '2013-01-01', 135980, '2013-01-01', '', '', 60, '2013-09-16', '2013-11-15');

/*VIALIDAD*/

insert into obra (codigo, denominacion, idorganismo, creditopresupuestarioaprobado, expediente, memoriadescriptiva, cantidadbeneficiarios, presupuestooficial, fechapresupuestooficial, idtipoobra, latitud, longitud, idestadoobra) values ('0001', 'REHABILITACIÓN Y REPAVIMENTACIÓN RUTA PROVINCIAL Nº17, TRAMO: PICÚN LEUFÚ _ PLAZA HUINCUL – AÑELO', 3, 67888175.43, '4799-0195/08', null, 25000, null, null, null, null, null, 5);
insert into obra (codigo, denominacion, idorganismo, creditopresupuestarioaprobado, expediente, memoriadescriptiva, cantidadbeneficiarios, presupuestooficial, fechapresupuestooficial, idtipoobra, latitud, longitud, idestadoobra) values ('0002', 'AUTOVÍA DE CIRCULACIÓN DE NEUQUÉN, TRAMO: ACCESO P.I.N. OESTE ( KM 9,60) PUNTO D EMPALME RUTA NACIONAL Nº22 ( PLOTTIER), SECCIÓN I (PROGRESIVA 0,00 – PROGRESIVA 14900)', 3, null, '3866-2765/06', null, null, 46500000, '2006-08-01', null, null, null, 10);
insert into obra (codigo, denominacion, idorganismo, creditopresupuestarioaprobado, expediente, memoriadescriptiva, cantidadbeneficiarios, presupuestooficial, fechapresupuestooficial, idtipoobra, latitud, longitud, idestadoobra) values ('0003', 'AUTOVÍA DE CIRCUNVALACIÓN DE NEUQUÉN - PLOTTIER, TRAMO: ACCESO P.I.N. OESTE ( KM 9,60) PUNTO D EMPALME RUTA NACIONAL Nº22 ( PLOTTIER), SECCIÓN I I ( PROGRESIVA 14900)Y ACCESO RUTA NACIONAL Nº22 – PROG.141 (EMPALME ACTUAL TRAZA RUTA NACIONAL Nº22)', 3, null, '3866-3515/07', null, null, 38782000, '2007-05-01', null, null, null, 10);
insert into obra (codigo, denominacion, idorganismo, creditopresupuestarioaprobado, expediente, memoriadescriptiva, cantidadbeneficiarios, presupuestooficial, fechapresupuestooficial, idtipoobra, latitud, longitud, idestadoobra) values ('0004', 'CONSTRUCCIÓN PUENTE S/RÍO NEUQUÉN EN ANDACOLLO Y PUENTE S/RÍO NAHUEVE EN ACCESO A VILLA NAHUEVE', 3, null, '3866-3230/07', null, 5000, 12919101.02, '2006-12-01', null, null, null, 9);
insert into obra (codigo, denominacion, idorganismo, creditopresupuestarioaprobado, expediente, memoriadescriptiva, cantidadbeneficiarios, presupuestooficial, fechapresupuestooficial, idtipoobra, latitud, longitud, idestadoobra) values ('0005', 'RUTA PROVINCIAL Nº43, TRAMO: PUENTE S/RÍO NEUQUÉN EN ANDACOLLO-LAS OVEJAS, SECCIÓN I: PUENTE S/RÍO NEUQUÉN EN ANDACOLLO – ACCESO PUENTE S/RÍO NAHUEVE', 3, null, '3866-3734/07', null, 5000, 45443000, '2007-09-01', null, null, null, 7);
insert into obra (codigo, denominacion, idorganismo, creditopresupuestarioaprobado, expediente, memoriadescriptiva, cantidadbeneficiarios, presupuestooficial, fechapresupuestooficial, idtipoobra, latitud, longitud, idestadoobra) values ('0006', 'RUTA PROVINCIAL Nº43 TRAMO : LA PRIMAVERA – ANDACOLLO, SECCIÓN II : HUARACO – ANDACOLLO', 3, null, '3866-3226/07', null, 5000, 21583598.48, '2007-02-01', null, null, null, 7);
insert into obra (codigo, denominacion, idorganismo, creditopresupuestarioaprobado, expediente, memoriadescriptiva, cantidadbeneficiarios, presupuestooficial, fechapresupuestooficial, idtipoobra, latitud, longitud, idestadoobra) values ('0007', 'SEÑALIZACIÓN HORIZONTAL Y VERTICAL TRAVESÍAS URBANAS LOCALIDADES DE ALUMINÉ, LONCOPUÉ, ESCUELA Nº204 EN CENTENARIO Y PUENTE SOBRE RÍO MALLEO EN RUTA PROVINCIAL Nº23', 3, null, '4862-1629/11', null, 10000, 2892123.9, '2011-01-01', null, null, null, 9);
insert into obra (codigo, denominacion, idorganismo, creditopresupuestarioaprobado, expediente, memoriadescriptiva, cantidadbeneficiarios, presupuestooficial, fechapresupuestooficial, idtipoobra, latitud, longitud, idestadoobra) values ('0008', 'RUTA PRONCIAL Nº7 TRAMO : AÑELO – EMPALME RUTA PROV.Nº5 SECCIÓN PROG. 494828,96 – EMP. RUTA PROV. Nº5 (Aº CARRANZA) RUTA PROV. Nº5 TRAMO: EMPALME RUTA PROV. Nº7 – EMPALME RUTA PROV. Nº6, SECCIÓN: EMPALME RUTA PROV. Nº7 – Aº CARRANZA', 3, null, '4862-1297/10', null, 20000, 18945841.55, '2010-08-01', null, null, null, 8);
insert into obra (codigo, denominacion, idorganismo, creditopresupuestarioaprobado, expediente, memoriadescriptiva, cantidadbeneficiarios, presupuestooficial, fechapresupuestooficial, idtipoobra, latitud, longitud, idestadoobra) values ('0009', 'MANTENIMIENTO RUTA PROV. Nº7 TRAMO PIN NEUQUÉN – 3ª ROTONDA CENTENARIO – CAMINO JAIME DE NEVARES', 3, null, '5903-0311/12', null, null, 1141386.52, '2012-04-01', null, null, null, 8);
insert into obra (codigo, denominacion, idorganismo, creditopresupuestarioaprobado, expediente, memoriadescriptiva, cantidadbeneficiarios, presupuestooficial, fechapresupuestooficial, idtipoobra, latitud, longitud, idestadoobra) values ('0010', 'CONSERVACIÓN Y MANTENIMIENTO SISTEMA DE SEÑALIZACIÓN LUMINOSA EN RUTA NACIONAL Nº22 TRAMO NEUQUEN – PLOTTIER SECCIÓN : PAIMÚN – Bº UNIÓN', 3, null, '5903-0193/12', null, null, 3559791, '2012-02-01', null, null, null, 6);
insert into obra (codigo, denominacion, idorganismo, creditopresupuestarioaprobado, expediente, memoriadescriptiva, cantidadbeneficiarios, presupuestooficial, fechapresupuestooficial, idtipoobra, latitud, longitud, idestadoobra) values ('0011', 'READECUACIÓN GALPÓN PARA CAMPAMENTO DPV – AGUA FRÍA', 3, null, '5903-0337/12', null, 2500, 1190999.1, '2012-02-01', null, null, null, 10);
insert into obra (codigo, denominacion, idorganismo, creditopresupuestarioaprobado, expediente, memoriadescriptiva, cantidadbeneficiarios, presupuestooficial, fechapresupuestooficial, idtipoobra, latitud, longitud, idestadoobra) values ('0012', 'CONSTRUCCIÓN PUENTE S/ARROYO LIMENCO EN CERRO MESA', 3, null, '5903-0356/12', null, null, 653818, '2012-02-01', null, null, null, 10);
insert into obra (codigo, denominacion, idorganismo, creditopresupuestarioaprobado, expediente, memoriadescriptiva, cantidadbeneficiarios, presupuestooficial, fechapresupuestooficial, idtipoobra, latitud, longitud, idestadoobra) values ('0013', 'PROVISIÓN DE MATERIAL PROCESADO DE CANTERA PARA RUTA PROV. Nº43 TRAMO LA PRIMAVERA – ANDACOLLO SECCIÓN I : LA PRIMAVERA – HUARACO ( KM 10 )', 3, null, '5903-0520/12', null, null, 3761394, '2012-06-01', null, null, null, 9);
insert into obra (codigo, denominacion, idorganismo, creditopresupuestarioaprobado, expediente, memoriadescriptiva, cantidadbeneficiarios, presupuestooficial, fechapresupuestooficial, idtipoobra, latitud, longitud, idestadoobra) values ('0014', 'MANTENIMIENTO DE LA LIMPIEZA, DE LA FORESTACION Y SISTEMA DE RIEGO EN RUTA NAC. Nº22, TRAMO NEUQUEN- PLOTTIER, SECCIÓN I Y II: ROTONDA PROS. POBLADORES – CALLE OLASCOAGA(PLOTTIER)', 3, 3700000, '5903-0587/12', null, null, 3088533, '2012-09-01', null, null, null, 6);
insert into obra (codigo, denominacion, idorganismo, creditopresupuestarioaprobado, expediente, memoriadescriptiva, cantidadbeneficiarios, presupuestooficial, fechapresupuestooficial, idtipoobra, latitud, longitud, idestadoobra) values ('0015', 'CONSERVACIÓN Y MANTENIMIENTO SISTEMA DE SEÑALIZACIÓN LUMINOSA EN RUTA NAC. Nº22 TR.: NEUQUEN- PLOTTIER SECCIÓN : ESCUELA EX EMETA- CALLE OLASCOAGA (PLOTTIER)', 3, 1850000, '5903-0586/12', null, null, 1528770, '2012-09-01', null, null, null, 6);
insert into obra (codigo, denominacion, idorganismo, creditopresupuestarioaprobado, expediente, memoriadescriptiva, cantidadbeneficiarios, presupuestooficial, fechapresupuestooficial, idtipoobra, latitud, longitud, idestadoobra) values ('0016', 'CONSTRUCCIÓN DE ALCANTARILLA S/ARROYO TURBIO EN RUTA PROV. Nº60', 3, 2500000, '5903-0608/12', null, null, 1970546, '2012-07-01', null, null, null, 9);
insert into obra (codigo, denominacion, idorganismo, creditopresupuestarioaprobado, expediente, memoriadescriptiva, cantidadbeneficiarios, presupuestooficial, fechapresupuestooficial, idtipoobra, latitud, longitud, idestadoobra) values ('0017', 'ALQUILER DE MOTONIVELADORA, S/OPERARIO PARA LA PAVIMENTACIÓN DE RUTA PROV.Nº43, TRAMO: LA PRIMAVERA – HUARACO', 3, 600000, '5903-0772/12', null, null, 532840, '2012-11-01', null, null, null, 6);
insert into obra (codigo, denominacion, idorganismo, creditopresupuestarioaprobado, expediente, memoriadescriptiva, cantidadbeneficiarios, presupuestooficial, fechapresupuestooficial, idtipoobra, latitud, longitud, idestadoobra) values ('0018', 'ALQUILER DE MOTONIVELADORA S/OPERARIO PARA LA PAVIMENTACIÓN DE LA RUTA PROV. Nº61, TRAMO EMPALME RUTA NAC. Nº40 – PTE. S/RIO CHIMEHUIN', 3, 600000, '5903-0773/12', null, null, 532840, '2012-11-01', null, null, null, 6);
insert into obra (codigo, denominacion, idorganismo, creditopresupuestarioaprobado, expediente, memoriadescriptiva, cantidadbeneficiarios, presupuestooficial, fechapresupuestooficial, idtipoobra, latitud, longitud, idestadoobra) values ('0019', 'PASARELA COLGANTE PEATONAL – VEHICULAR S/RIO NEUQUÉN EN BUTALÓN NORTE', 3, null, '4862-1475/11', null, null, 5416618.87, '2010-06-01', null, null, null, 6);
insert into obra (codigo, denominacion, idorganismo, creditopresupuestarioaprobado, expediente, memoriadescriptiva, cantidadbeneficiarios, presupuestooficial, fechapresupuestooficial, idtipoobra, latitud, longitud, idestadoobra) values ('0020', 'RECONSTRUCCIÓN DE PASARELA PEATONAL S/ARROYO CHACAY MELEHUE, PARAJE EL ALAMITO Y CONSTRUCCIÓN DE VIGAS RETICULADA P/PASARELA S/ARROYOP AQUIHUECÓ', 3, 1100000, '5903-1009/13', null, 1000, 913644.27, '2013-02-01', null, null, null, 8);
insert into obra (codigo, denominacion, idorganismo, creditopresupuestarioaprobado, expediente, memoriadescriptiva, cantidadbeneficiarios, presupuestooficial, fechapresupuestooficial, idtipoobra, latitud, longitud, idestadoobra) values ('0021', 'ALQUILER DE MOTONIVELADORA P/REALIZAR TAREAS DE MANTENIMIENTO DE CAMINOS DE ACCESOS A COMUNIDADES INDÍGENAS EN JURISDICCIÓN DISTRITO IV S.M.A.', 3, 500000, '5903-1130/13', null, null, 402000, '2013-03-01', null, null, null, 6);
insert into obra (codigo, denominacion, idorganismo, creditopresupuestarioaprobado, expediente, memoriadescriptiva, cantidadbeneficiarios, presupuestooficial, fechapresupuestooficial, idtipoobra, latitud, longitud, idestadoobra) values ('0022', 'ALQUILER DE MOTONIVELADORA Y CARGADORA FRONTAL, PARA REALIZAR TAREAS DE MANTENIMIENTO EN RUTA PROV. Nº23, TR. : LITRAN – PINO HACHADO DISTRITO V – ALUMINÉ', 3, 800000, '5903-1131/13', null, null, 662400, null, null, null, null, 6);
insert into obra (codigo, denominacion, idorganismo, creditopresupuestarioaprobado, expediente, memoriadescriptiva, cantidadbeneficiarios, presupuestooficial, fechapresupuestooficial, idtipoobra, latitud, longitud, idestadoobra) values ('0023', 'VINCULACIÓN AUTOVÍA NEUQUÉN - PLOTTIER CON RUTA PROVINCIAL Nº 7', 3, 20000000, '5903-1082/13', null, null, 14569419.36, null, null, null, null, 5);
insert into obra (codigo, denominacion, idorganismo, creditopresupuestarioaprobado, expediente, memoriadescriptiva, cantidadbeneficiarios, presupuestooficial, fechapresupuestooficial, idtipoobra, latitud, longitud, idestadoobra) values ('0024', 'CALZADA MEJORATIVA RUTA PROV. Nº 48 TR: EMP. RUTA NAC. Nº 234 - LÍMITE CON CHILE, SECCIÓN PROG. 940.00 - PROG. 1455.20', 3, 4700000, '5903-1173/13', null, null, 3671848, '2013-03-01', null, null, null, 4);
insert into obra (codigo, denominacion, idorganismo, creditopresupuestarioaprobado, expediente, memoriadescriptiva, cantidadbeneficiarios, presupuestooficial, fechapresupuestooficial, idtipoobra, latitud, longitud, idestadoobra) values ('0025', 'RUTA PROV. Nº62 – RETIRO DE ÁRBOLES Y CONSTRUCCIÓN MUROS DE GAVIONES', 3, 4750000, '', null, null, 3789651.8, null, null, null, null, 6);
insert into obra (codigo, denominacion, idorganismo, creditopresupuestarioaprobado, expediente, memoriadescriptiva, cantidadbeneficiarios, presupuestooficial, fechapresupuestooficial, idtipoobra, latitud, longitud, idestadoobra) values ('0026', 'RUTA PROV. Nº65 – TRAVESÍA URBANA DE VILLA TRAFUL', 3, 33500000, '', null, null, 28098061, null, null, null, null, 6);
insert into obra (codigo, denominacion, idorganismo, creditopresupuestarioaprobado, expediente, memoriadescriptiva, cantidadbeneficiarios, presupuestooficial, fechapresupuestooficial, idtipoobra, latitud, longitud, idestadoobra) values ('0027', 'ESTUDIOS Y PROYECTOS DE :1 BAJADA DESDE AUTOVÍA DE CIRCUNVALACIÓN NEUQUEN-PLOTTIER DESDE PUNTO D POR CALLE CASIMIRO GOMEZ- BAJADA 2 DESDE AUTOVÍA DESDE ROTONDA PROG.1459,00 POR CALLE HUILEN', 3, null, '4862-1170/11', null, null, null, null, null, null, null, 6);
insert into obra (codigo, denominacion, idorganismo, creditopresupuestarioaprobado, expediente, memoriadescriptiva, cantidadbeneficiarios, presupuestooficial, fechapresupuestooficial, idtipoobra, latitud, longitud, idestadoobra) values ('0028', 'ESTUDIO DE IMPACTO AMBIENTAL DE LA RUTA PROV. Nº63 TRAMO EMPALME RUTA NAC. Nº234 – KM 19,00', 3, null, '4862-1323/10', null, null, null, null, null, null, null, 7);
insert into obra (codigo, denominacion, idorganismo, creditopresupuestarioaprobado, expediente, memoriadescriptiva, cantidadbeneficiarios, presupuestooficial, fechapresupuestooficial, idtipoobra, latitud, longitud, idestadoobra) values ('0029', 'EJECUCIÓN DE MENSURAS DE AFECTACIÓN RUTA PROV. Nº63 LOTE C3B- CONFLUENCIA Y RUTA Nº66 LOTES 14 Y 15A VºLA ANGIOSTURA- DPTO. LOS LAGOPS', 3, null, '4862-1736/11', null, null, null, null, null, null, null, 7);
insert into obra (codigo, denominacion, idorganismo, creditopresupuestarioaprobado, expediente, memoriadescriptiva, cantidadbeneficiarios, presupuestooficial, fechapresupuestooficial, idtipoobra, latitud, longitud, idestadoobra) values ('0030', 'ELABORACIÓN Y ANÁLISIS ECONÓMICO DE PAVIMENTACIÓN DE LA RUTA PROV. Nº13 TR.: PRIMEROIS PINOS – LITRÁN, SECCIÓN QUILCA – LITRÁN', 3, null, '5903-1075/13', null, null, null, null, null, null, null, 8);
insert into obra (codigo, denominacion, idorganismo, creditopresupuestarioaprobado, expediente, memoriadescriptiva, cantidadbeneficiarios, presupuestooficial, fechapresupuestooficial, idtipoobra, latitud, longitud, idestadoobra) values ('0031', 'ASISTENCIA TÉCNICA P/ANÁLISIS Y DIAGNÓSTICO SITUACIÓN DOMINIAL DE TIERRAS COLINDANTES CON LA RUTAS DE LA PCIA. NEUQUEN', 3, 300000, '5903-1172/13', null, null, null, null, null, null, null, 6);
insert into obra (codigo, denominacion, idorganismo, creditopresupuestarioaprobado, expediente, memoriadescriptiva, cantidadbeneficiarios, presupuestooficial, fechapresupuestooficial, idtipoobra, latitud, longitud, idestadoobra) values ('0032', 'PROYECTO Y OBRA DE SEMAFORIZACIÓN Y SEÑALIZACIÓN EN RUTA PROV. Nº7 TRAMO:NEUQUÉN-CENTENARIO', 3, 4500000, '', null, null, null, null, null, null, null, 6);
insert into obra (codigo, denominacion, idorganismo, creditopresupuestarioaprobado, expediente, memoriadescriptiva, cantidadbeneficiarios, presupuestooficial, fechapresupuestooficial, idtipoobra, latitud, longitud, idestadoobra) values ('0033', 'RECONDICIONAR AEROPUERTO DE ZAPALA ( INCLUYE EL BALIZAMIENTO )', 3, 13000000, '', null, null, null, null, null, null, null, 6);

insert into obraestado(idobra, idestadoobra, fecha) values ((select IdObra from obra where codigo='0001' and idorganismo=3), 5, current_date);
insert into obraestado(idobra, idestadoobra, fecha) values ((select IdObra from obra where codigo='0002' and idorganismo=3), 10, current_date);
insert into obraestado(idobra, idestadoobra, fecha) values ((select IdObra from obra where codigo='0003' and idorganismo=3), 10, current_date);
insert into obraestado(idobra, idestadoobra, fecha) values ((select IdObra from obra where codigo='0004' and idorganismo=3), 9, current_date);
insert into obraestado(idobra, idestadoobra, fecha) values ((select IdObra from obra where codigo='0005' and idorganismo=3), 7, current_date);
insert into obraestado(idobra, idestadoobra, fecha) values ((select IdObra from obra where codigo='0006' and idorganismo=3), 7, current_date);
insert into obraestado(idobra, idestadoobra, fecha) values ((select IdObra from obra where codigo='0007' and idorganismo=3), 9, current_date);
insert into obraestado(idobra, idestadoobra, fecha) values ((select IdObra from obra where codigo='0008' and idorganismo=3), 8, current_date);
insert into obraestado(idobra, idestadoobra, fecha) values ((select IdObra from obra where codigo='0009' and idorganismo=3), 8, current_date);
insert into obraestado(idobra, idestadoobra, fecha) values ((select IdObra from obra where codigo='0010' and idorganismo=3), 6, current_date);
insert into obraestado(idobra, idestadoobra, fecha) values ((select IdObra from obra where codigo='0011' and idorganismo=3), 10, current_date);
insert into obraestado(idobra, idestadoobra, fecha) values ((select IdObra from obra where codigo='0012' and idorganismo=3), 10, current_date);
insert into obraestado(idobra, idestadoobra, fecha) values ((select IdObra from obra where codigo='0013' and idorganismo=3), 9, current_date);
insert into obraestado(idobra, idestadoobra, fecha) values ((select IdObra from obra where codigo='0014' and idorganismo=3), 6, current_date);
insert into obraestado(idobra, idestadoobra, fecha) values ((select IdObra from obra where codigo='0015' and idorganismo=3), 6, current_date);
insert into obraestado(idobra, idestadoobra, fecha) values ((select IdObra from obra where codigo='0016' and idorganismo=3), 9, current_date);
insert into obraestado(idobra, idestadoobra, fecha) values ((select IdObra from obra where codigo='0017' and idorganismo=3), 6, current_date);
insert into obraestado(idobra, idestadoobra, fecha) values ((select IdObra from obra where codigo='0018' and idorganismo=3), 6, current_date);
insert into obraestado(idobra, idestadoobra, fecha) values ((select IdObra from obra where codigo='0019' and idorganismo=3), 6, current_date);
insert into obraestado(idobra, idestadoobra, fecha) values ((select IdObra from obra where codigo='0020' and idorganismo=3), 8, current_date);
insert into obraestado(idobra, idestadoobra, fecha) values ((select IdObra from obra where codigo='0021' and idorganismo=3), 6, current_date);
insert into obraestado(idobra, idestadoobra, fecha) values ((select IdObra from obra where codigo='0022' and idorganismo=3), 6, current_date);
insert into obraestado(idobra, idestadoobra, fecha) values ((select IdObra from obra where codigo='0023' and idorganismo=3), 5, current_date);
insert into obraestado(idobra, idestadoobra, fecha) values ((select IdObra from obra where codigo='0024' and idorganismo=3), 4, current_date);
insert into obraestado(idobra, idestadoobra, fecha) values ((select IdObra from obra where codigo='0025' and idorganismo=3), 6, current_date);
insert into obraestado(idobra, idestadoobra, fecha) values ((select IdObra from obra where codigo='0026' and idorganismo=3), 6, current_date);
insert into obraestado(idobra, idestadoobra, fecha) values ((select IdObra from obra where codigo='0027' and idorganismo=3), 6, current_date);
insert into obraestado(idobra, idestadoobra, fecha) values ((select IdObra from obra where codigo='0028' and idorganismo=3), 7, current_date);
insert into obraestado(idobra, idestadoobra, fecha) values ((select IdObra from obra where codigo='0029' and idorganismo=3), 7, current_date);
insert into obraestado(idobra, idestadoobra, fecha) values ((select IdObra from obra where codigo='0030' and idorganismo=3), 8, current_date);
insert into obraestado(idobra, idestadoobra, fecha) values ((select IdObra from obra where codigo='0031' and idorganismo=3), 6, current_date);
insert into obraestado(idobra, idestadoobra, fecha) values ((select IdObra from obra where codigo='0032' and idorganismo=3), 6, current_date);
insert into obraestado(idobra, idestadoobra, fecha) values ((select IdObra from obra where codigo='0033' and idorganismo=3), 6, current_date);

insert into obralocalidad(idobra, idlocalidad) values ((select IdObra from obra where codigo='0001' and idorganismo=3), 11);
insert into obralocalidad(idobra, idlocalidad) values ((select IdObra from obra where codigo='0002' and idorganismo=3), 292);
insert into obralocalidad(idobra, idlocalidad) values ((select IdObra from obra where codigo='0003' and idorganismo=3), 292);
insert into obralocalidad(idobra, idlocalidad) values ((select IdObra from obra where codigo='0004' and idorganismo=3), 10);
insert into obralocalidad(idobra, idlocalidad) values ((select IdObra from obra where codigo='0005' and idorganismo=3), 10);
insert into obralocalidad(idobra, idlocalidad) values ((select IdObra from obra where codigo='0006' and idorganismo=3), 10);
insert into obralocalidad(idobra, idlocalidad) values ((select IdObra from obra where codigo='0007' and idorganismo=3), 9);
insert into obralocalidad(idobra, idlocalidad) values ((select IdObra from obra where codigo='0008' and idorganismo=3), 10);
insert into obralocalidad(idobra, idlocalidad) values ((select IdObra from obra where codigo='0009' and idorganismo=3), 64);
insert into obralocalidad(idobra, idlocalidad) values ((select IdObra from obra where codigo='0010' and idorganismo=3), 292);
insert into obralocalidad(idobra, idlocalidad) values ((select IdObra from obra where codigo='0011' and idorganismo=3), 414);
insert into obralocalidad(idobra, idlocalidad) values ((select IdObra from obra where codigo='0012' and idorganismo=3), 414);
insert into obralocalidad(idobra, idlocalidad) values ((select IdObra from obra where codigo='0013' and idorganismo=3), 93);
insert into obralocalidad(idobra, idlocalidad) values ((select IdObra from obra where codigo='0014' and idorganismo=3), 292);
insert into obralocalidad(idobra, idlocalidad) values ((select IdObra from obra where codigo='0015' and idorganismo=3), 292);
insert into obralocalidad(idobra, idlocalidad) values ((select IdObra from obra where codigo='0016' and idorganismo=3), 177);
insert into obralocalidad(idobra, idlocalidad) values ((select IdObra from obra where codigo='0017' and idorganismo=3), 93);
insert into obralocalidad(idobra, idlocalidad) values ((select IdObra from obra where codigo='0018' and idorganismo=3), 177);
insert into obralocalidad(idobra, idlocalidad) values ((select IdObra from obra where codigo='0019' and idorganismo=3), 228);
insert into obralocalidad(idobra, idlocalidad) values ((select IdObra from obra where codigo='0020' and idorganismo=3), 404);
insert into obralocalidad(idobra, idlocalidad) values ((select IdObra from obra where codigo='0021' and idorganismo=3), 381);
insert into obralocalidad(idobra, idlocalidad) values ((select IdObra from obra where codigo='0022' and idorganismo=3), 414);
insert into obralocalidad(idobra, idlocalidad) values ((select IdObra from obra where codigo='0023' and idorganismo=3), 292);
insert into obralocalidad(idobra, idlocalidad) values ((select IdObra from obra where codigo='0024' and idorganismo=3), 381);
insert into obralocalidad(idobra, idlocalidad) values ((select IdObra from obra where codigo='0001' and idorganismo=3), 331);
insert into obralocalidad(idobra, idlocalidad) values ((select IdObra from obra where codigo='0003' and idorganismo=3), 332);
insert into obralocalidad(idobra, idlocalidad) values ((select IdObra from obra where codigo='0004' and idorganismo=3), 288);
insert into obralocalidad(idobra, idlocalidad) values ((select IdObra from obra where codigo='0005' and idorganismo=3), 228);
insert into obralocalidad(idobra, idlocalidad) values ((select IdObra from obra where codigo='0007' and idorganismo=3), 244);
insert into obralocalidad(idobra, idlocalidad) values ((select IdObra from obra where codigo='0008' and idorganismo=3), 368);
insert into obralocalidad(idobra, idlocalidad) values ((select IdObra from obra where codigo='0009' and idorganismo=3), 292);
insert into obralocalidad(idobra, idlocalidad) values ((select IdObra from obra where codigo='0010' and idorganismo=3), 332);
insert into obralocalidad(idobra, idlocalidad) values ((select IdObra from obra where codigo='0012' and idorganismo=3), 9);
insert into obralocalidad(idobra, idlocalidad) values ((select IdObra from obra where codigo='0013' and idorganismo=3), 10);
insert into obralocalidad(idobra, idlocalidad) values ((select IdObra from obra where codigo='0017' and idorganismo=3), 10);
insert into obralocalidad(idobra, idlocalidad) values ((select IdObra from obra where codigo='0019' and idorganismo=3), 38);
insert into obralocalidad(idobra, idlocalidad) values ((select IdObra from obra where codigo='0021' and idorganismo=3), 177);
insert into obralocalidad(idobra, idlocalidad) values ((select IdObra from obra where codigo='0023' and idorganismo=3), 332);
insert into obralocalidad(idobra, idlocalidad) values ((select IdObra from obra where codigo='0001' and idorganismo=3), 321);
insert into obralocalidad(idobra, idlocalidad) values ((select IdObra from obra where codigo='0007' and idorganismo=3), 64);

insert into fuentefinanciamiento (codigofufi, descripcion) select * from (select '6134', 'FUFI SIN DESCRIPCION') as tmp where not exists(select * from fuentefinanciamiento where codigofufi='6134') limit 1;
insert into fuentefinanciamiento (codigofufi, descripcion) select * from (select '5471', 'FUFI SIN DESCRIPCION') as tmp where not exists(select * from fuentefinanciamiento where codigofufi='5471') limit 1;

insert into obrafuentefinanciamiento(idobra, idfuentefinanciamiento) values ( (select IdObra from obra where codigo='0025' and idorganismo=3), (select IdFuenteFinanciamiento from fuentefinanciamiento where CodigoFufi='6134'));
insert into obrafuentefinanciamiento(idobra, idfuentefinanciamiento) values ( (select IdObra from obra where codigo='0026' and idorganismo=3), (select IdFuenteFinanciamiento from fuentefinanciamiento where CodigoFufi='5471'));
insert into obrafuentefinanciamiento(idobra, idfuentefinanciamiento) values ( (select IdObra from obra where codigo='0032' and idorganismo=3), (select IdFuenteFinanciamiento from fuentefinanciamiento where CodigoFufi='6134'));
insert into obrafuentefinanciamiento(idobra, idfuentefinanciamiento) values ( (select IdObra from obra where codigo='0033' and idorganismo=3), (select IdFuenteFinanciamiento from fuentefinanciamiento where CodigoFufi='6134'));

insert into proveedor (cuit, razonsocial) select * from (select '30-71166408-0', 'ROVELLA CARRANZA – R.J. INGENIERÍA  S.A. UTE') as tmp where not exists (select * from proveedor where cuit='30-71166408-0') limit 1;
insert into proveedor (cuit, razonsocial) select * from (select '30-71003995-6', 'C.N.SAPAG S.A. - LUCIANO S.A. UTE') as tmp where not exists (select * from proveedor where cuit='30-71003995-6') limit 1;
insert into proveedor (cuit, razonsocial) select * from (select '33-71054491-9', 'CONTRERAS HNOS. S.A. - C.N.SAPAG S.A. UTE') as tmp where not exists (select * from proveedor where cuit='33-71054491-9') limit 1;
insert into proveedor (cuit, razonsocial) select * from (select '30-71017401-2', 'LAUTEC S.R.L. - HORMIQUEN S.A. UTE') as tmp where not exists (select * from proveedor where cuit='30-71017401-2') limit 1;
insert into proveedor (cuit, razonsocial) select * from (select '30-71051275-9', 'HORMIQUEN S.A. - LAUTEC S.R.L.  UTE') as tmp where not exists (select * from proveedor where cuit='30-71051275-9') limit 1;
insert into proveedor (cuit, razonsocial) select * from (select '33-71017408-9', 'HORMIQUEN S.A. - RJ INGENIERIA S.A. LAUTEC S.R.L.  UTE') as tmp where not exists (select * from proveedor where cuit='33-71017408-9') limit 1;
insert into proveedor (cuit, razonsocial) select * from (select '00-00000001-0', 'CLEANOSOL ARGENTINA S.A.') as tmp where not exists (select * from proveedor where cuit='00-00000001-0') limit 1;
insert into proveedor (cuit, razonsocial) select * from (select '30-71204360-8', 'HORMIQUEN S.A. - LAUTEC S.R.L. - SERVIPET S.A.  UTE') as tmp where not exists (select * from proveedor where cuit='30-71204360-8') limit 1;
insert into proveedor (cuit, razonsocial) select * from (select '30-70922270-4', 'OMEGA MLP') as tmp where not exists (select * from proveedor where cuit='30-70922270-4') limit 1;
insert into proveedor (cuit, razonsocial) select * from (select '33-71017408-9', 'RJ INGENIERIA S.A.') as tmp where not exists (select * from proveedor where cuit='33-71017408-9') limit 1;
insert into proveedor (cuit, razonsocial) select * from (select '30-71130052-6', 'SR CONSTRUCCIONES ') as tmp where not exists (select * from proveedor where cuit='30-71130052-6') limit 1;
insert into proveedor (cuit, razonsocial) select * from (select '30-70863817-6', 'ABI S.R.L.') as tmp where not exists (select * from proveedor where cuit='30-70863817-6') limit 1;
insert into proveedor (cuit, razonsocial) select * from (select '30-64595911-2', 'CONAGRO S.R.L.') as tmp where not exists (select * from proveedor where cuit='30-64595911-2') limit 1;
insert into proveedor (cuit, razonsocial) select * from (select '30-70922270-4', 'OMEGA MLP') as tmp where not exists (select * from proveedor where cuit='30-70922270-4') limit 1;
insert into proveedor (cuit, razonsocial) select * from (select '30-70922270-4', 'OMEGA MLP') as tmp where not exists (select * from proveedor where cuit='30-70922270-4') limit 1;
insert into proveedor (cuit, razonsocial) select * from (select '20-14426926-9', 'SALUM EDUARDO ANTONIO') as tmp where not exists (select * from proveedor where cuit='20-14426926-9') limit 1;
insert into proveedor (cuit, razonsocial) select * from (select '30-71130052-6', 'SR CONSTRUCCIONES ') as tmp where not exists (select * from proveedor where cuit='30-71130052-6') limit 1;
insert into proveedor (cuit, razonsocial) select * from (select '20-14426926-9', 'SALUM EDUARDO ANTONIO') as tmp where not exists (select * from proveedor where cuit='20-14426926-9') limit 1;
insert into proveedor (cuit, razonsocial) select * from (select '30-71242742-2', 'PERFIL S.R.L.') as tmp where not exists (select * from proveedor where cuit='30-71242742-2') limit 1;
insert into proveedor (cuit, razonsocial) select * from (select '00-00000002-0', 'CONSTRUCCIONES MONETTI') as tmp where not exists (select * from proveedor where cuit='00-00000002-0') limit 1;
insert into proveedor (cuit, razonsocial) select * from (select '20-14426926-9', 'SALUM EDUARDO ANTONIO') as tmp where not exists (select * from proveedor where cuit='20-14426926-9') limit 1;
insert into proveedor (cuit, razonsocial) select * from (select '30-64595911-2', 'CONAGRO S.R.L.') as tmp where not exists (select * from proveedor where cuit='30-64595911-2') limit 1;
insert into proveedor (cuit, razonsocial) select * from (select '00-00000003-0', 'CN SAPAG S.A.') as tmp where not exists (select * from proveedor where cuit='00-00000003-0') limit 1;
insert into proveedor (cuit, razonsocial) select * from (select '30-70922270-4', 'OMEGA MLP') as tmp where not exists (select * from proveedor where cuit='30-70922270-4') limit 1;
insert into proveedor (cuit, razonsocial) select * from (select '00-00000002-0', 'CONSTRUCCIONES MONETTI') as tmp where not exists (select * from proveedor where cuit='00-00000002-0') limit 1;
insert into proveedor (cuit, razonsocial) select * from (select '00-00000004-0', 'CODI S.A:') as tmp where not exists (select * from proveedor where cuit='00-00000004-0') limit 1;
insert into proveedor (cuit, razonsocial) select * from (select '00-00000005-0', 'ING. MARCELO GODOY') as tmp where not exists (select * from proveedor where cuit='00-00000005-0') limit 1;
insert into proveedor (cuit, razonsocial) select * from (select '00-00000008-0', 'DIEGO JAVIER URBANSKY') as tmp where not exists (select * from proveedor where cuit='00-00000008-0') limit 1;
insert into proveedor (cuit, razonsocial) select * from (select '00-00000007-0', 'AGRº VICTOR OMAR GODOY') as tmp where not exists (select * from proveedor where cuit='00-00000007-0') limit 1;
insert into proveedor (cuit, razonsocial) select * from (select '00-00000009-0', 'INGº LARA BABAYA') as tmp where not exists (select * from proveedor where cuit='00-00000009-0') limit 1;
insert into proveedor (cuit, razonsocial) select * from (select '00-00000006-0', 'AGRº CARLOS DANIEL SARALEGUI') as tmp where not exists (select * from proveedor where cuit='00-00000006-0') limit 1;
insert into proveedor (cuit, razonsocial) select * from (select '00-00000010-0', 'PROVEEDOR SIN DEFINIR') as tmp where not exists (select * from proveedor where cuit='00-00000010-0') limit 1;
insert into proveedor (cuit, razonsocial) select * from (select '00-00000011-0', 'PROVEEDOR SIN DEFINIR') as tmp where not exists (select * from proveedor where cuit='00-00000011-0') limit 1;

insert into contrato(idobra, idproveedor, numero, fecha, monto, fechabasemonto, normalegalautorizacion, normalegaladjudicacion, plazoejecucion, fechainicio, fechafinalizacion) values ( (select IdObra from obra where codigo='0001' and idorganismo=3), (select idproveedor from proveedor where cuit='30-71166408-0'), '', '2011-01-01', 67888175.43, '2011-01-01', '', '', 540, '2011-01-01', DATE_ADD('2011-01-01', INTERVAL 540+1 DAY));
insert into contrato(idobra, idproveedor, numero, fecha, monto, fechabasemonto, normalegalautorizacion, normalegaladjudicacion, plazoejecucion, fechainicio, fechafinalizacion) values ( (select IdObra from obra where codigo='0002' and idorganismo=3), (select idproveedor from proveedor where cuit='30-71003995-6'), '056/07', '2007-03-30', 50750065.6, '2006-08-01', '957/06', '166/07', 730, '2007-06-21', '2009-06-20');
insert into contrato(idobra, idproveedor, numero, fecha, monto, fechabasemonto, normalegalautorizacion, normalegaladjudicacion, plazoejecucion, fechainicio, fechafinalizacion) values ( (select IdObra from obra where codigo='0003' and idorganismo=3), (select idproveedor from proveedor where cuit='33-71054491-9'), '150/08', '2008-12-02', 42609783.4, '2007-05-01', '0671/07', '0751/08', 540, '2009-01-15', '2010-07-14');
insert into contrato(idobra, idproveedor, numero, fecha, monto, fechabasemonto, normalegalautorizacion, normalegaladjudicacion, plazoejecucion, fechainicio, fechafinalizacion) values ( (select IdObra from obra where codigo='0004' and idorganismo=3), (select idproveedor from proveedor where cuit='30-71017401-2'), '095/07', '2007-07-13', 12919101.02, '2006-12-01', '', '518/07', 540, '2007-09-24', DATE_ADD('2007-07-13', INTERVAL 540+1 DAY));
insert into contrato(idobra, idproveedor, numero, fecha, monto, fechabasemonto, normalegalautorizacion, normalegaladjudicacion, plazoejecucion, fechainicio, fechafinalizacion) values ( (select IdObra from obra where codigo='0005' and idorganismo=3), (select idproveedor from proveedor where cuit='30-71051275-9'), '075/08', '2008-06-03', 49891768.67, '2007-09-01', '076/08', '076/08', 720, '2008-10-01', '2010-10-01');
insert into contrato(idobra, idproveedor, numero, fecha, monto, fechabasemonto, normalegalautorizacion, normalegaladjudicacion, plazoejecucion, fechainicio, fechafinalizacion) values ( (select IdObra from obra where codigo='0006' and idorganismo=3), (select idproveedor from proveedor where cuit='33-71017408-9'), '096/07', '2007-02-01', 23642954.72, '2007-02-01', '0361/07', '0539/07', 670, '2007-09-24', '2010-01-04');
insert into contrato(idobra, idproveedor, numero, fecha, monto, fechabasemonto, normalegalautorizacion, normalegaladjudicacion, plazoejecucion, fechainicio, fechafinalizacion) values ( (select IdObra from obra where codigo='0007' and idorganismo=3), (select idproveedor from proveedor where cuit='00-00000001-0'), '0140/11', '2011-11-18', 3540503.37, '2011-01-01', '0246/11', '1108/11', 180, '2012-01-03', '2012-07-03');
insert into contrato(idobra, idproveedor, numero, fecha, monto, fechabasemonto, normalegalautorizacion, normalegaladjudicacion, plazoejecucion, fechainicio, fechafinalizacion) values ( (select IdObra from obra where codigo='0008' and idorganismo=3), (select idproveedor from proveedor where cuit='30-71204360-8'), '050/12', '2010-08-01', 20459017.33, '2010-08-01', '1045/10', '036/12', 270, '2012-04-01', '2012-12-31');
insert into contrato(idobra, idproveedor, numero, fecha, monto, fechabasemonto, normalegalautorizacion, normalegaladjudicacion, plazoejecucion, fechainicio, fechafinalizacion) values ( (select IdObra from obra where codigo='0009' and idorganismo=3), (select idproveedor from proveedor where cuit='30-70922270-4'), '093/12', '2012-06-12', 1252000, '2012-04-01', '0353/12', '0417/12', 360, '2012-06-22', '2013-06-21');
insert into contrato(idobra, idproveedor, numero, fecha, monto, fechabasemonto, normalegalautorizacion, normalegaladjudicacion, plazoejecucion, fechainicio, fechafinalizacion) values ( (select IdObra from obra where codigo='0010' and idorganismo=3), (select idproveedor from proveedor where cuit='33-71017408-9'), '0091/12', '2012-05-31', 3950248.67, '2012-02-01', '0255/12', '0375/12', 540, '2012-06-16', '2013-12-17');
insert into contrato(idobra, idproveedor, numero, fecha, monto, fechabasemonto, normalegalautorizacion, normalegaladjudicacion, plazoejecucion, fechainicio, fechafinalizacion) values ( (select IdObra from obra where codigo='0011' and idorganismo=3), (select idproveedor from proveedor where cuit='30-71130052-6'), '0089/12', '2012-02-01', 1298324.56, '2012-02-01', '0347/12', '0446/12', 120, '2012-06-11', '2012-10-08');
insert into contrato(idobra, idproveedor, numero, fecha, monto, fechabasemonto, normalegalautorizacion, normalegaladjudicacion, plazoejecucion, fechainicio, fechafinalizacion) values ( (select IdObra from obra where codigo='0012' and idorganismo=3), (select idproveedor from proveedor where cuit='30-70863817-6'), '0136/12', '2012-10-24', 756899.87, '2012-02-01', '0423/12', '0760/12', 120, '2012-11-02', '2013-03-02');
insert into contrato(idobra, idproveedor, numero, fecha, monto, fechabasemonto, normalegalautorizacion, normalegaladjudicacion, plazoejecucion, fechainicio, fechafinalizacion) values ( (select IdObra from obra where codigo='0013' and idorganismo=3), (select idproveedor from proveedor where cuit='30-64595911-2'), '0137/12', '2012-10-23', 3998880, '2012-06-01', '0574/12', '0761/12', 210, '2012-12-01', '2013-06-29');
insert into contrato(idobra, idproveedor, numero, fecha, monto, fechabasemonto, normalegalautorizacion, normalegaladjudicacion, plazoejecucion, fechainicio, fechafinalizacion) values ( (select IdObra from obra where codigo='0014' and idorganismo=3), (select idproveedor from proveedor where cuit='30-70922270-4'), '0002/13', '2012-09-01', 3538577.49, '2012-09-01', '0713/12', '0913/12', 365, '2012-12-17', '2013-12-16');
insert into contrato(idobra, idproveedor, numero, fecha, monto, fechabasemonto, normalegalautorizacion, normalegaladjudicacion, plazoejecucion, fechainicio, fechafinalizacion) values ( (select IdObra from obra where codigo='0015' and idorganismo=3), (select idproveedor from proveedor where cuit='30-70922270-4'), '0001/13', '2012-09-01', 1674923.28, '2012-09-01', '0714/12', '0917/12', 365, '2012-12-17', '2013-12-16');
insert into contrato(idobra, idproveedor, numero, fecha, monto, fechabasemonto, normalegalautorizacion, normalegaladjudicacion, plazoejecucion, fechainicio, fechafinalizacion) values ( (select IdObra from obra where codigo='0016' and idorganismo=3), (select idproveedor from proveedor where cuit='20-14426926-9'), '0030/13', '2013-01-21', 2248214.87, '2012-07-01', '0751/12', '0997/12', 120, '2013-02-01', '2013-05-31');
insert into contrato(idobra, idproveedor, numero, fecha, monto, fechabasemonto, normalegalautorizacion, normalegaladjudicacion, plazoejecucion, fechainicio, fechafinalizacion) values ( (select IdObra from obra where codigo='0017' and idorganismo=3), (select idproveedor from proveedor where cuit='30-71130052-6'), '0046/13', '2012-11-01', 589050, '2012-11-01', '0971/12', '0090/13', 210, '2013-03-15', '2013-10-17');
insert into contrato(idobra, idproveedor, numero, fecha, monto, fechabasemonto, normalegalautorizacion, normalegaladjudicacion, plazoejecucion, fechainicio, fechafinalizacion) values ( (select IdObra from obra where codigo='0018' and idorganismo=3), (select idproveedor from proveedor where cuit='20-14426926-9'), '0047/13', '2013-03-11', 562100, '2012-11-01', '0972/12', '0089/13', 210, '2013-03-14', '2013-10-13');
insert into contrato(idobra, idproveedor, numero, fecha, monto, fechabasemonto, normalegalautorizacion, normalegaladjudicacion, plazoejecucion, fechainicio, fechafinalizacion) values ( (select IdObra from obra where codigo='0019' and idorganismo=3), (select idproveedor from proveedor where cuit='30-71242742-2'), '054/13', '2013-03-20', 5416618.87, '2010-06-01', '', '127/13', 240, '2013-05-06', '2013-01-06');
insert into contrato(idobra, idproveedor, numero, fecha, monto, fechabasemonto, normalegalautorizacion, normalegaladjudicacion, plazoejecucion, fechainicio, fechafinalizacion) values ( (select IdObra from obra where codigo='0020' and idorganismo=3), (select idproveedor from proveedor where cuit='00-00000002-0'), '0073/13', '2013-05-30', 921166.68, '2013-02-01', '0230/13', '0344/13', 90, '2013-06-10', '2013-09-10');
insert into contrato(idobra, idproveedor, numero, fecha, monto, fechabasemonto, normalegalautorizacion, normalegaladjudicacion, plazoejecucion, fechainicio, fechafinalizacion) values ( (select IdObra from obra where codigo='0021' and idorganismo=3), (select idproveedor from proveedor where cuit='20-14426926-9'), '093/13', '2013-07-23', 482400, '2013-03-01', '0396/13', '0528/13', 150, '2013-08-01', '2013-10-31');
insert into contrato(idobra, idproveedor, numero, fecha, monto, fechabasemonto, normalegalautorizacion, normalegaladjudicacion, plazoejecucion, fechainicio, fechafinalizacion) values ( (select IdObra from obra where codigo='0022' and idorganismo=3), (select idproveedor from proveedor where cuit='30-64595911-2'), '092/13', '2013-07-24', 794400, '2013-07-24', '', '0530/13', 90, '2013-08-01', '2013-10-31');
insert into contrato(idobra, idproveedor, numero, fecha, monto, fechabasemonto, normalegalautorizacion, normalegaladjudicacion, plazoejecucion, fechainicio, fechafinalizacion) values ( (select IdObra from obra where codigo='0023' and idorganismo=3), (select idproveedor from proveedor where cuit='00-00000003-0'), '0109/13', '2013-09-11', 15919972.09, '2013-09-11', '0346/13', '0603/13', 180, '2013-09-11', DATE_ADD('2013-09-11', INTERVAL 180+1 DAY));
insert into contrato(idobra, idproveedor, numero, fecha, monto, fechabasemonto, normalegalautorizacion, normalegaladjudicacion, plazoejecucion, fechainicio, fechafinalizacion) values ( (select IdObra from obra where codigo='0024' and idorganismo=3), (select idproveedor from proveedor where cuit='30-70922270-4'), '', '2014-01-01', 3958997.4, '2013-03-01', '0467/13', '0773/13', 180, '2014-01-01', DATE_ADD('2014-01-01', INTERVAL 180+1 DAY));
insert into contrato(idobra, idproveedor, numero, fecha, monto, fechabasemonto, normalegalautorizacion, normalegaladjudicacion, plazoejecucion, fechainicio, fechafinalizacion) values ( (select IdObra from obra where codigo='0025' and idorganismo=3), (select idproveedor from proveedor where cuit='00-00000002-0'), '', '2014-01-01', 0, '2014-01-01', '', '', 180, '2014-01-01', DATE_ADD('2014-01-01', INTERVAL 180+1 DAY));
insert into contrato(idobra, idproveedor, numero, fecha, monto, fechabasemonto, normalegalautorizacion, normalegaladjudicacion, plazoejecucion, fechainicio, fechafinalizacion) values ( (select IdObra from obra where codigo='0026' and idorganismo=3), (select idproveedor from proveedor where cuit='00-00000004-0'), '', '2014-01-01', 0, '2014-01-01', '', '', 240, '2014-01-01', DATE_ADD('2014-01-01', INTERVAL 240+1 DAY));
insert into contrato(idobra, idproveedor, numero, fecha, monto, fechabasemonto, normalegalautorizacion, normalegaladjudicacion, plazoejecucion, fechainicio, fechafinalizacion) values ( (select IdObra from obra where codigo='0027' and idorganismo=3), (select idproveedor from proveedor where cuit='00-00000005-0'), '', '2010-08-01', 678000, '2010-08-01', '', '', 180, '2011-03-10', DATE_ADD('2010-08-01', INTERVAL 180+1 DAY));
insert into contrato(idobra, idproveedor, numero, fecha, monto, fechabasemonto, normalegalautorizacion, normalegaladjudicacion, plazoejecucion, fechainicio, fechafinalizacion) values ( (select IdObra from obra where codigo='0028' and idorganismo=3), (select idproveedor from proveedor where cuit='00-00000008-0'), '', '2010-10-01', 195000, '2010-10-01', '', '', 150, '2010-10-29', DATE_ADD('2010-10-01', INTERVAL 150+1 DAY));
insert into contrato(idobra, idproveedor, numero, fecha, monto, fechabasemonto, normalegalautorizacion, normalegaladjudicacion, plazoejecucion, fechainicio, fechafinalizacion) values ( (select IdObra from obra where codigo='0029' and idorganismo=3), (select idproveedor from proveedor where cuit='00-00000007-0'), '', '2011-03-01', 248787, '2011-03-01', '', '', 90, '2012-01-19', DATE_ADD('2011-03-01', INTERVAL 90+1 DAY));
insert into contrato(idobra, idproveedor, numero, fecha, monto, fechabasemonto, normalegalautorizacion, normalegaladjudicacion, plazoejecucion, fechainicio, fechafinalizacion) values ( (select IdObra from obra where codigo='0030' and idorganismo=3), (select idproveedor from proveedor where cuit='00-00000009-0'), '', '2013-03-01', 22000, '2013-03-01', '', '', 45, '2013-04-22', DATE_ADD('2013-03-01', INTERVAL 45+1 DAY));
insert into contrato(idobra, idproveedor, numero, fecha, monto, fechabasemonto, normalegalautorizacion, normalegaladjudicacion, plazoejecucion, fechainicio, fechafinalizacion) values ( (select IdObra from obra where codigo='0031' and idorganismo=3), (select idproveedor from proveedor where cuit='00-00000006-0'), '', '2013-04-01', 286000, '2013-04-01', '', '', 540, '2013-04-01', DATE_ADD('2013-04-01', INTERVAL 540+1 DAY));
insert into contrato(idobra, idproveedor, numero, fecha, monto, fechabasemonto, normalegalautorizacion, normalegaladjudicacion, plazoejecucion, fechainicio, fechafinalizacion) values ( (select IdObra from obra where codigo='0032' and idorganismo=3), (select idproveedor from proveedor where cuit='00-00000010-0'), '', '2013-08-01', 0, '2013-08-01', '', '', 240, '2013-08-01', DATE_ADD('2013-08-01', INTERVAL 240+1 DAY));
insert into contrato(idobra, idproveedor, numero, fecha, monto, fechabasemonto, normalegalautorizacion, normalegaladjudicacion, plazoejecucion, fechainicio, fechafinalizacion) values ( (select IdObra from obra where codigo='0033' and idorganismo=3), (select idproveedor from proveedor where cuit='00-00000011-0'), '', '2013-06-01', 0, '2013-06-01', '', '', 180, '2013-06-01', DATE_ADD('2013-06-01', INTERVAL 180+1 DAY));


insert into alteracion(idcontrato, fecha, normalegalaprobacion, adicionaldeductivo, importe) values ((select idcontrato from obra o inner join contrato c on o.idobra=c.idobra where o.codigo='0002' and o.idorganismo=3), STR_TO_DATE('30/11/2007', '%d/%m/%Y'), '0999/07', 0, 325259.67); 
insert into alteracion(idcontrato, fecha, normalegalaprobacion, adicionaldeductivo, importe) values ((select idcontrato from obra o inner join contrato c on o.idobra=c.idobra where o.codigo='0003' and o.idorganismo=3), STR_TO_DATE('15/09/2009', '%d/%m/%Y'), '0850/09', 0, 2962146.79); 
insert into alteracion(idcontrato, fecha, normalegalaprobacion, adicionaldeductivo, importe) values ((select idcontrato from obra o inner join contrato c on o.idobra=c.idobra where o.codigo='0004' and o.idorganismo=3), STR_TO_DATE('07/04/2008', '%d/%m/%Y'), '0350/08', 0, 137.54); 
insert into alteracion(idcontrato, fecha, normalegalaprobacion, adicionaldeductivo, importe) values ((select idcontrato from obra o inner join contrato c on o.idobra=c.idobra where o.codigo='0005' and o.idorganismo=3), STR_TO_DATE('15/01/2010', '%d/%m/%Y'), '0030/10', 0, 105821.60); 
insert into alteracion(idcontrato, fecha, normalegalaprobacion, adicionaldeductivo, importe) values ((select idcontrato from obra o inner join contrato c on o.idobra=c.idobra where o.codigo='0006' and o.idorganismo=3), STR_TO_DATE('29/12/2012', '%d/%m/%Y'), '0925/08', 0, 420027.52); 
insert into alteracion(idcontrato, fecha, normalegalaprobacion, adicionaldeductivo, importe) values ((select idcontrato from obra o inner join contrato c on o.idobra=c.idobra where o.codigo='0007' and o.idorganismo=3), STR_TO_DATE('29/12/2012', '%d/%m/%Y'), '0744/13', 0, 100280.95); 
insert into alteracion(idcontrato, fecha, normalegalaprobacion, adicionaldeductivo, importe) values ((select idcontrato from obra o inner join contrato c on o.idobra=c.idobra where o.codigo='0008' and o.idorganismo=3), STR_TO_DATE('06/02/2013', '%d/%m/%Y'), '0047/13', 0, 55244.00); 
insert into alteracion(idcontrato, fecha, normalegalaprobacion, adicionaldeductivo, importe) values ((select idcontrato from obra o inner join contrato c on o.idobra=c.idobra where o.codigo='0010' and o.idorganismo=3), STR_TO_DATE('04/02/2013', '%d/%m/%Y'), '0018/13', 1, -5657.00); 
insert into alteracion(idcontrato, fecha, normalegalaprobacion, adicionaldeductivo, importe) values ((select idcontrato from obra o inner join contrato c on o.idobra=c.idobra where o.codigo='0002' and o.idorganismo=3), STR_TO_DATE('30/05/2008', '%d/%m/%Y'), '0136/08', 0, 1209615.58); 
insert into alteracion(idcontrato, fecha, normalegalaprobacion, adicionaldeductivo, importe) values ((select idcontrato from obra o inner join contrato c on o.idobra=c.idobra where o.codigo='0003' and o.idorganismo=3), STR_TO_DATE('17/05/2010', '%d/%m/%Y'), '0432/10', 0, 2077716.41); 
insert into alteracion(idcontrato, fecha, normalegalaprobacion, adicionaldeductivo, importe) values ((select idcontrato from obra o inner join contrato c on o.idobra=c.idobra where o.codigo='0004' and o.idorganismo=3), STR_TO_DATE('24/03/2009', '%d/%m/%Y'), '0356/09', 0, 872915.71); 
insert into alteracion(idcontrato, fecha, normalegalaprobacion, adicionaldeductivo, importe) values ((select idcontrato from obra o inner join contrato c on o.idobra=c.idobra where o.codigo='0005' and o.idorganismo=3), STR_TO_DATE('21/07/2010', '%d/%m/%Y'), '0690/10', 0, 2468741.85); 
insert into alteracion(idcontrato, fecha, normalegalaprobacion, adicionaldeductivo, importe) values ((select idcontrato from obra o inner join contrato c on o.idobra=c.idobra where o.codigo='0006' and o.idorganismo=3), STR_TO_DATE('27/12/2010', '%d/%m/%Y'), '1328/10', 0, 159511.73); 
insert into alteracion(idcontrato, fecha, normalegalaprobacion, adicionaldeductivo, importe) values ((select idcontrato from obra o inner join contrato c on o.idobra=c.idobra where o.codigo='0007' and o.idorganismo=3), STR_TO_DATE('05/07/2013', '%d/%m/%Y'), '0531/13', 1, -269819.44); 
insert into alteracion(idcontrato, fecha, normalegalaprobacion, adicionaldeductivo, importe) values ((select idcontrato from obra o inner join contrato c on o.idobra=c.idobra where o.codigo='0008' and o.idorganismo=3), STR_TO_DATE('14/03/2013', '%d/%m/%Y'), '0156/13', 0, 0); 
insert into alteracion(idcontrato, fecha, normalegalaprobacion, adicionaldeductivo, importe) values ((select idcontrato from obra o inner join contrato c on o.idobra=c.idobra where o.codigo='0010' and o.idorganismo=3), STR_TO_DATE('04/02/2013', '%d/%m/%Y'), '0021/13', 0, 8341.40); 
insert into alteracion(idcontrato, fecha, normalegalaprobacion, adicionaldeductivo, importe) values ((select idcontrato from obra o inner join contrato c on o.idobra=c.idobra where o.codigo='0002' and o.idorganismo=3), STR_TO_DATE('18/09/2008', '%d/%m/%Y'), '0557/08', 0, 5662928.11); 
insert into alteracion(idcontrato, fecha, normalegalaprobacion, adicionaldeductivo, importe) values ((select idcontrato from obra o inner join contrato c on o.idobra=c.idobra where o.codigo='0003' and o.idorganismo=3), STR_TO_DATE('30/11/2010', '%d/%m/%Y'), '1230/10', 0, 1417204.46); 
insert into alteracion(idcontrato, fecha, normalegalaprobacion, adicionaldeductivo, importe) values ((select idcontrato from obra o inner join contrato c on o.idobra=c.idobra where o.codigo='0004' and o.idorganismo=3), STR_TO_DATE('07/07/2010', '%d/%m/%Y'), '0634/10', 0, 119690.72); 
insert into alteracion(idcontrato, fecha, normalegalaprobacion, adicionaldeductivo, importe) values ((select idcontrato from obra o inner join contrato c on o.idobra=c.idobra where o.codigo='0005' and o.idorganismo=3), STR_TO_DATE('29/04/2011', '%d/%m/%Y'), '0495/11', 0, 408088.37); 
insert into alteracion(idcontrato, fecha, normalegalaprobacion, adicionaldeductivo, importe) values ((select idcontrato from obra o inner join contrato c on o.idobra=c.idobra where o.codigo='0002' and o.idorganismo=3), STR_TO_DATE('21/07/2009', '%d/%m/%Y'), '0675/09', 0, 270757.00); 
insert into alteracion(idcontrato, fecha, normalegalaprobacion, adicionaldeductivo, importe) values ((select idcontrato from obra o inner join contrato c on o.idobra=c.idobra where o.codigo='0004' and o.idorganismo=3), STR_TO_DATE('01/03/2012', '%d/%m/%Y'), '0128/12', 0, 57705.00); 
insert into alteracion(idcontrato, fecha, normalegalaprobacion, adicionaldeductivo, importe) values ((select idcontrato from obra o inner join contrato c on o.idobra=c.idobra where o.codigo='0005' and o.idorganismo=3), STR_TO_DATE('06/02/2013', '%d/%m/%Y'), '0044/13', 0, 54337.57); 
insert into alteracion(idcontrato, fecha, normalegalaprobacion, adicionaldeductivo, importe) values ((select idcontrato from obra o inner join contrato c on o.idobra=c.idobra where o.codigo='0002' and o.idorganismo=3), STR_TO_DATE('07/09/2011', '%d/%m/%Y'), '0964/11', 1, - 47010); 
insert into alteracion(idcontrato, fecha, normalegalaprobacion, adicionaldeductivo, importe) values ((select idcontrato from obra o inner join contrato c on o.idobra=c.idobra where o.codigo='0005' and o.idorganismo=3), STR_TO_DATE('06/08/2013', '%d/%m/%Y'), '0623/13', 0, 1389749.02); 
insert into alteracion(idcontrato, fecha, normalegalaprobacion, adicionaldeductivo, importe) values ((select idcontrato from obra o inner join contrato c on o.idobra=c.idobra where o.codigo='0002' and o.idorganismo=3), STR_TO_DATE('06/08/2012', '%d/%m/%Y'), '0578/12', 0, 1937.80); 
update alteracion set importe = importe*-1 where importe < 0;

insert into contratoplazo (idcontrato, cantidaddias, nuevafechafinalizacion, normalegalaprobacion) values ((select idcontrato from obra o inner join contrato c on o.idobra=c.idobra where o.codigo='0002' and o.idorganismo=3), 120, STR_TO_DATE('21/10/2009', '%d/%m/%Y'), '0557/08');
insert into contratoplazo (idcontrato, cantidaddias, nuevafechafinalizacion, normalegalaprobacion) values ((select idcontrato from obra o inner join contrato c on o.idobra=c.idobra where o.codigo='0003' and o.idorganismo=3), 16, STR_TO_DATE('31/07/2010', '%d/%m/%Y'), '0850/09');
insert into contratoplazo (idcontrato, cantidaddias, nuevafechafinalizacion, normalegalaprobacion) values ((select idcontrato from obra o inner join contrato c on o.idobra=c.idobra where o.codigo='0004' and o.idorganismo=3), 60, STR_TO_DATE('14/05/2012', '%d/%m/%Y'), '128/12');
insert into contratoplazo (idcontrato, cantidaddias, nuevafechafinalizacion, normalegalaprobacion) values ((select idcontrato from obra o inner join contrato c on o.idobra=c.idobra where o.codigo='0005' and o.idorganismo=3), 240, STR_TO_DATE('11/08/2011', '%d/%m/%Y'), '0690/10');
insert into contratoplazo (idcontrato, cantidaddias, nuevafechafinalizacion, normalegalaprobacion) values ((select idcontrato from obra o inner join contrato c on o.idobra=c.idobra where o.codigo='0006' and o.idorganismo=3), 90, STR_TO_DATE('15/07/2012', '%d/%m/%Y'), '0338/12');
insert into contratoplazo (idcontrato, cantidaddias, nuevafechafinalizacion, normalegalaprobacion) values ((select idcontrato from obra o inner join contrato c on o.idobra=c.idobra where o.codigo='0007' and o.idorganismo=3), 90, STR_TO_DATE('06/09/2013', '%d/%m/%Y'), '0744/13');
insert into contratoplazo (idcontrato, cantidaddias, nuevafechafinalizacion, normalegalaprobacion) values ((select idcontrato from obra o inner join contrato c on o.idobra=c.idobra where o.codigo='0008' and o.idorganismo=3), 60, STR_TO_DATE('01/03/2013', '%d/%m/%Y'), '0047/13');
insert into contratoplazo (idcontrato, cantidaddias, nuevafechafinalizacion, normalegalaprobacion) values ((select idcontrato from obra o inner join contrato c on o.idobra=c.idobra where o.codigo='0011' and o.idorganismo=3), 0, STR_TO_DATE('22/01/2013', '%d/%m/%Y'), '0866/12');
insert into contratoplazo (idcontrato, cantidaddias, nuevafechafinalizacion, normalegalaprobacion) values ((select idcontrato from obra o inner join contrato c on o.idobra=c.idobra where o.codigo='0002' and o.idorganismo=3), 60, STR_TO_DATE('21/12/2009', '%d/%m/%Y'), '0675/09');
insert into contratoplazo (idcontrato, cantidaddias, nuevafechafinalizacion, normalegalaprobacion) values ((select idcontrato from obra o inner join contrato c on o.idobra=c.idobra where o.codigo='0003' and o.idorganismo=3), 60, STR_TO_DATE('30/09/2010', '%d/%m/%Y'), '0201/10');
insert into contratoplazo (idcontrato, cantidaddias, nuevafechafinalizacion, normalegalaprobacion) values ((select idcontrato from obra o inner join contrato c on o.idobra=c.idobra where o.codigo='0004' and o.idorganismo=3), 90, STR_TO_DATE('22/03/2013', '%d/%m/%Y'), '028/13');
insert into contratoplazo (idcontrato, cantidaddias, nuevafechafinalizacion, normalegalaprobacion) values ((select idcontrato from obra o inner join contrato c on o.idobra=c.idobra where o.codigo='0005' and o.idorganismo=3), 120, STR_TO_DATE('27/07/2012', '%d/%m/%Y'), '496/12');
insert into contratoplazo (idcontrato, cantidaddias, nuevafechafinalizacion, normalegalaprobacion) values ((select idcontrato from obra o inner join contrato c on o.idobra=c.idobra where o.codigo='0002' and o.idorganismo=3), 90, STR_TO_DATE('21/03/2010', '%d/%m/%Y'), '1157/09');
insert into contratoplazo (idcontrato, cantidaddias, nuevafechafinalizacion, normalegalaprobacion) values ((select idcontrato from obra o inner join contrato c on o.idobra=c.idobra where o.codigo='0003' and o.idorganismo=3), 30, STR_TO_DATE('30/10/2010', '%d/%m/%Y'), '0432/10');
insert into contratoplazo (idcontrato, cantidaddias, nuevafechafinalizacion, normalegalaprobacion) values ((select idcontrato from obra o inner join contrato c on o.idobra=c.idobra where o.codigo='0005' and o.idorganismo=3), 120, STR_TO_DATE('02/07/2013', '%d/%m/%Y'), '0044/13');
insert into contratoplazo (idcontrato, cantidaddias, nuevafechafinalizacion, normalegalaprobacion) values ((select idcontrato from obra o inner join contrato c on o.idobra=c.idobra where o.codigo='0002' and o.idorganismo=3), 90, STR_TO_DATE('19/06/2010', '%d/%m/%Y'), '0267/10');
insert into contratoplazo (idcontrato, cantidaddias, nuevafechafinalizacion, normalegalaprobacion) values ((select idcontrato from obra o inner join contrato c on o.idobra=c.idobra where o.codigo='0003' and o.idorganismo=3), 90, STR_TO_DATE('31/01/2011', '%d/%m/%Y'), '1230/10');
insert into contratoplazo (idcontrato, cantidaddias, nuevafechafinalizacion, normalegalaprobacion) values ((select idcontrato from obra o inner join contrato c on o.idobra=c.idobra where o.codigo='0005' and o.idorganismo=3), 90, STR_TO_DATE('17/09/2013', '%d/%m/%Y'), '0623/13');
insert into contratoplazo (idcontrato, cantidaddias, nuevafechafinalizacion, normalegalaprobacion) values ((select idcontrato from obra o inner join contrato c on o.idobra=c.idobra where o.codigo='0002' and o.idorganismo=3), 120, STR_TO_DATE('28/02/2012', '%d/%m/%Y'), '0964/11');
insert into contratoplazo (idcontrato, cantidaddias, nuevafechafinalizacion, normalegalaprobacion) values ((select idcontrato from obra o inner join contrato c on o.idobra=c.idobra where o.codigo='0003' and o.idorganismo=3), 60, STR_TO_DATE('31/03/2011', '%d/%m/%Y'), '0243/10');
insert into contratoplazo (idcontrato, cantidaddias, nuevafechafinalizacion, normalegalaprobacion) values ((select idcontrato from obra o inner join contrato c on o.idobra=c.idobra where o.codigo='0002' and o.idorganismo=3), 120, STR_TO_DATE('30/06/2012', '%d/%m/%Y'), '0135/12');
insert into contratoplazo (idcontrato, cantidaddias, nuevafechafinalizacion, normalegalaprobacion) values ((select idcontrato from obra o inner join contrato c on o.idobra=c.idobra where o.codigo='0003' and o.idorganismo=3), 100, STR_TO_DATE('31/03/2012', '%d/%m/%Y'), '0245/12');

insert into certificacion(idcontrato, periodo, nrocertificado, porcentajeavance, montoavance, anticipofinanciero, descuentoanticipo, importeneto, fechavtopago, retencionmulta, otrosconceptos, manoobraocupada) values ((select idcontrato from obra o inner join contrato c on o.idobra=c.idobra where o.codigo='0002' and o.idorganismo=3), '201310', 1, 98.97, 57502428.87, null, null, 57502428.87, '2013-10-31', null, null, 40);
insert into certificacion(idcontrato, periodo, nrocertificado, porcentajeavance, montoavance, anticipofinanciero, descuentoanticipo, importeneto, fechavtopago, retencionmulta, otrosconceptos, manoobraocupada) values ((select idcontrato from obra o inner join contrato c on o.idobra=c.idobra where o.codigo='0003' and o.idorganismo=3), '201310', 47, 97.77, 48561786.31, null, null, 48561786.31, '2013-10-31', null, null, 40 );
insert into certificacion(idcontrato, periodo, nrocertificado, porcentajeavance, montoavance, anticipofinanciero, descuentoanticipo, importeneto, fechavtopago, retencionmulta, otrosconceptos, manoobraocupada) values ((select idcontrato from obra o inner join contrato c on o.idobra=c.idobra where o.codigo='0004' and o.idorganismo=3), '201304', 53, 97.2, 13578801.57, null, null, 13578801.57, '2013-10-31', null, null, 40 );
insert into certificacion(idcontrato, periodo, nrocertificado, porcentajeavance, montoavance, anticipofinanciero, descuentoanticipo, importeneto, fechavtopago, retencionmulta, otrosconceptos, manoobraocupada) values ((select idcontrato from obra o inner join contrato c on o.idobra=c.idobra where o.codigo='0005' and o.idorganismo=3), '201305', 42, 88.15, 45934931.45, null, null, 45934931.45, '2013-10-31', null, null, 20);
insert into certificacion(idcontrato, periodo, nrocertificado, porcentajeavance, montoavance, anticipofinanciero, descuentoanticipo, importeneto, fechavtopago, retencionmulta, otrosconceptos, manoobraocupada) values ((select idcontrato from obra o inner join contrato c on o.idobra=c.idobra where o.codigo='0006' and o.idorganismo=3), '201310', 42, 77.82, 16643460.07, null, null, 16643460.07, '2013-10-31', null, null, null);
insert into certificacion(idcontrato, periodo, nrocertificado, porcentajeavance, montoavance, anticipofinanciero, descuentoanticipo, importeneto, fechavtopago, retencionmulta, otrosconceptos, manoobraocupada) values ((select idcontrato from obra o inner join contrato c on o.idobra=c.idobra where o.codigo='0007' and o.idorganismo=3), '201303', 9, 84.35, 3071129.28, null, null, 3071129.28, '2013-10-31', null, null, 15);
insert into certificacion(idcontrato, periodo, nrocertificado, porcentajeavance, montoavance, anticipofinanciero, descuentoanticipo, importeneto, fechavtopago, retencionmulta, otrosconceptos, manoobraocupada) values ((select idcontrato from obra o inner join contrato c on o.idobra=c.idobra where o.codigo='0008' and o.idorganismo=3), '201310', 1, 99.99, 20513163.78, null, null, 20513163.78, '2013-10-31', null, null, 30);
insert into certificacion(idcontrato, periodo, nrocertificado, porcentajeavance, montoavance, anticipofinanciero, descuentoanticipo, importeneto, fechavtopago, retencionmulta, otrosconceptos, manoobraocupada) values ((select idcontrato from obra o inner join contrato c on o.idobra=c.idobra where o.codigo='0009' and o.idorganismo=3), '201306', 13, 100, 1252000, null, null, 1252000, '2013-10-31', null, null, 10);
insert into certificacion(idcontrato, periodo, nrocertificado, porcentajeavance, montoavance, anticipofinanciero, descuentoanticipo, importeneto, fechavtopago, retencionmulta, otrosconceptos, manoobraocupada) values ((select idcontrato from obra o inner join contrato c on o.idobra=c.idobra where o.codigo='0010' and o.idorganismo=3), '201308', 15, 82.14, 3247131.83, null, null, 3247131.83, '2013-10-31', null, null, 10);
insert into certificacion(idcontrato, periodo, nrocertificado, porcentajeavance, montoavance, anticipofinanciero, descuentoanticipo, importeneto, fechavtopago, retencionmulta, otrosconceptos, manoobraocupada) values ((select idcontrato from obra o inner join contrato c on o.idobra=c.idobra where o.codigo='0011' and o.idorganismo=3), '201301', 5, 100, 1298324.56, null, null, 1298324.56, '2013-10-31', null, null, 15);
insert into certificacion(idcontrato, periodo, nrocertificado, porcentajeavance, montoavance, anticipofinanciero, descuentoanticipo, importeneto, fechavtopago, retencionmulta, otrosconceptos, manoobraocupada) values ((select idcontrato from obra o inner join contrato c on o.idobra=c.idobra where o.codigo='0012' and o.idorganismo=3), '201303', 15, 100, 756899.87, null, null, 756899.87, '2013-10-31', null, null, 10);
insert into certificacion(idcontrato, periodo, nrocertificado, porcentajeavance, montoavance, anticipofinanciero, descuentoanticipo, importeneto, fechavtopago, retencionmulta, otrosconceptos, manoobraocupada) values ((select idcontrato from obra o inner join contrato c on o.idobra=c.idobra where o.codigo='0013' and o.idorganismo=3), '201306', 7, 100, 3998880, null, null, 3998880, '2013-10-31', null, null, 5);
insert into certificacion(idcontrato, periodo, nrocertificado, porcentajeavance, montoavance, anticipofinanciero, descuentoanticipo, importeneto, fechavtopago, retencionmulta, otrosconceptos, manoobraocupada) values ((select idcontrato from obra o inner join contrato c on o.idobra=c.idobra where o.codigo='0014' and o.idorganismo=3), '201308', 9, 64, 2264525.66, null, null, 2264525.66, '2013-10-31', null, null, 15);
insert into certificacion(idcontrato, periodo, nrocertificado, porcentajeavance, montoavance, anticipofinanciero, descuentoanticipo, importeneto, fechavtopago, retencionmulta, otrosconceptos, manoobraocupada) values ((select idcontrato from obra o inner join contrato c on o.idobra=c.idobra where o.codigo='0015' and o.idorganismo=3), '201308', 9, 71.33, 1194793.75, null, null, 1194793.75, '2013-10-31', null, null, 15);
insert into certificacion(idcontrato, periodo, nrocertificado, porcentajeavance, montoavance, anticipofinanciero, descuentoanticipo, importeneto, fechavtopago, retencionmulta, otrosconceptos, manoobraocupada) values ((select idcontrato from obra o inner join contrato c on o.idobra=c.idobra where o.codigo='0016' and o.idorganismo=3), '201304', 3, 100, 2248214.87, null, null, 2248214.87, '2013-10-31', null, null, 10);
insert into certificacion(idcontrato, periodo, nrocertificado, porcentajeavance, montoavance, anticipofinanciero, descuentoanticipo, importeneto, fechavtopago, retencionmulta, otrosconceptos, manoobraocupada) values ((select idcontrato from obra o inner join contrato c on o.idobra=c.idobra where o.codigo='0017' and o.idorganismo=3), '201308', 6, 81.95, 482715, null, null, 482715, '2013-10-31', null, null, null);
insert into certificacion(idcontrato, periodo, nrocertificado, porcentajeavance, montoavance, anticipofinanciero, descuentoanticipo, importeneto, fechavtopago, retencionmulta, otrosconceptos, manoobraocupada) values ((select idcontrato from obra o inner join contrato c on o.idobra=c.idobra where o.codigo='0018' and o.idorganismo=3), '201307', 5, 62.21, 349670, null, null, 349670, '2013-10-31', null, null, null);
insert into certificacion(idcontrato, periodo, nrocertificado, porcentajeavance, montoavance, anticipofinanciero, descuentoanticipo, importeneto, fechavtopago, retencionmulta, otrosconceptos, manoobraocupada) values ((select idcontrato from obra o inner join contrato c on o.idobra=c.idobra where o.codigo='0019' and o.idorganismo=3), '201308', 4, 20.92, 1133270.69, null, null, 1133270.69, '2013-10-31', null, null, 20);
insert into certificacion(idcontrato, periodo, nrocertificado, porcentajeavance, montoavance, anticipofinanciero, descuentoanticipo, importeneto, fechavtopago, retencionmulta, otrosconceptos, manoobraocupada) values ((select idcontrato from obra o inner join contrato c on o.idobra=c.idobra where o.codigo='0020' and o.idorganismo=3), '201308', 3, 100, 921166.68, null, null, 921166.68, '2013-10-31', null, null, 10);
insert into certificacion(idcontrato, periodo, nrocertificado, porcentajeavance, montoavance, anticipofinanciero, descuentoanticipo, importeneto, fechavtopago, retencionmulta, otrosconceptos, manoobraocupada) values ((select idcontrato from obra o inner join contrato c on o.idobra=c.idobra where o.codigo='0021' and o.idorganismo=3), '201308', 1, 19.98, 96400, null, null, 96400, '2013-10-31', null, null, null);
insert into certificacion(idcontrato, periodo, nrocertificado, porcentajeavance, montoavance, anticipofinanciero, descuentoanticipo, importeneto, fechavtopago, retencionmulta, otrosconceptos, manoobraocupada) values ((select idcontrato from obra o inner join contrato c on o.idobra=c.idobra where o.codigo='0022' and o.idorganismo=3), '201308', 1, 33.33, 264800, null, null, 264800, '2013-10-31', null, null, null);
insert into certificacion(idcontrato, periodo, nrocertificado, porcentajeavance, montoavance, anticipofinanciero, descuentoanticipo, importeneto, fechavtopago, retencionmulta, otrosconceptos, manoobraocupada) values ((select idcontrato from obra o inner join contrato c on o.idobra=c.idobra where o.codigo='0027' and o.idorganismo=3), '201307', 4, 36.8129921579212, 249595.4, null, null, 249595.4, '2013-10-31', null, null, 5);
insert into certificacion(idcontrato, periodo, nrocertificado, porcentajeavance, montoavance, anticipofinanciero, descuentoanticipo, importeneto, fechavtopago, retencionmulta, otrosconceptos, manoobraocupada) values ((select idcontrato from obra o inner join contrato c on o.idobra=c.idobra where o.codigo='0028' and o.idorganismo=3), '201205', 5, 76.6153846153846, 149400, null, null, 149400, '2013-10-31', null, null, null);
insert into certificacion(idcontrato, periodo, nrocertificado, porcentajeavance, montoavance, anticipofinanciero, descuentoanticipo, importeneto, fechavtopago, retencionmulta, otrosconceptos, manoobraocupada) values ((select idcontrato from obra o inner join contrato c on o.idobra=c.idobra where o.codigo='0029' and o.idorganismo=3), '201201', 1, 17.5323469473887, 43618.2, null, null, 43618.2, '2013-10-31', null, null, 5);
insert into certificacion(idcontrato, periodo, nrocertificado, porcentajeavance, montoavance, anticipofinanciero, descuentoanticipo, importeneto, fechavtopago, retencionmulta, otrosconceptos, manoobraocupada) values ((select idcontrato from obra o inner join contrato c on o.idobra=c.idobra where o.codigo='0030' and o.idorganismo=3), '201308', 3, 100, 22000, null, null, 22000, '2013-10-31', null, null, null);
insert into certificacion(idcontrato, periodo, nrocertificado, porcentajeavance, montoavance, anticipofinanciero, descuentoanticipo, importeneto, fechavtopago, retencionmulta, otrosconceptos, manoobraocupada) values ((select idcontrato from obra o inner join contrato c on o.idobra=c.idobra where o.codigo='0031' and o.idorganismo=3), '201309', 1, 5, 14300, null, null, 14300, '2013-10-31', null, null, null);
